category,axis,original,freq,canonical,note
MENU,entity,얼그레이 유자 케이크,1,,
FACILITY,entity,주차 공간,1,,
MENU,entity,아메리카노라떼,1,,
ATMOSPHERE,descriptor,아늑하다,103,,
FACILITY,descriptor,깨끗하다,128,,
MENU,entity,초코 디저트,1,,
MENU,descriptor,물리지 않고 맛있다,1,,
ATMOSPHERE,descriptor,예쁘다,59,,
MENU,entity,저당 아바라,1,,
MENU,entity,블렌디드커피,1,,
ATMOSPHERE,descriptor,친절하고 잔잔하다,1,,
FACILITY,entity,워크용 테이블,1,,
FACILITY,descriptor,많다,104,,
MENU,descriptor,유니크하다,1,,
FACILITY,descriptor,개방감이 있다,1,,
FACILITY,descriptor,넓고 시원하며 깨끗하다,1,,
FACILITY,entity,화장실,170,,
MENU,entity,얼그레이유자케이크,1,,
MENU,descriptor,가성비가 좋다,122,,
FACILITY,entity,투썸,1,,
MENU,entity,음료,776,,
FACILITY,entity,자리,157,,
MENU,entity,딸기피치요거놀라빙수,1,,
ATMOSPHERE,descriptor,귀엽고 아늑하다,1,,
TARGET,entity,데이트,106,,
ATMOSPHERE,entity,차분한 감성,1,,
MENU,entity,말차갸또소콜라케이크,1,,
ATMOSPHERE,entity,인테리어,191,,
MENU,entity,케이크,287,,
MENU,entity,게살샌드위치,1,,
ATMOSPHERE,entity,사진 맛집,1,,
FACILITY,descriptor,친절하고 넓다,1,,
MENU,descriptor,고소하다,98,,
FACILITY,entity,4인 자리,1,,
MENU,descriptor,좋다,168,,
TARGET,entity,아점,1,,
MENU,descriptor,부드럽다,87,,
TARGET,entity,동네에이런카페,1,,
FACILITY,descriptor,약하다,1,,
TARGET,entity,만남장소,1,,
MENU,entity,빵,471,,
MENU,descriptor,시원하고 촉촉하며 상큼하다,1,,
FACILITY,entity,도림천 뷰,1,,
FACILITY,descriptor,이용이 쉽지 않다,1,,
MENU,entity,국물떡볶이,1,,
ATMOSPHERE,entity,조용함,141,,
MENU,descriptor,맛있다,6915,,
FACILITY,entity,따뜻한 물,1,,
MENU,entity,라떼,266,,
ATMOSPHERE,descriptor,아늑하고 깨끗하다,1,,
MENU,entity,스테인레스 가위,1,,
MENU,descriptor,은은한 단맛이 있다,1,,
FACILITY,entity,소파좌석,1,,
FACILITY,descriptor,자리가 적다,1,,
TARGET,entity,대화존,1,,
MENU,descriptor,야채가 싱싱하다,1,,
FACILITY,descriptor,힙하다,1,,
FACILITY,entity,좌석,187,,
TARGET,entity,관람,1,,
FACILITY,entity,위층,1,,
FACILITY,entity,캔,1,,
ATMOSPHERE,entity,ccm,1,,
MENU,entity,소프트 소금빵,1,,
MENU,descriptor,맛이 좋다,185,,
MENU,descriptor,과육이 많다,1,,
ATMOSPHERE,descriptor,조화롭다,1,,
MENU,descriptor,식감이 독특하다,1,,
ATMOSPHERE,entity,24시간,60,,
ATMOSPHERE,entity,가게 분위기,1,,
FACILITY,entity,내부,80,,
ATMOSPHERE,descriptor,스타일에 맞다,1,,
ATMOSPHERE,descriptor,분위기가 좋다,71,,
MENU,descriptor,맛이 기대 이상이다,1,,
FACILITY,descriptor,깔끔하다,138,,
MENU,entity,마카롱,140,,
FACILITY,descriptor,편하다,107,,
MENU,descriptor,다양하다,73,,
TARGET,entity,혼자방문,177,,
FACILITY,descriptor,상태가 좋다,1,,
MENU,descriptor,양이 많다,86,,
FACILITY,descriptor,딱딱하다,1,,
ATMOSPHERE,descriptor,좋다,519,,
FACILITY,entity,자리간격,1,,
MENU,descriptor,차갑다,1,,
FACILITY,descriptor,귀엽고 깔끔하다,1,,
MENU,entity,깜바뉴,1,,
MENU,entity,바질향,1,,
FACILITY,entity,칸막이 책상,1,,
ATMOSPHERE,entity,잔잔함,2,,
FACILITY,entity,개인석,1,,
FACILITY,entity,좌식의자,1,,
TARGET,entity,친구,92,,
TARGET,entity,공부하기,83,,
FACILITY,entity,주차지원,1,,
FACILITY,descriptor,좋다,46,,
TARGET,entity,친구와대화,1,,
MENU,entity,라즈베리티,1,,
TARGET,entity,일하러가기,1,,
MENU,descriptor,상큼하고 은은한 향이 있다,1,,
TARGET,entity,청년주택,1,,
ATMOSPHERE,entity,화이트 인테리어,1,,
FACILITY,descriptor,넓고 개방감이 좋다,1,,
FACILITY,entity,3층 흡연실,1,,
ATMOSPHERE,entity,MZ감성,1,,
FACILITY,descriptor,푹 꺼졌다,1,,
MENU,entity,죠리퐁라떼,1,,
MENU,entity,아포카도,1,,
ATMOSPHERE,entity,나무 뷰,1,,
ATMOSPHERE,entity,분위기,1138,,
TARGET,entity,대화,86,,
FACILITY,descriptor,깔끔하고 종류가 많다,1,,
ATMOSPHERE,descriptor,냄새가 별로 나지 않다,1,,
ATMOSPHERE,descriptor,덥다,1,,
ATMOSPHERE,descriptor,싸고 좋다,1,,
ATMOSPHERE,descriptor,좁다,1,,
MENU,entity,소금빵,140,,
MENU,descriptor,진하다,105,,
ATMOSPHERE,entity,음악,152,,
TARGET,entity,애들,1,,
MENU,descriptor,올리브가 많다,1,,
MENU,entity,바닐라라떼,136,,
MENU,descriptor,늦게 나온다,1,,
ATMOSPHERE,entity,음식냄새,1,,
MENU,descriptor,망고가 가득 들어있다,1,,
ATMOSPHERE,descriptor,코지하고 잔잔하다,1,,
MENU,entity,아이스아메리카노,248,,
MENU,entity,고구마계란빵,1,,
ATMOSPHERE,entity,고즈넉함,1,,
TARGET,entity,좋아하는 사람 데려 갈 때,1,,
FACILITY,descriptor,친절하고 깨끗하다,1,,
MENU,entity,아메리카노,399,,
MENU,descriptor,추천한다,1,,
TARGET,entity,공부,104,,
FACILITY,descriptor,넓고 위치가 좋다,1,,
FACILITY,entity,인테리어,88,,
TARGET,entity,전시회,1,,
ATMOSPHERE,descriptor,힐링이 된다,1,,
FACILITY,entity,아기의자,1,,
ATMOSPHERE,descriptor,조용하다,192,,
ATMOSPHERE,entity,초록초록 싱그러움,1,,
MENU,entity,팥빙수음료,1,,
MENU,descriptor,조용하고 맛있다,1,,
FACILITY,entity,매장 시설,1,,
MENU,descriptor,기대와 다르다,1,,
ATMOSPHERE,entity,2층,1,,
MENU,entity,커피,2580,,
MENU,descriptor,진한 맛에 과육이 살아 있다,1,,
ATMOSPHERE,descriptor,뷰가 예쁘다,1,,
MENU,descriptor,따뜻하고 부드럽다,1,,
ATMOSPHERE,entity,사운드,1,,
ATMOSPHERE,descriptor,따뜻하고 포근하다,1,,
TARGET,entity,노트북하시는 분들,1,,
ATMOSPHERE,entity,째즈풍,1,,
FACILITY,descriptor,넓고 쾌적하다,35,,
MENU,entity,솔트카라멜라떼,1,,
MENU,entity,디저트,688,,
FACILITY,descriptor,정신없다,1,,
ATMOSPHERE,entity,아늑함,70,,
FACILITY,descriptor,예쁘다,73,,
MENU,descriptor,놀랍다,1,,
ATMOSPHERE,descriptor,힙하고 깔끔하다,1,,
TARGET,entity,친구와 같이 방문,1,,
TARGET,entity,댕손님,1,,
MENU,entity,게이샤 아이스 핸드드립 원두,1,,
FACILITY,descriptor,구분이 잘 되어 있다,1,,
MENU,descriptor,달다,78,,
FACILITY,entity,테이블,92,,
ATMOSPHERE,descriptor,편안하다,55,,
FACILITY,entity,공간,118,,
MENU,entity,그릭요거트볼,1,,
MENU,entity,버블쉐이크,1,,
MENU,entity,황치즈맛,1,,
MENU,descriptor,치즈가 가득 들었다,1,,
FACILITY,descriptor,넓다,229,,
FACILITY,entity,매장,576,,
