원본_키워드,군집_ID(단어기준)
강아지,287
여자친구,63
인테리어,168
주말마다 가고싶다,31
카페,340
소량으로 판매하는게 아쉬워요,310
가성비,28
매장,186
좌석,291
조명,221
얘기하기,49
매장 분위기,140
따뜻하고 아늑한 분위기,-1
가족들,151
혼자,121
따뜻하고 귀여운 분위기,-1
추천,341
물통,262
자주 방문,31
따스한 분위기,367
조용한 분위기,325
독서,119
캘리,241
테이블,290
재방문,22
미팅,201
공부,80
테이크아웃,27
깔끔한 술 느낌,188
깔끔하다,258
소품,344
정신없다,325
지저분하다,203
딸내미,360
아이들,348
엄마들,250
수다,38
단골,293
가게,186
내부,216
즐길거리,198
백색소음 느낌,325
꽃향기,104
향,298
맛,125
점심시간,54
위생,42
분위기,-1
완전 시원하다,269
맛집,115
포토존,192
깔끔한,258
테이크아웃 손님,27
배달 주문,72
자리,277
자주 사먹기,31
노랗다,284
방문,142
의자,285
차분한 분위기,315
작업하기,159
조용한 카페,261
음악과 공간이 어울리는 조용한 카페,261
작업겸 책 읽기,-1
가성비 카페,44
초록 뷰,313
편안한 안식처,376
여유,164
가게 분위기,140
느낌,364
프랜차이즈 커피,-1
여유롭다,164
뷰 좋다,313
음악 좋다,243
혼커,340
가게 이름,186
마셔보는 재미,138
메뉴,56
꾸릿꾸릿한 날씨,366
환한 카페,261
크리스마스 분위기,111
공간,155
조용하게 이야기 하기 좋다,23
은은한 음악이 흐르는 오후,113
가격,217
전부,204
빨간색 산타클로스 컵,299
운치있다,251
모임,166
음악,265
신발벗는 공간,375
깔끔하고 예쁜 공간,311
아늑한 분위기,-1
혼자 방문하기,52
벚꽃뷰,247
마음의 안식처,376
아기자기한,371
아지트,83
2층,358
깔끔하고 쾌적하다,346
앉아있기 좋다,374
아늑하다,333
신대방역,5
신대방 카페 마스터,6
2인테이블,322
편안한 느낌,370
혼자서,-1
지인들과 함께,319
공간 구석구석에서 느껴지는 배려심,-1
아이,248
산책,165
조용히,312
따릉이 타고 오면 좋다,141
조용하고 아담한,255
반려동물동반,287
냥이 산책,165
에놀라톤,94
개인 일,79
카페공간,339
점심 먹고 커피한잔 타임,54
술마시러 가기,163
조용하다,312
신림역 카페,91
취향저격,97
대화,177
청결,39
책 읽기,120
그림,241
벽지,16
추억의 장소,218
매장 내부,273
테이크아웃 가성비 맛집,26
데이트,176
신대방 인근,-1
조용한곳,312
대화 나누기 편한 장소,23
따뜻한 분위기,367
당 떨어질때,260
숨은 카페,132
나만 알고싶은 카페,20
어수선함,333
커피,281
크렘브륄레,48
커피 디저트 맛집,-1
평온한 분위기,336
분위기 좋다,252
바 테이블,290
아늑함,333
돈이 아깝다,217
테이크 아웃,27
작업하기 좋은 카페,84
조용함,312
청량한 뷰,313
조용하고 아늑한,255
동네,117
크리스마스 인테리어,111
아기자기한 감성,-1
엄마,250
초록초록한 곳,220
화장실,191
아담한 분위기,295
따듯한 느낌,362
동네 커피숍,302
아늑한,333
혼잡하고 복잡하다,203
이용하기 좋다,297
채광,359
기분전환,337
책읽다오기,75
불편하다,301
동네산책,165
임테리어,353
커피 배터지고 싶을때,226
출출할 때,37
대화 나누기,160
친구 기다리기,237
가족,151
꽃,247
화분,220
나른한 기분,369
브런치,324
깔끔하고 분위기 좋은,188
얘기,49
대학동,69
인스타 감성,106
포장주문,345
디저트,129
둘이서 먹기,171
간단한 음식,136
동생 생일,-1
여자친구 생일 선물,63
창문,219
입가심,181
24시간 카페,144
출퇴근길,37
2명이 한 번에 먹기 좋은 크기,171
자주 오기,31
향이 좋은,298
동네 커피 맛집,131
남자친구,63
인테리어 소품,344
주문할 의사,72
선곡센스,47
작업,159
카페 내부 인테리어,-1
안쪽 자리,227
바깥쪽 자리,227
둘이 한번에 먹기 딱 좋은 사이즈,171
신대방카페,6
별도 좌석,285
폰 충전기,297
행복하다,318
감격스럽다,326
따뜻하고 편안한 분위기,-1
무언가에 집중하기,12
아기자기 예쁘다,-1
혼자 집중해서 공부하기,66
카공족,208
물복파,262
작업하기 좋다,292
집중도 잘 되다,12
수다떨기,38
레트로한 감성,99
공부하기 좋다,81
혼자 오기,52
데이트 코스,175
생일기념,304
비쥬얼,258
콘센트,79
자유로운 분위기,336
노트북하기,169
카페 내부,339
예쁜 곳,231
음악선곡,47
펑키 알앤비,221
재즈 음악,-1
기분좋아지는 장소,116
생일,304
조용한 편이 아니다,312
공부하는 자리,32
일반 자리,375
기분이 좋아져,338
환경,40
빈티지한 분위기,240
여유를 즐기고 싶을때,350
혼자 가기,53
독서실 느낌,74
"공부, 작업하기에 최적화",81
카공,208
반려동물 동반,287
1인 자리,317
커피 마시러,226
빈티지 느낌,240
행복한 분위기,253
혼자만의 시간,24
칸막이 좌석,10
스터디카페,67
할일하기 좋은 카페,84
안락한 공간,333
노트북 하기에 좋다,169
경치,40
아기자기하다,371
와이파이,276
소란스럽지 않음,103
작업하기 좋은 공간,292
디저트 종류,129
겨울 느낌,111
친구들,347
1인석,317
집중하기,12
카페 인테리어,-1
운동,133
조용한,312
공부하기,80
친구추천,341
루프탑,182
화장실 거울,191
노트북 작업,170
1인 좌석,317
일하기,159
애들,349
노트북 하기 좋은 카페,84
혼자서 앉아서 집중할 수 있는 자리,-1
여럿이 이용할 자리,-1
바깥을 볼 수 있는 공간,375
편안한 공간,375
귀엽다,373
좋다,297
아기자기하고 귀여운 분위기,356
친구,347
아기자기한 분위기,356
1인좌석,317
4인 좌석,-1
힐링하기 좋은,268
스트리츠만의 감성,112
남자친구 생일 케이크,62
방문하고 싶은 집,142
공부하러,80
고소하다,257
텁텁하지 않다,103
책읽기,120
카페에서 커피랑 디저트,-1
인스타 감성카페,85
정감이 있는 공간,375
혼자놀기,53
뷰,313
여유와 커피를 즐기러 가실분들,226
집에서 시켜먹기,25
시원하다,269
편안한 곳,376
쉬는날,126
대화하기,177
편안한 카페,261
공부하기 좋은,81
분위기 좋은,252
독사실,219
카페 중간 느낌,330
혼자 공부하러 오기,66
음료 맛집,179
스몰토크,248
가방,345
구경하기,138
기분이 좋아지는 카페,135
동네카페,302
배경,109
애견동반,287
디저트 맛집,129
카페 분위기,330
커피 향,104
공부하기 좋은 카페,70
편안한 분위기,336
업무 보거나 공부하기,-1
불쾌하다,301
분위기 있는 뷰,313
칸막이,10
분위기 좋은곳,252
담소나누기,160
카독하기,119
눈치 안 볼 수 있는 분위기,-1
시끄럽지 않은 노래,103
작업하기 좋은 분위기,292
백색소음,325
음악 분위기,-1
일,209
혼자 커피 즐기기,127
작고 아기자기한,372
실내,216
쉬기 좋은 좌석,374
깨끗하다,39
가게 내부,273
재밌다,198
색다르다,-1
기분이 좋다,326
편안한,365
혼자 집중하기,66
대학동 카페,70
독서실,-1
최애 카페,68
커피를 마시는게 취미,226
드립커피에 대한 관심,91
혼자 공부,66
테크아웃,27
사랑방 같은 곳,286
갈 곳,161
카페용품 구경,340
출근,37
테이크아웃 잔,27
좋은 분위기,252
산책후,165
혼자 온 손님들을 위한 석들,96
쉬다 가기 좋은 카페,134
부담이 없는 가게,336
해피모드,253
창,-1
노트북 쓰기,170
수다 떨기,38
책 보기,95
벚꽃,247
차분한 음악,110
시간 보내기,189
아텐도 신림카페,91
창가 좌석,174
제일 좋아하는 카페,128
가다,-1
차분하고 깔끔한 분위기,188
강추,342
한끼,137
인기맛집,115
크리스마스 케이크,236
재방문 의사,22
스윗하다,38
책상,182
1인테이블,321
2-4인 테이블,322
햅삐,277
수다떨러,38
혼자 와서 공부,66
디자인,299
이야기 하러 오기,195
잔잔한 분위기,114
커피 마시기,213
작지만 알찬,-1
친구랑 얘기 나누기,13
업무하기,159
포장하러 처음 방문한 카페,128
혼자 있기,121
이야기하기,49
주차,101
감성카페 느낌,85
조용하고 분위기 좋다,295
노트북 잠깐하기,169
애정하는 장소,218
고급스러운 느낌,206
간단한 식사대용,136
리모델링,168
예쁘다,232
떠들기,33
아늑한 느낌,363
신림 카페,91
아텐도,91
쾌적하다,15
벽걸이,16
편안하다,365
평화롭다,295
혼자 책보러 오기,244
소중한 공간,311
디저트카페,-1
방문 예정,142
위치,156
룸,155
다양하게 있어서,57
로스팅머신,155
룸카페,340
연인,234
seats,291
noise level,202
study,76
깔끔한 분위기,188
데이트 장소,176
더운날 잠시 머물기,271
프라이빗 카페,224
시간보내기,189
혼자 컴퓨터 작업,87
감성,86
빈티지느낌,240
옛날느낌,240
가족끼리 brunch,151
충전기,297
안락하고 편안한,333
맛있는 커피 마시고 싶을 때,226
신 거 좋아하시는 분,294
좋은 카페,331
우드우드한 분위기,279
따뜻한 느낌,362
편한 소파,29
힐링되는 공간,254
건조기,354
주말,100
한끼식사,137
근처 사시는분들,45
서울대 느티나무 카페,229
힐링,267
담소,160
아기자기,371
느티나무 카페,229
학생들,235
저렴하다,217
넓은 곳,323
신림동,9
사랑방같은 공간,286
조용,312
아늑,333
감성적인,86
동네 카페,302
동네 주민들,117
따스한 공간,333
동네힙플레스,288
빨래방,191
공부하실 분들,71
수다 떨고 싶은 분들,3
교내 카페,190
신림에서 누굴 만날때,9
감성있는,86
한 줄기 빛,178
점심,54
오리지날,196
더워서,366
최악의 커피숍,-1
조용하고 깔끔하다,255
독립적인 공간,224
흑백데빌 분위기,325
기분,327
장소,156
스피커,202
쉬고 가기,126
프라이빗한 카페,224
오래된 느낌,240
소개팅,201
친구와 얘기 나누기,13
비오는 창가,148
따뜻한 차,179
고즈넉한 시간,350
아담하고 이쁘다,372
마스코트,324
디저트류,129
운동 후,133
친구와 함께,347
에코포장,345
구입,199
프라이빗한 느낌,224
카페 1위,340
특별한 날,112
프라이빗한 공간,224
힙한 곳,18
보조테이블,290
아지트 느낌의 카페,-1
대화하기 좋은 분위기,145
Plugs,305
comfy space,375
study days,76
분위기좋은카페,331
주차공간,101
커피 맛집,131
신림동 드립커피하는 곳,91
프라이빗,224
소품사진 찍기 좋은 공간,34
기분 나쁜 곳,116
집근처,45
입안이 깔끔하다,258
조용하고 아늑하다,255
신림,9
커피 싸게먹기,-1
재방문의사,22
최애 커피숍,68
혼자 음악들으러 오기,52
같이 주문,72
포토스팟,192
혼자 와서 책읽기,244
커피 마니아,-1
스페셜한 커피,-1
아기자기하고 차분한 분위기,356
교회 청년부들,167
단골 카페,17
바테이블,290
여러명이서 가기,171
혼자가기,53
다락방 온 느낌,4
조용한 공간,312
감성적인 카페,328
보드게임,215
지인들과 오기,319
혼자 오는 분들,96
단체.5명 이상 만남의 장소,153
방문하고 싶은 매장,143
까페,-1
좌석들,291
단체 모임,166
디져트,129
커플끼리,233
이야기 하기,49
이야기 하기에 좋다,146
혼자 책 보러 오기,244
칸막이 자리,10
친구들이랑 오기,-1
프라이빗한 장소,224
예쁜 까페,309
이야기 나누기,160
세련되면서도 레트로한 느낌,99
조용하게,312
대화하기 좋은 장소,23
시끄럽다,203
쾌적한 느낌,370
깔끔한 카페,261
아담한,257
얘기하러오기,195
힙하다,288
자주 이용,30
대학동 맛집,69
아이와 함께,343
가성비 끝판왕,28
신림지점,1
봉천,228
나무뷰,314
사진찍기,34
구매하기,199
오픈런,90
웨이팅,201
테라스석,264
테라스,264
감성 카페,85
11시 전 우체국 빵집 직행,61
줄서서 먹기,126
동네 아지트,83
야외 테라스,264
연중무휴,144
분위기 좋은 카페,331
모임장소,153
커플,233
단골카페,17
쾌적한 공간,-1
커피 아지트,-1
지인,319
친구 만나러 갈때,238
찐 맛있는 빵집,108
더워진 날씨,366
발걸음이 더 가벼워지는 느낌,-1
계단,273
가족끼리,151
커피 좋아하시는 분들,197
가성비 좋은 카페,44
맛있어서 가게 된다,107
건강한 맛,125
엄마의 아아,250
신림카페,91
혼자 운영하는 빵집,61
혼자 운영하는 만큼,122
배경음악 소리,109
줄서기,126
적막한 느낌,114
공부하러 오는 학생들,194
아기자기 예쁜 모양,-1
지하1층,157
공부하는 분위기,11
구석진 자리,178
소곤소곤 이야기하기 좋은 분위기,145
동네맛집,117
공부하는 사람,71
집중하기 좋은 장소,12
손님 대접,139
빵집,61
색조합,283
모양,-1
위생적이다,42
부모님 선물,275
어머니 생신,304
건강한 느낌,370
선물,303
이쁘게 생겼다,232
노래 소리,242
집중하기 좋은,12
부모님,275
홈파티,304
직원들,205
업무,159
귀여웠다,-1
동네 맛집,-1
지하,157
이쁘다,232
선물용,303
공부하시는분들,71
대학동 엔젤,69
위생면,42
선물 고민,303
자주 방문할 예정,31
어머님,278
혼자 점심,25
청결함,39
따스한 장소,333
반미맛집,115
공부 하는 분들,71
병실 사람들,263
힙한 베이커리,288
맛있다,107
넓다,323
예쁜,232
원데이 클래스,-1
투썸,1
무난한,259
오래 머무르기 좋다,271
충전하기 좋다,297
눈치 주는 분위기,222
아내,276
조곤조곤한 분위기,-1
간식,130
소품들,344
오래 머무르기,271
생일축하,304
난곡동맛집,193
마카롱선물,-1
직원들이랑,205
대학동 분위기,69
좋은 공간,311
장사,168
난방,90
저녁에 칵테일 마시러 가기,150
딸,360
저녁식사,150
편하게 얘기 나누기,146
소파,29
디저트 카페,-1
어르신,278
아가,-1
왕 강추,342
카페 달쓰브릿지,-1
Twosome place,-1
편안한 자리,375
아기자기한 인테리어,355
복장,182
실내석,216
특별한날 선물 또는 답례품,303
혼자 커피 마시러,127
다둥이들,305
귀엽고 예쁘다,373
행사때 구입하기 좋은 것,303
멋지다,251
예약서비스,-1
야경,138
저녁,150
책읽으러,75
펍같은 느낌,21
보기좋다,313
설날 선물용,303
또 갈께요,143
쇼파자리,29
다른 메뉴,56
시끄럽지 않다,103
단체,166
색깔,283
사진,34
혼자 먹기,25
메뉴들,56
사진찍기 좋다,34
공부하기 좋은 곳,81
남구로,-1
작은가게 감성,-1
플레이팅,-1
패키징,345
피규어,371
할로윈 테마,35
테라스 존,264
쿠킹클래스룸,147
할로윈 분위기,35
에어컨 바람,274
포토존 공간,192
전신거울,191
음료랑 같이 먹는 것,163
예쁜 포토존,192
재미,198
베이킹클래스,147
조용히 따뜻한,255
일기,209
계획,137
이쁜곳,231
카페분위기,330
티타임,282
구경하는 재미,138
사진찍기 좋은 장소,34
투썸플레이스,1
조카,-1
추워요,280
햇살,223
강강추,342
대기의자,-1
캘린더,209
커피를 좋아하시는 분들,197
기분좋은 느낌,364
인스타 갬성,106
할머니,278
버스타기,-1
간얼음,280
기분좋아지는 카페,135
안가고 싶다,301
매장 이용,186
남학생,63
간단한 작업하기,159
또간집,293
빽다방 스탬프 모으기,64
동네 카페탐방,302
카페인 충전,225
쿠폰 모으기,64
편한 배경음악,110
편하게 쉬기,374
조용히 있다가기,312
편안함,365
커피 좋아하는 사람들,197
어두운 느낌의 분위기,325
어두운 조명,178
재방,22
가성비 갑,28
매장내부,273
조용한 바같은 분위기,325
깨끗한 매장,41
카페인 땡길때,225
커피 테이크아웃 맛집,26
커피를 좋아하는 분들,197
커피 테이크아웃,26
재즈,-1
좌석간 거리,36
퇴근길,37
커피맛집,131
가게 인테리어,168
자연대 28동,359
건물 로비층,185
야외 테이블,285
휑한 느낌,325
아이 러브 플랙,-1
테라로사,264
동네에 있는 카페,302
재즈 노래,-1
키오스크,199
엄마랑 자주 가는 것,250
혼카페,340
친구랑 대화,13
벚꽃 뷰,247
커피사먹기,213
왕 추천,341
따뜻한,359
3살 아기,248
음료,179
재미있다,198
또 가고 싶은 느낌,143
빽다방,64
매장 인테리어,168
버스정류장,101
담번,160
단둘이,171
다른 맛 버터샌드,56
개성주악,123
식사,137
K-디저트,129
기분좋은 소비,327
세련되다,207
인형,371
단골집,293
선물세트,-1
필수코스,175
아기자기하고 귀여워요,371
곰팡이 냄새,200
2층 공간,358
보냉팩,90
2층 분위기,358
위층 좌석,184
가야할 곳,161
전체적으로 디저트들이 달지 않다,129
가성비좋은 커피맛집,131
달달한거,212
가는곳,161
조용하고 아늑한 분위기,295
시간을 보내기 좋은 곳,210
가보세요,161
기분좋다,326
뽑기 이벤트,65
노래,242
작지만 알차다,-1
일볼 때,159
답례품,303
젊은 분들,167
갬성,124
독특한,168
깔끔,258
선물하기,303
꿀가게,108
커피한잔하기,226
더벤티 매장,285
통유리,7
근처 사시는 분들,45
어린이집 생일파티,-1
소소한 선물용,303
위린이,42
주차장,101
세미나 할 수 있는 공간,152
주차시설,101
멋진 카페&바,309
해장,150
나들이,-1
이야기,49
오붓하게 얘기하기 좋다,146
단거,294
트리,263
두런두런 얘기하기 좋은 분위기,145
집 근처,45
디저트타임,129
우리들만의 아지트,83
레트로 갬성,99
따뜻한 우드 인테리어,93
다이어트,55
체형 유지,55
건강을 위한 식단,130
집중 최고치 쌉가능,12
아이패드,-1
토핑,48
베이글,147
1층,183
가볍게 먹을 수 있다,272
신림점,1
잔잔히 흐르는 음악,113
정성이 느껴지는 카페,328
혼밥,-1
상가,-1
휭한 느낌,364
고급스런,206
연극,-1
코스,175
운동가기전,133
책읽으며 커피한잔하기,213
입구,181
놀러가기,-1
식사대용,136
관악아트홀,8
관악중앙도서관,8
조용한 편,312
대화하러 오시는 분들,194
가볍게 먹기,272
건물,185
종류가 많다,57
공간자체,155
관악도서관,8
픽업,72
들러서 먹고 가기,133
최강타워,68
스트레스 해소,267
사랑스러운 분위기,-1
골목 카페,306
저녁 가볍게 먹고싶을 때,272
진한건 좋아하는 분들,212
할로윈느낌,35
인스타사진 찍기,106
크리스마스 가족 파티,111
건강,130
혼자서 브런치,25
위생쪽으로 철저하다,42
식이 조절,55
건강한 디저트,129
어른들,59
디저트맛집,129
배달,72
인스타사진,106
한끼 식사,137
아기,320
온라인 판매,199
신림역,9
입문자,181
애정러,218
깨끗한 유리잔,39
감각있는 접시,354
다음에 또 가고 싶다,143
색다른 커피,281
건강식,130
양이 적다,310
강력 추천,341
커피 전문점,-1
힐링하는 기분좋아지는 공간,254
빵,61
혼자 시간 때우기,24
테이크아웃 전문 점,27
귀여운 냥냥이 사진,165
힐링스페이스,268
고급 바,105
열공,208
집중하기 좋은 분위기,11
스터디존,77
노트북,170
모던하고 고급스러운 분위기,188
휴식,126
찾아올만한 가치가 있는 곳,162
얘기를 하거나 간단한 노트북 작업,170
좌석간격,36
콘센트자리,79
동네빵집,58
고양이 키우는 친구집,287
여유있다,164
공간이 넓다,323
밝은 분위기,-1
공부하는 사람들,71
아침식사,173
여유를 느낄 수 있는 공간,-1
혼자 시간 보내기,24
눈치 보이다,222
빵사러,61
주말아침,100
불금,-1
아침,173
행복,318
층,183
신선한 느낌,362
아침 배드민턴 대회,173
혼자 작업하기,122
집에서 1분 거리,45
즐거운 느낌,364
동네의 보석같은 빵집,58
존맛탱,-1
테이블간 간격,-1
엉니,278
할리스,193
포장박스,345
생일 기념,304
다음에 또 가려고요,143
담소 나누기,160
고소한 빵내음,60
모든 메뉴들 도장깨기,56
공부 분위기,11
지하층,157
혼자 사 먹기,25
친구와 오기,-1
위생적,42
공부족,80
집중,12
동네 최애 빵집,58
대천,228
신년카드,111
귀요미,305
디저트 고르기 좋은곳,129
기념일 케이크,62
시끄러운 밴드 음악,203
간편하게 먹다,136
당충전용,260
서울대입구,181
흡연실,219
종류 다양함,57
공부하러 가는 곳,80
1인 빙수,321
2인 빙수,321
예약,-1
어른들 디저트 선물,129
아기자기 한 매장,371
가끔 방문,-1
락스냄새,200
어린이집 선생님들,275
상큼하다,-1
핫플,18
빵맛집,61
제스스럼없이 가는 카페,-1
테이블 간격,-1
여러명,171
혼자 가서 작업,122
회의하기,152
사장님 철학이 느껴지는 곳,21
조용하고 한적한,335
매일 마시기 좋은 카페,128
참새방앗간같은 곳,368
잔잔한 노래,113
넓은 공간,323
1.5도씨,-1
리필스테이션,168
재미나고 신기한것,198
원두향,307
조용한 음악,110
구경,138
잔잔한,113
따뜻한 곳,-1
사랑방,286
조용히 책 읽기에 좋다,73
동네 주민,117
조용한 매장,312
제로웨이스트 카페,-1
제로웨이스트샵,-1
양모로 만든 키링,43
우리동네 핫플레이스,18
2층단독건물,193
리필샵,168
비건제품,16
제로 웨이스트샵,-1
가게 넓다,323
힐링타임,-1
더워요,366
에코라이프를 실천하기 좋은곳,268
주방,90
남자화장실,191
조리공간,186
와플기계,-1
더럽다,203
오지마세요,301
입구쪽,181
늦게까지 여는 카페,134
"2,3층 매장",357
3층,184
젊은층 모임장소,153
흡연실 창문,219
커피마시기,213
음악소리,242
폭풍수다,38
느긋함,374
이용객,139
방문하기 좋은곳,162
"2,3층",357
시끄러웠던,203
여자화장실,191
인스타샷,106
여자분들,-1
매징,201
거울,191
사진 찍기 좋은 장소,34
신림역카페,91
대형카페,105
흡연장,219
고급진 분위기,206
통유리 카페,7
친구랑 얘기하기,13
담배냄새,200
단거 좋아하시는 분들,294
엄마들 모임,250
혼자와서 공부하기,66
매장 안,273
외관,168
내관,216
흡연실 있는 카페,219
쾌적함,15
매장분위기,140
기분 좋은 빵집,108
소소하게 빵 먹으러,61
기분 좋은 곳,116
1인가구,321
삭막한 동네,312
1인 가구,321
서림동 맛집,332
단골빵집,61
우리동네 빵집,58
식감,86
뒷맛,130
기분좋아지는 곳,116
책 보러 가는 것,75
한적함,334
적당히 넓다,323
혼자서 과제하러,66
창가 자리,174
큰 창,-1
푸릇한 뷰,313
넓은 개방감,308
매력있고 힙한,289
커피만 먹으러 오는 것,127
바형식 자리,277
혼자와서 작업하기,122
커플이랑 친구들이랑,347
디저트 먹으러 방문하기,133
작업러들,159
음악 선곡,47
작업실같은 분위기,292
공부나 작업할 카페,70
흡연 구역,219
감성적인 분위기,86
따뜻하고 아늑한 느낌,363
고풍스러움,279
스탠리 컵,299
모던 분위기,188
대화형 앤틱,177
깔끔함,258
여자 화장실,191
센스가 가득한 카페,329
선곡,47
아기자기한 인형들,371
편한 카페,261
세련된 인테리어,207
기분 좋은 사람들의 말소리,327
이쁘고 힙한 카페,288
얘기 나누기,160
오미자차,37
고급 카페,105
휴양지 인테리어,168
비오는날 분위기 좋은곳,141
엔티크한 가구,239
세련된 조명,207
넓고 쾌적한,-1
희망 같은 곳,368
에어컨,274
앤틱가구들,239
라탄조명,221
안,227
곳곳,156
대왕 곰돌이,371
6-7인석,-1
감각적,86
단체모임,166
깔끔하고 정돈이 잘된 느낌,188
친절한 카페,261
근처에 사시는 분들,45
테이크아웃 포장,27
찻잔,180
카페안,340
사진찍기 좋은,34
친구랑 오기,-1
사진 찍기,34
친절함,19
이벤트,65
홀더 디자인,299
봄맞이 기분전환,337
컵홀더,299
알록달록한 곳,-1
가성비 좋은,28
아이 사진찍기,34
늦은 시간,246
바깥 자리,227
색감,283
가볼만하다,162
아이스크림가게를 닮은 비주얼,273
해장 음료,150
화려한 간판,308
감성있는 매장 음악,-1
미국 온 느낌,98
케이크 추천,236
널찍하다,259
알록달록,-1
원두맛,307
기분좋은,327
이야기나누기,160
조용하고 분위기 있게,295
차 한잔 마시기 좋은 장소,149
대화하러 가기,195
아지트 같은 느낌,92
내부 인테리어,168
차마시기,149
아기자기한 식물들,-1
감성카페,85
멍,16
다른 색들의 나무랑 하늘로 갈아입은 풍경,148
사색,151
혼자 가서 집중하기,66
아늑한 카페,261
따뜻한 자연광,359
아늑한 쉼터,-1
감성적,86
딸들,360
혼자 갈 카페,127
커피 향기,104
창가 쪽 자리,174
조용하고 쾌적하다,255
혼자 작업하는 사람,122
과외,227
특별한 곳,112
혼자 와서 책 한 권 읽기,244
특유의 분위기,112
책 읽으러 오기,75
바깥 보면서 멍 때리기,16
작업하는 사람들,-1
우드 톤 인테리어,93
혼자 오시는 분들,96
디박,300
bar 테이블,290
바깥 풍경,148
차분한 지브리 음악,0
공부하러 오신 분들,194
혼자 노트북하기,87
고요함,312
창가,174
나무 뷰,314
애정하는 곳,218
피아노 음악,265
초록뷰,314
창가자리,174
엘리베이터,274
창밖 풍경,148
조용하고 평화로운 분위기,295
디지털 디톡스,55
흐르는 음악,113
식물,353
싱그러운 느낌,369
힐링 플레이스,268
평온한 시간,350
고즈넉한 분위기,279
차분한 노래,110
혼자 힐링하러 오기,24
아늑한 공간,333
풍경,270
책읽고 글쓰기,-1
피아노음악이 흐르는 카페,266
좋은 곳,311
편안한 음악,110
잔잔한 지브리 감성,0
혼자가서 작업,122
창 밖 풍경,148
평온함,-1
최애카페,68
혼자 생각정리하기,23
지인들,319
혼자있는 손님,-1
배경음악,109
손님들,139
밤,-1
곳,156
자명종 시계,189
책읽으러 오기,75
한적한 카페,261
편한 느낌,370
간판,-1
여유로움,164
혼카,340
힐링 타임,-1
혼자오기,52
연인사이,234
운치,-1
한적하고 분위기 좋은,335
조용할 때,312
탁 트이는 큰 창문뷰,-1
잔잔한 지브리 음악,0
잔잔하고 아늑한 분위기,114
고요한 분위기,325
생기가 도는 느낌,369
벚꽃길,247
지하철 소리,102
차분한 진우드톤의 인테리어,93
한적한 주말 아침 같은때,100
친구랑,347
한적하다,334
시원한 에어컨 바람,274
지브리 감성,0
힐링하러,267
개방감,308
전철 지나가는 소리,102
노을질때,-1
자주와야겠다,31
식기,354
2층 연습실,358
잔잔한 느낌,114
포근한 느낌,363
차분한 감성,308
잔잔한 음악,113
가구,154
기차가 보이는 것,-1
혼.카페,340
고즈넉하고 쾌적하다,346
작업하러 오기,159
가까워서,45
바닥,157
크리장식,168
행복한 시간,-1
유치원,-1
애견카페 데이트,82
같이 놀고 데이트하기,176
애기들,349
냄새가 거의 없다,200
애견카페,82
놀이터 대신,136
친절하다,19
실내데이트,-1
강아지카페,82
즐거운 시간,-1
재밌는 시간,-1
힐링할 수 있는 공간,254
반려견과 함께 온 손님들,287
친구 강아지,287
깨끗한 환경,39
기분좋은 방문,141
강아지들,287
반려견,287
귀여운 애기들,349
시설,185
힐링 하는 곳,268
칭구들,305
재밌게 놀다,198
블랙인테리어,94
강아지랑 놀 수 있다,287
애견 카페,82
강아지들과 즐거운 시간,287
지상낙원,182
냄새가 안 나다,200
독특하다,168
청결 상태,39
냄새,200
타로이벤트,65
타로 이벤트,65
깔끔하고 넓다,346
유치원 정기권,-1
힐링장소,268
편하게 볼 수 있는 공간,375
강아지 유치원,287
기분 좋다,326
친구끼리,347
강아지 좋아하시는 분들,287
첫 방문하시는 손님들,139
카페 이용,340
견주분들,-1
귀여운 아이들,349
귀여운 아가들,349
독특하개,168
공사,159
강쥐,88
캠핑 분위기,253
귀염둥이들,305
사랑하는 내새꾸,218
유치원 온 아가들,349
깨끗하고 귀여운 강아지,287
아늑하게 꾸며놓아서,333
신림 남바완 도그카페,91
강아지 카페,82
귀여운 동네,117
소소한 간식 메뉴,130
나른한 오후,351
야외 의자,285
사무실 근처,46
감성있는 카페 분위기,328
고소한 맛,298
달콤한 맛,298
벤치,285
스탠딩 테이블,-1
더위,352
추위,280
야외 자리,285
개성 있는 메뉴들,123
멍때리기 좋은,16
브랜딩,324
가족모임,166
커피 잘 아시는 분들,197
청량한 느낌,308
쉼터 같은곳,368
담소 나누는 시간,160
가을 햇살,223
하루가 행복하다,318
커피 클래스,281
멋진 에스프레소바,-1
편하게 쉬다갈 수 있는 곳,368
사장님의 친절하고 유쾌한 설명과 대화,21
정신 사나워서 못있을 정도,325
팝콘냄새,200
야식,150
이용하기,199
소리,242
자취생,71
학생,235
24시간,144
더운날,351
잘 생겼다,232
공간 공기,155
특이한 감성,112
도림천 뷰,2
생일파티,304
모던하고 차분한 분위기,188
층고,183
애견동반카페,89
강쥐맛집,88
여유롭게 시간 보내기,350
사진 맛집,115
데이트코스,175
발렌타인기념일,304
반려견과 함께 방문,287
소파좌석,29
좋은 시간,246
핫플레이스,18
코알라,300
개딸,360
고즈넉한,279
주차 공간,101
비주얼,258
감각적인,86
할로윈데이 꾸며놓은 것,35
좋은 노래,243
할로윈 꾸며놓은 것,35
반려동물,287
대형트리,263
도림천,2
애견동반손님,287
쇼파,29
할로윈 시즌,35
힙한,288
이쁜카페,309
할로윈 컨셉,35
애견 동반 카페,89
코아르,300
할로윈 느낌,35
테블릿,170
쇼파좌석,29
강아지와 함께 방문하기,287
무채색 감성,78
강아지 전용 좌석,287
강아지 데리고 오기,287
가족들이랑 방문,287
멍멍이,16
첫인상,139
블랙 무드의 분위기,325
아지트 삼기,83
음료 마시기,163
한적한 느낌,335
도림천뷰,2
귀여운 카페,118
둥이들,305
무채색,78
블랙 인테리어,94
비 오는 날,141
정성스런 선물,303
핑크 대형인형,371
비 오는 날 기분 좋은 방문,141
포장,345
긍정기운,337
행복기운,-1
캘리그라피,241
느낌좋은,364
아기자기한 장소,356
아기 외출,320
남편이랑,276
안양천,227
가족선물,-1
친구선물,347
아기자기하고 예쁜 카페,118
한여름,352
책읽고 대화하기,120
위스키 맛보기,138
자주 갈 것 같다,31
낭만 가득한,196
병원 근처 카페,302
컴포즈,44
가끔 들러요,33
아주 작은 커피점,118
운동전,133
안에서 주문하는 것,72
카운터,209
조아용,172
세모디,38
위생적이고 깨끗하다,42
시장볼때,138
조아요,172
외부 인테리어,168
시장 구경,138
신랑,276
1인 방문,52
단체주문,345
와플 맛집,-1
디저트집,129
더운 오후,351
진쯔 느낌,364
코스터,300
미감 좋은,364
아지트 느낌,92
평온한 여름날,350
혼술,203
둘이 가면 더 좋은 카페,-1
보드게임 카페,215
오락기,-1
다트,83
가족데이트,176
초4아이,28
아나로그 감성,78
다양한 모임,166
쾌적한,15
아빠,361
최신식은 아니라 설명찾기 좀 어렵지만 게임도 많고 조아용,198
보드게임카페,215
게임,214
가성비 좋은 보드게임 맛집,215
방,155
미니 선풍기,290
포켓볼,214
패드,-1
게임기,214
게임시설,-1
시끄럽고 난잡하다,203
깨끗한 편,39
다트게임,83
레트로 게임,99
함께 할 생각,72
벽,16
포켓볼 게임기,214
컵,299
공기,155
묵직하고 향이 좋다,298
주변,40
깔끔하고 세련된 매장,41
한산함,335
눈치,222
눈빛,223
종종오는 카페,128
남자친구 집,63
담곰,160
인스타 느낌,106
혼자서 책 읽으러 가는 곳,245
친구랑 같이,347
깔끔한 느낌,188
감각적인 카페,329
시끌시끌하다,203
혼자 작업,122
내부인테리어,168
테이블간격,-1
고즈넉한 느낌,279
또 가보고 싶은 곳,143
혼자 노트북 들고 오기,87
최애커피,68
차분하다,256
커피타임,282
무채색의 깔끔함,78
벤치 의자,285
카페 안,340
커피 가격,281
생각하러 오기,195
사람 많다,263
멋진 카페,309
배경 음악,109
부모님과 아이,276
여기,156
통창,7
대화하기 좋은 곳,23
인스타용 카페,85
산미 있는 거,98
부담없이 먹기 좋다,-1
힐링되는 분위기,253
만남의 장소,153
화사한 분위기,367
모임 장소,153
대학 대학원 분들,71
직장인들,-1
아름다운 공간,311
우아한 레스토랑 분위기,-1
유럽풍의 깔끔함,188
화실,220
아빠랑 같이 오기,361
새로운 공간,-1
단체석,-1
연인끼리,234
조용히 힐링할 수 있다,374
아이와 가기 좋다,343
성인,59
초등 아이들,348
드로잉체험,198
데이트할 곳,176
시간 보낼 곳,210
편하게 페인팅할 수 있는 곳,-1
어른,59
신림원데이클래스,-1
딸아이와 베이브릭 만들기,343
좋은 추억,249
넓고 쾌적한 공간,-1
취미생활 클래스,97
화실 분위기,220
아뜰리에,97
신림데이트,9
아이들 활동,348
미술활동,65
원데이클래스,-1
토마화실,220
그림레슨,241
쿠키레슨,236
어린이,348
잔잔한 음악과 함께 힐링하기 좋은 공간,254
핫한 곳,18
창작활동,65
마카쥬,342
혼자서 가다,53
아이들체험,-1
전시회,65
이색데이트,176
아득함,257
그림그리러,241
답답하지 않은 분위기,336
보호자 비용,217
그림그리기 분위기,-1
클래식음악,196
취미생활,97
엄마랑,250
그림그리기,241
개성있다,123
아이 체험,248
재밌는 체험,198
남친이랑,63
카페 내부공간,339
색칠하기,283
겨울 실내데이트,-1
세련된 분위기,207
부모,275
캔버스 색칠,283
매장안,186
잘 꾸며져 있다,258
갤러리같다,74
손 씻는 부스,41
커플끼리 그림색칠,233
아이들과 함께 오기,361
도안,83
토마 카페,-1
더운 날,351
친구와 추억거리,347
아들,-1
키즈카페,118
첫 방문,139
단골권,293
아이가,248
강아지 가족 작품,287
엄마아빠,250
여유있는 공간,-1
물감,262
붓,64
사진 잘 나와요,34
실내공간,216
잔잔한 재즈음악,113
담배 쩐내,200
조카들,-1
난이도 있는 보드게임,215
부모님들,275
출출하고 심심할때,37
음식냄새,200
단체 룸,155
포근하다,363
룸 안 담배향,200
단체로 놀러가기,-1
시간 잘 가다,-1
동생,-1
시원하고 쾌적하다,269
하루종일 놀기 좋은 곳,210
하루종일 밥도먹고 놀기,210
게임 종류,214
가게 안,273
적립,-1
보드게임방,215
룸식,155
좌식 자리,291
보드카페,215
친구 만날 때,238
커튼,148
가성비 좋은곳,28
친구들과 함께 가기 좋은곳,319
놀곳,-1
게임방,214
남자친구랑 보드게임,63
좌식,291
애인,-1
개별공간,224
자이푸르,147
무난무난한,259
보드까페,215
커튼 쳐져있어서,148
은은한 분위기,-1
구로,-1
차분하고 고요하고 코지한 분위기,187
갬성카페,124
봄바람,247
잠깐 머물고 가는 카페,134
아늑하고 세련된 분위기,207
조용하면서 아늑한 카페,261
컨셉,316
편안한 기분,370
로스팅룸,155
미니테이블,290
강아지 동반,287
오트,83
소박한 공간,333
갬성 넘치는 카페,124
커피향,104
interiour,216
북유럽 감성,-1
햇살 맛집,223
아늑하게 머무르기,333
조용하게 대화하기 좋은 카페,261
연남동,9
파란 건물,185
바람,-1
bar,290
블랙 앤 화이트 톤의 인테리어,-1
친목,-1
시끄러운 편,203
조용한 느낌,325
다락방같은 느낌,4
구조,185
폭닥폭닥 코지한 아이보리 분위기,187
빈백자리,317
삼층,184
동반카페,89
조용한 대화,23
카페내부,339
사진 잘 나오는 카페,331
힐링 데이트,267
예쁜 카페,309
차분한,256
투명과 화이트의 조화,78
아기자기 아늑하고 편안한 분위기,356
탁트임,364
꾸안꾸 스타일,-1
댕댕이,287
강아지랑 같이 있을 수 있는,287
조용히 대화,23
은은한 조명,178
카페 맛집,132
조용하고 아늑한 카페,261
아기데리고 가기,320
아늑하고 조용한 분위기,295
카페타임,282
모더닉,188
신상카페,6
수다떨기 좋은 곳,3
반려견 동반,287
데이트 맛집,176
그릇,354
매장 노래,-1
적당히 조용하다,312
얘기하러 오기,195
지하 자리,157
빈백,-1
테이블좌석,290
미드센츄리 느낌,330
레이브매장,186
카페데이트,-1
다락방같은,4
따스하고 아늑한,333
다정하다,257
연한 커피 좋아하시는 분,197
음료잔,180
운전연수,101
사장님,21
대량 포장주문,-1
사계,151
가성비최고,28
작고 귀여운 카페,118
테이크아웃점,27
카페 컨셉,316
출근길,37
정갈한 분위기,315
도란도란 이야기하기,49
회사 주변,46
편하게 있다가기,-1
아담,257
단골커피맛집,17
리얼 로컬 맛집,115
문화생활,97
힙한 감성,289
음악듣고싶을때 가기 좋은 곳,-1
음악선정,47
외국 감성의 분위기,86
혼자 생각을 정리하러 오기,23
이층,183
일층,183
힙한 느낌,289
부드러운 느낌,-1
커피 한잔하러,226
음악 들으러,265
트랜디하고 힙한,289
카페주택 개조한 것 같은 분위기,330
1층과 외관,183
힙한 분위기,-1
퇴근 후,37
폼앤노말 자주 올 것 같다,31
유리타일,39
우드 인테리어,93
힙함,288
이색 디저트,129
벌렁벌렁 분위기,203
혼자 카페,127
펍 분위기,21
옛 구옥 같은 창,240
힙한 카페,288
야외,285
어두운,178
이색적인 분위기,112
예쁘규,232
강쥐랑 같이 갈 수 있는 카페,88
2층 별도로 분리된 방,358
좋은 음악,243
조용한 때,312
앉을 곳,375
야외석,285
흘러나오는 음악,-1
민트색 컵,299
멋져요,251
컨셉츄얼한 카페,316
노래 선곡,47
개인작업,79
1-2층,-1
예쁜곳,231
힙한곳,18
아담한 카페,261
따뜻하다,-1
귀여운 비숑 강아지들,287
아늑한 아지트 같은 느낌,92
조용히 얘기하기 좋은 곳,23
예쁜것들,232
비건관련제품,16
빨대,-1
로맨틱,196
왕추천,341
지인들과 도란 도란,319
사진이 예쁘게 나오는,34
따뜻한 감성,86
로멘틱,196
안쪽 숨겨진 좌석,227
책상 자리,182
카페 느낌,330
플레이리스트,47
혼자 카공,122
색다른 느낌,112
출입문,181
외부 대기석,285
예쁘고 사랑스럽다,373
동네 커피,302
칸막이된 1~2인용 자리,10
다인용 자리,-1
야외 테라스 자리,264
충전할곳,297
책하나 들고 오기,75
테라스자리,264
시끄럽게,203
널날하다,259
부부 모임,166
티 타임,282
안쪽 테이블,227
영업시간,144
앤틱한 분위기,239
불친절,301
신림역디저트가게,332
샹들리에,97
노래소리,242
주말에 카페 나들이,-1
보기,95
신림역 디저트,332
신림 매장,1
포장하기,345
펍느낌,21
시끄러운 사람,203
안락함,333
신남,9
골목에 자리 많은 카페,306
24시 카페,144
야외테라스,264
디저트종류,129
혼자 방문,52
주변 사람에 따라 집중되는 정도,12
쿠킹실,147
혼자 공부하기,66
BGM,110
좌석 간격,36
신림역 최애 카페,91
신림 커피와 디저트 맛집,332
신림동 디저트 맛집,332
주뱐카페,340
디저트 전문,129
인생카페,-1
쉬었다가기,126
시끄러울 수 있다,203
편하고 넓은 공간,-1
BGM선곡,110
방문하기 좋은 곳,162
점포,186
충전 란자,297
하나로마트,186
가성비 좋은 곳,28
소프트아이스크림,332
매장자리,186
아담하다,257
조명분위기,221
안정감,365
아쉬웠다,301
여럿이 먹으러 갈때,171
이용하는 곳,199
지하 노래방 비트 울림,157
어린이집,-1
백신3차,-1
넓고 쾌적하다,346
혼자 책읽기,245
시끌시끌,203
점심때,54
서울대 커피맛집,229
경영전문대학원 건물 59-1동,357
59-1동,-1
통로,7
집중하기 좋다,12
내부 공간,216
시끄러움,203
탁 트인,364
소리가 울리고 북적거린다,203
카페같은 곳,330
천장,157
결제하는 곳,199
편함,365
학교 카페,190
속세느낌,240
경영대 2층,358
경영대 라운지,-1
매일가요,-1
서울대 카페,229
내장,216
서울대,230
세련된,207
건물 로비,185
테이블배치,290
시원하게 탁 트이고,269
깔끔한 매장,41
다이어트 하시는 분들,55
추리게임,198
프랜차이즈 볻겜카페,124
하루종일 할 수 있는 것,210
뉴욕,185
마작테이블,290
보겜,91
비용,217
깨끗함,39
신림 최고의 보겜 카페,91
깔끔한 게,258
새로운 게임들 해보기,198
간단한 한끼,136
가볍게 먹기 딱,272
토스트 맛집,-1
간편하게 먹기,136
불쾌함,301
서비스,199
사서가기,126
유모차,-1
혼자먹기,25
조용한 동네,312
쌀쌀한 날,280
자주애용하는 카페,128
차 댈 수 있는 공간,101
가끔 들리기,33
차마시러 오기,149
상영,-1
고시촌,50
후식,130
불쾌,301
아기자기 이쁜공간,356
아기자기 이쁜 공간,356
가게 외관,273
외관 인테리어,168
남녀노소,59
산책길,165
전망,-1
여유로운 시간,350
아침대용,173
조용히 책 읽기,73
볕이 잘 든다,14
자주 들리고 싶은 카페,128
내스탈,216
달콤한 향,298
글 쓰기,-1
원두냄새,307
따뜻한 음료,179
기본 음료,179
꼬수운 커피,281
반지하,157
편안한 시간,350
음악 감상,265
클래식,196
유서 깊은 역사,249
대학동 최고의 디저트집,69
점심 시간,54
혼자서 4인좌석,-1
혼자서 6인좌석,-1
아들래미,361
신림역 요거트아이스크림,332
가게 매장,186
요거트 덕후,332
동생이랑 놀기,-1
신림 디저트 맛집,332
빵 종류,61
남편과 아이,276
들리기 좋다,243
지인분들과 나눔,-1
기분 좋은 맛집,115
차,149
빵집 내부,61
차분한 공간,312
카페테이블,290
우드톤,94
홀더존,299
편하다,365
맛저,125
리유저블컵,299
화이트톤,94
다이어트 음료,55
주차비,101
자리 이용,277
쾌적,15
초,28
딸래미 생일 케익,62
일인 일음료,321
둘이 가면,171
추웠다,280
고등학교 친구들,347
용기,-1
텀블러할인,48
텀블러 할인,48
작업하기 좋은 곳,292
가계,151
전환하기 좋은곳,311
투박한감,308
어수선한 분위기,-1
반가움,-1
빵냄새,60
힐링되는 시간,-1
따뜻한 에너지,359
댕댕이 최애 카페,68
업무 보기,159
부담없이 즐길 수 있다,-1
애견 동반,287
선택 폭,164
영화관,75
빠름빠름,217
커피테이크아웃,26
책,95
안식처,376
주황조명,221
따릉이,141
단골 손님,293
힐링되는 곳,268
더운 여름,352
음악 소리,242
브금,324
식사 해결하기,137
공부할 수 있는 환경,32
조용히 집중할 수 있는,11
분들,167
남편,276
이디야 매장,51
편하고 좋다,-1
차 마시기,149
혼자 커피마시기,127
이디야커피,51
혼자커피마시기,127
시장느낌,240
고시촌 이디야,50
공부하거나 일하는 사람들,71
조용하고 쾌적한,255
적당한 소음,312
일반손님,-1
단골매장,293
대기 시간,237
조식,172
책보기,95
한산하고 조용한,335
조용히 집중할 수 있는 카페,261
머리 식히기,354
한산한,335
춥고 매운데,280
공부하러 오시는 분들,194
답답,336
파스쿠치 관정도서관점 2층,8
포근한 분위기,355
코드,175
지친 영혼들의 HP MP를 회복시켜 주는 곳,268
깔끔하게 잘 관리됨,258
카페2층,-1
학교에서 갈만한 카페,190
따뜻하고 달달한,212
서울대생,230
서울대병원 방문객,230
예쁜 친구와 함께,347
커피 싸게 먹기,-1
오래 먹을 수 있어,272
시원하고 쾌적한,269
알바생들,-1
블루포트 서울대학교점,229
서울대학교 글로벌학생생활관,230
CU,235
대학원생,71
일반인,-1
고부,278
블루팟,-1
쉬는 시간,126
공강,158
공부나 일하기 좋다,81
서울대 글로벌기숙사,230
학교,235
음악 볼륨,242
개인콘센트,79
무선충전기,297
지인들과 가기,319
조곤조곤 대화,-1
귀여운 인테리어,355
티포트,282
거울쟁반,191
좌식 테이블,291
혼자서 오기,52
친구랑 오는 카페,128
고급진,206
안락한 분위기,336
느긋하게 지내기 좋은,374
궁전같은 느낌,98
자존감이 높아지는,338
기분좋아지는,338
대접받는 느낌,363
좌식의자,291
좋은 동네 카페,-1
장식,168
인스타그래머블,106
사진 스팟,192
여자친구랑 가끔 오는 카페,128
앤틱느낌 소품들,239
중요한 분 만날 때,238
예쁜 공간,311
맛있는 음료,179
고풍스럽고 분위기,279
좋은점 5가지만 고르기 아쉬운 카페,331
진심이 아닌곳이 없고,270
행복을 느끼는 곳,116
궁전다방,-1
책 한권 읽기,120
신발벗고 앉을 있는 곳,375
다락방 느낌,4
이쁜 다방,-1
아기 있는 친구의 아지트,83
마음이 편안해지다,365
제일 예쁜카페,309
숨은 카페맛집,132
엔틱한 분위기,239
좌식 공간,291
타르트 맛집,-1
작고 작은 빵집,61
속이 편안하다,365
아기자기한 동네 빵집,58
담백한,39
천국,157
사람들,263
가까운 베이커리 카페,147
커피랑 먹기,213
기분 좋아지는 빵집,108
1인,321
1인용,321
친절,19
방치수준,155
개판,308
불쾌한 분위기,-1
대화하기 좋은,146
이쁜 라떼아트,296
아트,241
함께,72
갬성 카페,124
화이트 인테리어,94
자기 할 일 하기,159
깨끗,39
공부하시는 분들,71
작고 예쁘고,372
추운 날,280
아담한 곳,257
정신없는 느낌,325
천원 이벤트,65
고객 입장에선 좋다,297
벨레삐 자리,277
농협 은행,186
더벤티,285
독특한 파이,168
애들간식거리,-1
선물 포장,345
아기자기함,371
어머니,250
미트파이,168
회사 근처,46
케익,236
다른 종류,57
갓 구운 빵 냄새,60
빵 냄새,60
수영장,191
고시촌 명물,50
냉방,90
노랫소리,242
수험생,71
아지트 비스무리한 느낌,92
혼자 책 읽기,245
빽,64
혼자 책보기,245
휴지통,-1
친근함,363
매장 품격,186
매장홀,186
데뚜겸,300
안쪽,227
휴식시간,126
갓성비 맛집,-1
코노,300
이야기하기 좋은 카페,261
혼자 앉는 자리,-1
2인용 좌석,-1
안쪽 공간,227
양,310
대기,-1
신림매머드,9
싸고 빠르다,217
우유옵션,164
지하철역,-1
접근성,365
저렴함,217
미지근한 아이스,280
가성비 좋은 커피집,131
넓고 깔끔한 분위기,188
카페인 충전하기,225
커피 한잔,226
소금빵 찾으시는 분들,61
젊은 취향의 카페,331
조용 분위기,325
쾌적한 분위기,336
조별모임,166
녹두거리,306
와플,-1
매장에서 다른 케익,236
공부하기 좋은 분위기,11
차분하고 집중하기 좋은 분위기,11
브런치카페,324
고시생,50
대화존,177
혼자 작업하러가기,122
혼자 노트북 하기,87
과제,66
조용히 작업하기 좋은,-1
스터디카페용,67
달달함,212
카페 공간,339
공부할 카페,70
거치대 좌석,291
혼자 사부작사부작 빡집중,122
나만알고싶은 카페,20
소음,202
커피와 함께,226
매장 시설,186
식사 대용,136
재택근무,-1
학교 팀플,48
노트북으로 작업하시는 분들,170
청량하다,308
카페음악,266
공부하기 좋은 대학동카페,70
독서대,-1
온도,-1
작업할 공간,292
카페 환경,-1
깔끔하고 예쁘다,-1
스터디카페 분위기,67
편한 공간,375
카페존,339
햇빛이 잘 들어오는 곳,14
조명이 밝은 곳,178
조용하고 포근한 분위기,295
전기 코드,175
팀플,48
모임 공간,153
편한 분위기,336
스터디 카페,67
스터디,77
책가지고 오기,75
잔잔하다,114
스터디 모임,77
넓고 깨끗하고 쾌적하다,346
다인용 테이블,-1
깨끗하고 조용한,255
햇빛이 잘 들어서 기분이 좋다,14
집중 잘되다,12
조용하면서 적당한 소음,312
공부집중,-1
스터디 공간,77
모닝커피,-1
1일 1라떼,296
독특한 외관,168
공부끝나고,80
케이크,236
영어 스터디,77
이야기 나누는 시간,160
조음,172
화장,220
아이스박스,345
남친 생일,63
한가하다,334
사람이 많다,263
차마시면서 책보고 쉬다,213
수다타임,38
스누피 콜라보 커피,281
좁다,310
커피GO,281
노트북하러 가기,169
노노무뚝뚝,242
평화로운 커피타임,-1
2층 좌석,-1
음료 메뉴,179
아이 어린이집 근처,-1
난곡사거리 쪽 도로,193
쾌적하고 깔끔한곳,-1
아침산책,165
쇼파 좌석,29
기분 좋아지는 곳,116
이디야 커피,51
기분좋아지는커피숍,135
카페 데이트,-1
5세 딸아이,360
편한 동네 카페,-1
음료사먹기,163
혼자사는 사람들,121
나만의 아지트,83
여름마다 수박쥬스 마시러,352
카페독서,-1
이디야커피매장,51
어르신 단체 손님,278
음료 마시러오기,163
아이랑 함께하기,343
아이와 오기,361
고급스러워 지다,206
매력포인트,289
기분좋아지는곳,116
친구들과 모이기,347
심신안정,365
작고 아담한,372
교회분들,167
학원,235
추운 겨울,280
주말 아침,100
노트북 사용,170
회의실 대여,152
반가운 만남,-1
경로당 같아요,74
송년회,111
심드렁한 느낌,325
클수마수 느낌,364
매장환경,140
지하주차장,157
만남에 장소,153
시원한 느낌,362
가볍게 커피 하기,-1
방문하기,142
흡연구역,219
신림 탐탐,9
대중교통,101
간격,36
탁 트여있는 느낌,364
머무르기 좋은 공간,271
얌전한 느낌,325
무인카페,340
매장 앞 꽃,247
자주 애용,30
기념일,304
반지,158
재밌는 추억 만들기,249
커플링,43
커플링 만들기,43
반지 공방,158
좋은 경험,249
퀄리티,-1
은반지 만들기,158
100일 기념,304
남친,63
여름 실내데이트,-1
좋은 추억 만들기,249
공방 데이트,-1
커플 팔찌,233
예쁜 추억 만들기,249
반지 만드는 것,158
공방,158
아는 언니,278
초딩자녀들,349
커플링 만들러,43
반지만들기 체험,158
아이와 함께하는 활동,343
아이와 같이 가기,343
즐겁고 재미있다,198
기념일 데이트,304
여친,63
아이와 함께하기,343
반지 만들기,158
남자친구랑,63
조용하니,312
반지 만들러,158
남자친구와 반지 맞추기,158
경험,249
색다른 이색 데이트,176
700일 기념,304
어린이날 선물,304
아이랑 재밌게 만들기,343
기다리기 지루하지 않다,237
오시는 분들,194
카페처럼 즐길 수 있는 부분,330
심심하다,301
만화책,95
고급스럽다,206
오락실,219
담요,160
wifi,276
의미 있고 이쁘다,-1
사람이 없다,325
이야기하기 편하다,146
외부 좌석,285
매장 공간,186
관악산공원 상가,313
평일,100
관악산 뷰,313
등산,165
뷰맛집,313
이디야,51
쉬러 오기,126
약속장소,153
2층 전망대,358
어두침침한 구석,178
더위속,352
약속 장소,153
이야기 하기 편하다,146
머그잔,180
정원에 온 듯한 느낌,98
라일락 향기,200
카페 안쪽,339
시간때우기 좋은곳,211
시간 때우기 좋은곳,211
시간 때우기,189
시간 때우기 좋은 곳,211
배려가 깃든,-1
시간때우기 좋은공간,211
가족 모임,166
사이즈,-1
시간 보내기 좋은곳,210
수다 떨기 좋은곳,3
시간때우기,189
수다떨기 좋은곳,3
시간 때우기 좋은 카페,134
좋은,297
학부모님들,275
일하러 가다,159
동네 사랑방느낌,-1
이야기하고 가기,49
사랑방같은 편안한 장소,286
전체적으로,204
비멍,16
벚꽃 피는 계절,247
따뜻하고 정답게,212
쓸쓸하다,301
쌀쌀하다,280
2층카페,-1
부산스럽다,206
야외 태라스,264
숲속산장느낌,98
열공 분위기,-1
주변 환경,40
주변 경치,40
깜찍하다,259
산속에 있는 느낌,98
2층 숲쪽 창가자리,174
산에 있는 카페,-1
고급진 매장 분위기,140
가을 명소,223
시간 보내기 좋다,-1
공부할 공간,32
재학생이 아닌 사람들,71
산책하다 쉬러 오기,165
깨끗한,39
서울대 결혼식장,230
싱그러운 기분,369
대학생 커플,233
카페앞뷰,302
서울대 구성원 할인,-1
학생 할인,-1
팀플 장소,48
멋있다,251
결혼식,-1
여유롭게 커피한잔하기,226
좋은 친구,347
조용히 생각정리하기 좋다,23
나무가 많다,263
다른 시간,246
학생증 할인,-1
특별한 기분,112
주위,40
아침 겸,173
조용하게 담소 나누며 여유롭게 커피 한잔하기 좋은 카페,261
학부모,275
노천광장,228
2층 매장,358
노을,284
북유럽 갬성,123
숲뷰,314
대학생,235
가족단위,151
작은아이,248
최고,28
텀블러,48
신림로점,1
투썸 신림점,1
노트북 하기,169
위생상태,42
2층자리,-1
키오스크 결제 기기,199
친절한 편,19
사람 넘 많고 혼공족들이 많아서 주말에 더 미어터지네요,263
물건,344
오픈주방,90
진동,212
쟁반,191
여자친구 생일,63
전반적으로 직원들 응대,205
"2,3층 좌석 공간",357
접시,354
이용하기 싫다,301
노트북하시는 분들,170
어머님과 좋은 시간,278
놋북작업,170
서빙쟁반,191
프론트데스크,72
세면대,191
친구 만나기,238
키호스크,199
메인 픽업데스크,72
세면대 배수구,191
커피숍,-1
옥상,182
잠시 들르기,33
디테일,299
생일 케이크용,62
음식 퀄리티,-1
간단하게 식사,136
한가하고 널널하다,334
편하게 오기,31
샐러드 맛집,115
데일리 점심,54
1~2인,-1
단 거 좋아하는 분들,294
컴포즈 매장,44
대용량,-1
민초파,28
가성비 최고의 카페 컴포즈,44
가격 저렴,217
당충전,260
저렴하게 먹기,136
학내 카페,190
풍미,98
음악과 분위기,221
말차라떼 아트와 색감,296
반려견 동반 카페,89
애랑 오기,361
고즈넉하고 편안한 분위기,279
좋아하는 사람들과 함께하기,-1
큰 테이블,290
눈이 호강하는,258
에스프레소 맛집,-1
여름날씨,352
얼음컵,299
공부하는 분들,71
찐 로스터리 맛집,108
직장동료,205
카페 감성,85
지인들과 만나기,319
노트북 가능한 자리,169
햇빛,223
매장 음악,-1
행복한 장소,116
힐링의 느낌,253
조용히 책 읽기 좋은,73
기분 전환,337
로스터기,155
차분한 느낌,308
혼자 커피 마시기,127
크리스마스 느낌,111
포근한 인테리어,355
화이트 컨셉의 까페,316
겨울분위기,111
집근처 카페,45
자주 이용하기 좋은 카페,128
시끄러운 분위기,203
데코,300
숨은 맛집,132
이 곳,156
들렀다 가기,133
자주감,30
매장 밖 테이블,285
탁자,-1
귀여워요,-1
기분이 좋아지는곳,116
야외공간,285
혼자 시간보내기,24
교회분들 모임,167
한적한 곳,334
둘딸,360
나만의 시간,24
룸공간,155
정원,97
집,45
넓직하다,323
바깥 조경,148
정숙한 분위기,315
기다리기,237
조용하고 차분한,256
매장 내 계단,273
혼자 오신 분들,96
우산,165
그린색,284
기운찬 아침의 시작,173
무개념 카공족,208
기분 좋은,327
붐비지 않다,103
통건물,7
스타벅스,324
1층 스탠딩석,-1
2~3층,-1
혼자와서 공부하는 사람,66
대화하는 느낌,145
치사하다,257
프리퀀시,363
캘린더캘린더,209
비오는 날,141
조용하고 시원한,255
가볍게 있다가기,312
배달맛집,72
달달한거 좋아하시는 분들,212
직장 동료,205
크리에이티브,65
디저트 냄새,129
슬러시 형태,-1
오픈형 주방,90
위생상 안좋아보이다,42
진한,212
혼자 앉아있기,-1
조도,172
늦게까지 하는 카페,134
귀여운 크리스마스 분위기,111
신림 주변 24시간 카페,91
유아퇴근,37
에너지뿜뿜하는 느낌,364
매장인테리어,168
배달전문점,72
언제든 올 수 있는 것,31
시야,-1
요기거리,-1
24시카페,144
도림천 주위,2
야장,150
고급스러움,206
조용하게 작업하기 좋은,-1
어두운 밤,178
아이 데리구 가기,320
힙한 장소,18
머그컵 손잡이,180
강쥐랑 산책,88
바깥자리,227
오래 머무르기 좋은 곳,271
리유저블 컵,299
신림초등학교,9
구디 쪽,181
장거리 운행,101
편리함,365
아침형 인간,173
주말 장거리 출발전,100
다른 카페 닫을때,-1
맛있고 좋다,107
갓성비,-1
테이크아웃 전용카페,26
목재 인테리어,154
식사 후 방문,133
자리간 간격,36
조용히 공부하거나 집중하기 좋은 분위기,11
베이글 맛집,147
커피 전문점의 느낌,-1
인테니어,-1
대화하러 오기,195
실내 분위기,252
겉바속촉하고 쫄깃하다,107
여럿이 방문,31
우디하고 따뜻한 느낌,363
차분해지는 음악선곡,110
은은한 카페 내부의 커피향,-1
넓은 워크용 테이블,290
대화용 좌석,23
책이나 공부하기,80
느긋하게 앉아있을 수 있다,374
신림오시는분들,9
잔잔하고 편안한 분위기,114
식물테리어,353
음악감상실 온듯한 취저 BGM,110
노트북 하기도 좋다,169
카페에서 공부하기,70
신림 데이트,9
편히 쉬다오기 좋다,374
저만 알고 싶은 카페,20
우드톤 가구,94
초록초록한 화분,220
신림 속 연남동 분위기,9
베이글러버,147
원목인테리어,154
운동 가기전 당 충전,260
방문할 의향,142
cozy컨셉,316
낭만적이다,196
애기 데리고 가기,320
잔잔한 팝송,113
멋진곳,231
고급스러운 커피 맛,105
작지만 예쁜 카페,118
고소한 버터냄새,60
심플하고 모던한 느낌,188
포포 캐릭터,214
라떼맛집,296
어린이날 기념,304
머무는 곳,271
쉬다 가기,126
친구 만나러,238
단호박 좋아하시는 분,294
한적하게,334
카페인 섭취,225
좋은 향,298
이야기하기 좋다,146
카페인 취약하신 분,225
아침시간,173
힐링되는 카페,135
방문하기 좋은,162
최애메뉴,68
나만 알고 싶은 카페,20
등,165
자주 사가는 곳,31
커피를 집에서 직접 내려 드시는 분,127
커피 맛에 예민하시나 블루버틀 스벅 원두는 부담스러우신 분,225
신선한 원두향,307
까페 인테리어,-1
라떼아트,296
편안하게 쉬다,374
신대방역 근처 사는 사람,5
에스프레소,-1
공원,-1
소파자리,29
독서하기,119
커피 마시며 읽기,213
조용하게 담소 나누기,23
자주 방문하고 싶은 카페,128
내부 화장실,191
신대방의 축복인 곳,5
도파민샤워,2
분위기 코지,187
한적한 분위기,335
전체,204
반려견 동반가능 카페,89
골목,306
코지한 분위기,187
카페 노래,266
애견동반 카페,89
여유롭고 한적한,335
가장 cozy place,333
흠잡을 데 없는 풍경,270
멋진카페,309
기분 좋은 주말,100
배려,-1
편안하게 즐길 수 있는,365
크리스마스,111
조용하게 있기,312
따뜻하고 차분한 분위기,315
생각정리,23
좋아하는 사람 데려 갈 때,-1
부담스럽지 않은 분위기,336
혼자서 있기,121
내부화장실,191
아기자기하고,371
친구와 얘기하기,13
영화보러갈때,75
24시간 되는곳,144
휴일,100
카페투어,302
보물같은 장소,218
아늑하게,333
와이프,276
강아지 데리고 커피 마실 곳,89
맘에 들다,-1
따뜻하고 포근한 느낌,363
강아지와 함께 가기,287
애견동반가능한 카페,89
잠깐 머물다 가기,271
에어콘,274
감성사진,86
예쁜 포장,345
혼자 여유 즐기기,24
아기와 강아지,287
독서타임,119
화이트톤 인테리어,94
원목 가구,154
식물들,-1
나만 알고싶은 그런 카페,20
여럿이서,171
어른이,59
여름 메뉴,352
좋은 스멜,298
카페인 중독자,225
발렌타인데이 선물,304
지인들한테 선물하기,303
혼자 공부하는 분들,66
얘기나누기,160
아늑한 곳,333
쿠키,236
책도 보기,95
다른 메뉴들 도전,56
편하게 나와 책 읽기 딱 좋은 곳,73
조명과 분위기,221
예쁘고 감각있는 카페,329
자주올것같다,31
도림천 산책로,2
달달한게 땡길 때,212
친구네 놀러,238
아기자기하게 귀엽다,371
테이크아웃 컵,27
비오는날 분위기,141
남구로에서 제일 정성 깃든 카페,328
구로카페,-1
거울 사진 맛집,115
"1,2층",-1
식기류,354
전신 거울,191
밝고 예쁜 더리터 매장,41
출근할때,37
가격대비 퀄리티,-1
내실이 있는 정직한 카페,328
자주 이용하기,30
센스가 있는 카페,329
전반적으로,204
출근 전,37
일 집중하기 좋은 카페,84
장미 테라스,264
동네 사랑방 같은 카페,330
밝은 에너지,359
고즈넉함,279
조용하게 휴식을 즐기기,374
산책코스,165
새 소리,242
숲속에 온것만같은,98
예쁜 배경,270
조명 톤,221
난곡 할리스,193
가족끼리 외식,151
아이가 원하는 메뉴,248
독서실같다,74
3층 좌석,184
개인석,-1
집중 잘 되는곳,12
혼자 노트북 작업,87
좋은 느낌의 카페,331
업무 보러 올 때,159
주말 오전,100
공부할 수 있는 층,32
상층,183
3층건물,184
도서실처럼 사용하는 분들,74
대화형,177
그룹형,166
공부형,80
덥고 습한 날,351
쉬었다 가기,126
을씨년스럽다,206
조용조용한 분위기,325
자리 구성,277
2층 흡연실,219
독서실 분위기,74
복잡하지 않다,103
특징이 확실한 곳,112
시험기간,76
할리스 단독건물,193
책을 읽기,120
불친절함,301
살풍경,148
완벽한 카페,309
빵순이,61
노래선곡,47
기분 좋은 시간,-1
멀티탭,290
혼자 와서 책 읽기,244
푸딩 비주얼,258
대화하기 좋다,146
조용하고 집중하기 좋은 분위기,11
신경쓰는 모습,222
조용한 작업하기 좋은 곳,-1
힐링하기 좋은 곳,268
차분하고 젠틀해진다,256
로컬맛집,115
기분 좋아지는,338
신대방 최고의 카페,6
신대방역 카페,6
허전한 카페,261
즐거운,-1
카페 음악,266
사장님의 방긋한 미소,21
혼자만 알고 싶은 카페,20
아름다운 카페,309
행복해지는 분위기,253
깔끔하고 고소하다,-1
이야기 나누러오기,-1
대박집,293
따뜻한 카페,261
또 오고 싶은 곳,143
볼펜,64
카페니쉬,340
매장 식사,186
아이와 공부,343
읍천리조용,-1
감성 폭발,86
펫프렌들리,287
간식타임,130
날파리,147
1리터 보틀,321
창밖풍경,148
비오는날,141
시골 오두막,312
선선한 날씨,366
데이트장소,176
읍천리,-1
메뉴가 다양하다,123
가볍게 먹고 싶을 때,272
매장 내부 인테리어,168
회사 코앞,46
단골예약,293
sns핫플 너낌,18
샌드위치,324
보라매공원,228
시원함,269
편안한 인삿말,-1
아이들과 함께,-1
친구와 같이,347
마음이 편하다,365
6인테이블,322
4인테이블,322
따듯함,362
쉬기,126
행복해지는 맛,125
아늑하니,333
최애 디저트 카페,68
예쁜 박스,345
이야기 하기 좋은 분위기,145
부드럽다,-1
또 가고싶은곳,143
기대되는 곳,-1
갬성적,124
아담하고 아기자기한,372
회사직원,205
4살 꼬마,248
아기자기한카페,118
가성비 좋은 동네 커피 맛집,131
대구사람,263
백억커피,-1
팝콘,-1
편한 곳,375
엔젤리너스 구디점,181
대화가 거슬리지 않다,103
1인 바 자리,317
이용,199
구디점,181
만남,153
전철이나 버스타기전,102
은근 넓다,323
소리가 섞이지 않다,103
조용히 커피만 마시기,-1
안에자리,227
정감,86
조용히 커피마시기 좋은 분위기,-1
포장상태,345
짱구 스티커,324
운동 후 방문,133
서원역 빽다방,64
빠르다,-1
밥대신 먹는거,136
동네빵집st,58
시원촉촉상큼하다,-1
건강하게 맛있는 빵집,108
자주 가고싶은곳,31
베이커리,147
찐맛집,108
건강하고 싱싱한 빵집,108
입이 호강하다,258
동네 빵집,58
신대방,5
작은 빵집,61
건강하고 맛있는 동네 빵집,108
선물포장,345
깔끔한 비주얼,258
따뜻한 빵집,108
빵쇼핑,61
날씨,366
귀엽고 예쁜,373
답례품카페,303
예쁜카페,309
행복한,318
요근처 카페,-1
아름다운 풍경,270
짐 두고 일보고 오시는 분들,159
청년주택,153
칸막이 책상,10
소파테이블,29
스터디카페의 느낌,67
조명이 약하다,178
밖의 풍경,148
중간고사 준비,-1
창가쪽,174
자격시험 준비,76
조용한 독서실,73
오픈한 스타벅스,324
야외테이블,285
2~3명 친구들,-1
식시간,54
공부할 수 있는 공간,32
시간 보내는 곳,210
넓은 느낌,308
할일하기,159
테이크아웃 커피,26
매력,289
삭막한 캠퍼스,312
사람,263
예쁨가득한 곳,116
편안하게 쉼을 하는곳,368
3층 건물,184
야외 숲,285
주차자리,101
조용한 장소,312
시원한 장소,333
숲속에 있는거 같은 분위기,98
통창 바로 앞이 숲,7
통유리창,7
화창한 날씨,367
산뷰,314
힐링하는 기분,253
엘베,-1
숲 속 카페 같은 분위기,98
압튼 분위기,-1
지인들 모임,319
고양이들이 뛰노는 것,287
깨끗하고 넓다,346
과실나무,263
5층,358
독립서점,224
힐링하는 카페,135
단독건물,193
2.5층,358
3.5층,358
혼잡하다,203
숲속뷰,314
산배경,138
자주 방문하는 곳,31
깨끗하고 넓고 좋다,346
베이킹 수업,147
동네에서 제일좋은 카페,-1
산쪽뷰,314
둘이,171
기분 좋은 하루,-1
동네카페뷰,302
은근히 숨은 듯한 카페,132
사운드,202
비올때 가도 좋은,141
눈과 마음이 편안해지다,365
조용하고 넓고 깨끗한,-1
스킵플로어 인테리어,168
.5층,358
사진찍을 공간,34
회의실,152
개인독서존,245
시즌 느낌,111
지하 공간,157
세미나실,152
신림마당,9
1층 룸,155
화이트보드,94
회의,152
쾌적하고 조용하고 아늑한,255
혼자 아침먹기,25
책읽는 분위기,73
커피한 잔 생각날 때,226
카페의 모든 공간,339
대화소리,177
노트북작업,170
많은 사람들과 함께하기,-1
아침브런치,324
책장,182
로컬 브랜드 관련 책들,115
달달하다,212
존맛,-1
늦은 저녁,246
뚜껑,354
영양간식,130
개맛있다,107
그릭요거트,-1
간단한 디저트,136
오늘의 명언 스티커,324
얼음 낭낭,-1
햇빛이 잘드는곳,14
강의 듣기전,32
가성비 최고 카페,44
단골커피집,17
컵디자인,299
결제시스템,199
홀더,299
맞춤형 카페,340
