qid,cafe_idx,cafe_name,relevance
q000,0,어반커피,1
q000,1,쉼표브레드,1
q000,2,시그니처커피2호점,3
q000,4,홍카페 HONG CAFE,1
q000,5,투달러커피 난곡사거리점,3
q000,6,딜 카페,3
q000,8,감성커피(신림우림시장점),3
q000,9,독특하개,3
q000,10,또리커피 관악점,2
q000,11,맨날커피,1
q000,12,데이즈 라이크 디스,2
q000,13,백억커피(서원역점),2
q000,14,코아르(coar),1
q000,17,블렌더스(BLENDERS),3
q000,32,카페 하나,1
q000,63,카페드림,1
q000,76,이디야커피(신림대학동점),2
q000,78,컴포즈커피,0
q000,90,페이브 베이커리 서울대점,3
q000,91,카페디딤,3
q000,114,카페마실,1
q000,123,카페오아시아,3
q000,125,엣홈,0
q000,131,카페느티나무 음대점,0
q000,151,CAFE216,3
q000,152,low position(로우 포지션),3
q000,154,"?커피,MOCC",3
q000,176,커피니쉬(COFFEE NISHE),3
q000,183,메모,2
q000,193,신림마당,3
q001,0,어반커피,0
q001,1,쉼표브레드,0
q001,2,시그니처커피2호점,0
q001,3,소재지,0
q001,4,홍카페 HONG CAFE,0
q001,5,투달러커피 난곡사거리점,0
q001,6,딜 카페,0
q001,8,감성커피(신림우림시장점),0
q001,9,독특하개,0
q001,10,또리커피 관악점,0
q001,11,맨날커피,0
q001,12,데이즈 라이크 디스,0
q001,13,백억커피(서원역점),2
q001,14,코아르(coar),0
q001,17,블렌더스(BLENDERS),0
q001,34,카페사계,0
q001,70,백억커피 신림점,0
q001,84,빽다방 신림난곡점,0
q001,90,페이브 베이커리 서울대점,0
q001,106,밀크커피,0
q001,114,카페마실,0
q001,123,카페오아시아,0
q001,125,엣홈,0
q001,139,카페여기,0
q001,140,국민우유집 신림점,0
q001,144,더벤티구로힐스테이트점,3
q001,145,백억커피 구로점,0
q001,156,시티스트릿츠,0
q001,170,카페 188,0
q001,197,더벤티 신림점,0
q001,199,바나프레소 신림역점,0
q002,0,어반커피,2
q002,1,쉼표브레드,2
q002,2,시그니처커피2호점,3
q002,3,소재지,3
q002,4,홍카페 HONG CAFE,2
q002,5,투달러커피 난곡사거리점,3
q002,6,딜 카페,3
q002,8,감성커피(신림우림시장점),3
q002,9,독특하개,3
q002,10,또리커피 관악점,2
q002,11,맨날커피,1
q002,12,데이즈 라이크 디스,3
q002,13,백억커피(서원역점),1
q002,14,코아르(coar),2
q002,17,블렌더스(BLENDERS),3
q002,32,카페 하나,2
q002,44,마티스커피,3
q002,63,카페드림,1
q002,97,카페뉴욕 신림점,0
q002,104,카페느티나무도서관점,1
q002,114,카페마실,1
q002,124,커피브라운,1
q002,125,엣홈,0
q002,135,UNSIDE COFFEE ROASTERS(언사이드 커피 로스터스),3
q002,145,백억커피 구로점,0
q002,146,Mono Hertz(모노헤르쯔),3
q002,147,POPO archive(포포 아카이브),2
q002,152,low position(로우 포지션),3
q002,172,카페모닝듀,2
q002,183,메모,2
q002,195,할리스 신림점,3
q002,197,더벤티 신림점,0
q003,0,어반커피,0
q003,1,쉼표브레드,0
q003,2,시그니처커피2호점,0
q003,3,소재지,0
q003,4,홍카페 HONG CAFE,0
q003,5,투달러커피 난곡사거리점,0
q003,6,딜 카페,0
q003,7,301h(301에이치),0
q003,8,감성커피(신림우림시장점),0
q003,9,독특하개,0
q003,10,또리커피 관악점,0
q003,11,맨날커피,0
q003,12,데이즈 라이크 디스,0
q003,13,백억커피(서원역점),0
q003,15,서울버터샌드,3
q003,25,블러 커피,0
q003,34,카페사계,0
q003,65,로플봉봉,0
q003,75,하삼동커피 신림난곡점,0
q003,78,컴포즈커피,0
q003,89,매머드익스프레스 신림역점,0
q003,97,카페뉴욕 신림점,0
q003,102,attendo(아텐도),0
q003,106,밀크커피,0
q003,121,미남커피,0
q003,143,바나다커피 신림신원점,0
q003,145,백억커피 구로점,0
q003,150,오스커피하우스,0
q003,156,시티스트릿츠,0
q003,169,OJE COFFEE(오제커피),0
q003,171,카페봉봉,0
q003,184,빽다방 서원역점,0
q003,200,매머드 익스프레스 신림대학점,0
q004,0,어반커피,1
q004,1,쉼표브레드,1
q004,2,시그니처커피2호점,2
q004,3,소재지,2
q004,4,홍카페 HONG CAFE,2
q004,5,투달러커피 난곡사거리점,2
q004,6,딜 카페,2
q004,8,감성커피(신림우림시장점),2
q004,9,독특하개,2
q004,10,또리커피 관악점,1
q004,11,맨날커피,0
q004,12,데이즈 라이크 디스,2
q004,13,백억커피(서원역점),1
q004,14,코아르(coar),2
q004,21,워킹카우,2
q004,30,카페 플롬,2
q004,32,카페 하나,1
q004,36,텐퍼센트커피 신림역점,1
q004,62,세미온,3
q004,74,커피 브륄레,3
q004,97,카페뉴욕 신림점,0
q004,99,바나타이거(양산점),2
q004,122,G-CAFE,3
q004,124,커피브라운,1
q004,135,UNSIDE COFFEE ROASTERS(언사이드 커피 로스터스),2
q004,141,아토커피 신림점,2
q004,151,CAFE216,2
q004,152,low position(로우 포지션),2
q004,153,별의별카페,2
q004,172,카페모닝듀,1
q004,183,메모,2
q005,0,어반커피,2
q005,1,쉼표브레드,1
q005,2,시그니처커피2호점,2
q005,3,소재지,1
q005,4,홍카페 HONG CAFE,1
q005,5,투달러커피 난곡사거리점,2
q005,6,딜 카페,2
q005,8,감성커피(신림우림시장점),1
q005,9,독특하개,1
q005,10,또리커피 관악점,1
q005,11,맨날커피,0
q005,12,데이즈 라이크 디스,1
q005,13,백억커피(서원역점),2
q005,24,윈썸,3
q005,28,토마 화실,3
q005,32,카페 하나,0
q005,46,원브릿지,1
q005,57,Label Board Cafe(레이블 보드게임 카페),1
q005,63,카페드림,1
q005,75,하삼동커피 신림난곡점,3
q005,78,컴포즈커피,0
q005,80,궁전다방,1
q005,113,탐앤탐스 삼모타워 신림역점,3
q005,114,카페마실,0
q005,125,엣홈,0
q005,128,파스쿠찌 센트로서울대점,2
q005,131,카페느티나무 음대점,0
q005,135,UNSIDE COFFEE ROASTERS(언사이드 커피 로스터스),2
q005,165,카페 아이엔지 서울대자연과학대학점,0
q005,170,카페 188,3
q005,193,신림마당,2
q005,196,카페룽고,3
q006,0,어반커피,0
q006,1,쉼표브레드,0
q006,2,시그니처커피2호점,0
q006,4,홍카페 HONG CAFE,0
q006,5,투달러커피 난곡사거리점,1
q006,6,딜 카페,0
q006,7,301h(301에이치),3
q006,8,감성커피(신림우림시장점),0
q006,9,독특하개,0
q006,10,또리커피 관악점,3
q006,11,맨날커피,0
q006,12,데이즈 라이크 디스,0
q006,13,백억커피(서원역점),0
q006,18,썰카페,0
q006,38,카페캘리 본점,3
q006,45,우체국 옆 빵집,0
q006,55,THE ROASTER 59(더 로스터 59),3
q006,86,더벤티 서울대점,2
q006,89,매머드익스프레스 신림역점,0
q006,90,페이브 베이커리 서울대점,1
q006,109,네이밍카페커피GO!#1,3
q006,110,이디야커피(신림패션문화점),3
q006,111,cafe 66(카페 66),2
q006,114,카페마실,0
q006,117,이디야,3
q006,125,엣홈,0
q006,128,파스쿠찌 센트로서울대점,3
q006,130,투썸플레이스 신림로점,3
q006,137,카페 오름,3
q006,139,카페여기,2
q006,156,시티스트릿츠,3
q006,191,카페 아래로 ARERO,3
q007,0,어반커피,0
q007,1,쉼표브레드,0
q007,2,시그니처커피2호점,1
q007,4,홍카페 HONG CAFE,1
q007,5,투달러커피 난곡사거리점,1
q007,6,딜 카페,2
q007,8,감성커피(신림우림시장점),1
q007,9,독특하개,1
q007,10,또리커피 관악점,1
q007,11,맨날커피,0
q007,12,데이즈 라이크 디스,1
q007,13,백억커피(서원역점),0
q007,14,코아르(coar),1
q007,32,카페 하나,0
q007,52,디저트문,3
q007,84,빽다방 신림난곡점,1
q007,88,빽다방 신림대학점,1
q007,90,페이브 베이커리 서울대점,3
q007,118,데니스커피 남강점,1
q007,124,커피브라운,0
q007,125,엣홈,0
q007,144,더벤티구로힐스테이트점,1
q007,145,백억커피 구로점,0
q007,152,low position(로우 포지션),2
q007,159,나티(NAUGHTY),3
q007,166,카페게이트 관악신사로점,1
q007,169,OJE COFFEE(오제커피),3
q007,171,카페봉봉,0
q007,183,메모,1
q007,197,더벤티 신림점,0
q008,0,어반커피,2
q008,1,쉼표브레드,0
q008,2,시그니처커피2호점,3
q008,3,소재지,1
q008,4,홍카페 HONG CAFE,1
q008,5,투달러커피 난곡사거리점,3
q008,6,딜 카페,3
q008,8,감성커피(신림우림시장점),3
q008,9,독특하개,3
q008,10,또리커피 관악점,1
q008,11,맨날커피,0
q008,12,데이즈 라이크 디스,1
q008,13,백억커피(서원역점),1
q008,14,코아르(coar),1
q008,27,후후라운지,1
q008,32,카페 하나,1
q008,40,에놀라 톤,0
q008,53,컴포즈커피 신림녹두점,3
q008,63,카페드림,0
q008,76,이디야커피(신림대학동점),3
q008,78,컴포즈커피,0
q008,79,블루포트 서울대점,3
q008,100,카페스토어,0
q008,107,엔제리너스 대학점,2
q008,123,카페오아시아,3
q008,140,국민우유집 신림점,2
q008,151,CAFE216,3
q008,183,메모,2
q008,192,mug 공대,1
q008,193,신림마당,3
q009,1,쉼표브레드,2
q009,3,소재지,2
q009,5,투달러커피 난곡사거리점,3
q009,8,감성커피(신림우림시장점),1
q009,17,블렌더스(BLENDERS),1
q009,18,썰카페,3
q009,21,워킹카우,2
q009,25,블러 커피,3
q009,29,플레이온 보드게임카페,3
q009,30,카페 플롬,3
q009,37,FOAM & normal (폼앤노말),3
q009,41,키키's 버터,2
q009,44,마티스커피,3
q009,50,저스트 로맨틱,3
q009,59,걸작커피,2
q009,64,과일담은 요거트 맛집 yomat,2
q009,67,데이지 커피,2
q009,89,매머드익스프레스 신림역점,0
q009,97,카페뉴욕 신림점,0
q009,125,엣홈,0
q009,135,UNSIDE COFFEE ROASTERS(언사이드 커피 로스터스),3
q009,146,Mono Hertz(모노헤르쯔),3
q009,151,CAFE216,2
q009,152,low position(로우 포지션),3
q009,159,나티(NAUGHTY),3
q009,175,킷사텐 신림점,2
q009,178,쉼 카페,2
q009,179,굽다방,2
q009,193,신림마당,3
q009,195,할리스 신림점,2
q010,0,어반커피,0
q010,1,쉼표브레드,0
q010,2,시그니처커피2호점,1
q010,3,소재지,0
q010,4,홍카페 HONG CAFE,0
q010,5,투달러커피 난곡사거리점,0
q010,6,딜 카페,2
q010,8,감성커피(신림우림시장점),0
q010,9,독특하개,0
q010,10,또리커피 관악점,0
q010,11,맨날커피,0
q010,12,데이즈 라이크 디스,0
q010,13,백억커피(서원역점),0
q010,14,코아르(coar),0
q010,32,카페 하나,0
q010,37,FOAM & normal (폼앤노말),0
q010,38,카페캘리 본점,0
q010,46,원브릿지,3
q010,63,카페드림,0
q010,73,빽다방 신림역2호점,0
q010,82,프롬 카페(from. cafe),0
q010,104,카페느티나무도서관점,0
q010,123,카페오아시아,0
q010,125,엣홈,0
q010,135,UNSIDE COFFEE ROASTERS(언사이드 커피 로스터스),0
q010,151,CAFE216,0
q010,158,더 런드렛,0
q010,176,커피니쉬(COFFEE NISHE),0
q010,183,메모,0
q010,193,신림마당,0
q010,197,더벤티 신림점,0
q011,0,어반커피,2
q011,1,쉼표브레드,0
q011,2,시그니처커피2호점,2
q011,4,홍카페 HONG CAFE,0
q011,5,투달러커피 난곡사거리점,2
q011,6,딜 카페,3
q011,8,감성커피(신림우림시장점),2
q011,9,독특하개,2
q011,10,또리커피 관악점,1
q011,11,맨날커피,0
q011,12,데이즈 라이크 디스,1
q011,13,백억커피(서원역점),3
q011,14,코아르(coar),0
q011,31,카페레이브,1
q011,32,카페 하나,1
q011,57,Label Board Cafe(레이블 보드게임 카페),0
q011,63,카페드림,1
q011,73,빽다방 신림역2호점,3
q011,78,컴포즈커피,0
q011,79,블루포트 서울대점,3
q011,109,네이밍카페커피GO!#1,2
q011,123,카페오아시아,2
q011,130,투썸플레이스 신림로점,3
q011,146,Mono Hertz(모노헤르쯔),3
q011,168,더리터 신림중앙점,2
q011,176,커피니쉬(COFFEE NISHE),3
q011,182,엔제리너스 구로디지털역점,2
q011,183,메모,1
q011,188,스타벅스 신림녹두거리점,3
q011,190,컴포즈커피 서울대신양학술정보관3점,3
q011,198,히포커피 신림점,3
q012,0,어반커피,2
q012,2,시그니처커피2호점,3
q012,4,홍카페 HONG CAFE,3
q012,5,투달러커피 난곡사거리점,3
q012,6,딜 카페,3
q012,7,301h(301에이치),3
q012,8,감성커피(신림우림시장점),3
q012,9,독특하개,3
q012,10,또리커피 관악점,2
q012,11,맨날커피,0
q012,12,데이즈 라이크 디스,3
q012,13,백억커피(서원역점),0
q012,14,코아르(coar),3
q012,32,카페 하나,3
q012,34,카페사계,2
q012,64,과일담은 요거트 맛집 yomat,3
q012,73,빽다방 신림역2호점,1
q012,75,하삼동커피 신림난곡점,2
q012,78,컴포즈커피,0
q012,90,페이브 베이커리 서울대점,3
q012,97,카페뉴욕 신림점,0
q012,110,이디야커피(신림패션문화점),3
q012,114,카페마실,0
q012,123,카페오아시아,3
q012,125,엣홈,0
q012,148,Coffee Planet(커피 플래닛),3
q012,156,시티스트릿츠,3
q012,158,더 런드렛,3
q012,183,메모,3
q012,197,더벤티 신림점,0
q013,0,어반커피,0
q013,1,쉼표브레드,0
q013,2,시그니처커피2호점,0
q013,3,소재지,0
q013,4,홍카페 HONG CAFE,0
q013,5,투달러커피 난곡사거리점,0
q013,6,딜 카페,0
q013,8,감성커피(신림우림시장점),0
q013,9,독특하개,0
q013,10,또리커피 관악점,0
q013,11,맨날커피,0
q013,12,데이즈 라이크 디스,0
q013,13,백억커피(서원역점),0
q013,14,코아르(coar),0
q013,34,카페사계,0
q013,64,과일담은 요거트 맛집 yomat,0
q013,74,커피 브륄레,0
q013,75,하삼동커피 신림난곡점,0
q013,84,빽다방 신림난곡점,0
q013,88,빽다방 신림대학점,0
q013,97,카페뉴욕 신림점,0
q013,106,밀크커피,0
q013,109,네이밍카페커피GO!#1,0
q013,110,이디야커피(신림패션문화점),0
q013,121,미남커피,0
q013,135,UNSIDE COFFEE ROASTERS(언사이드 커피 로스터스),0
q013,145,백억커피 구로점,0
q013,158,더 런드렛,3
q013,169,OJE COFFEE(오제커피),0
q013,181,백억커피,0
q013,197,더벤티 신림점,0
q013,200,매머드 익스프레스 신림대학점,0
q014,0,어반커피,2
q014,1,쉼표브레드,1
q014,2,시그니처커피2호점,3
q014,4,홍카페 HONG CAFE,1
q014,5,투달러커피 난곡사거리점,3
q014,6,딜 카페,3
q014,8,감성커피(신림우림시장점),3
q014,9,독특하개,3
q014,10,또리커피 관악점,2
q014,11,맨날커피,1
q014,12,데이즈 라이크 디스,2
q014,13,백억커피(서원역점),2
q014,32,카페 하나,1
q014,36,텐퍼센트커피 신림역점,1
q014,37,FOAM & normal (폼앤노말),2
q014,43,메이지커피,3
q014,63,카페드림,1
q014,76,이디야커피(신림대학동점),3
q014,77,파스쿠찌 서울대관정도서관점,3
q014,78,컴포즈커피,0
q014,79,블루포트 서울대점,3
q014,83,마마메이드,3
q014,84,빽다방 신림난곡점,3
q014,93,진서의 정원,3
q014,123,카페오아시아,3
q014,125,엣홈,0
q014,135,UNSIDE COFFEE ROASTERS(언사이드 커피 로스터스),3
q014,144,더벤티구로힐스테이트점,3
q014,152,low position(로우 포지션),3
q014,158,더 런드렛,3
q014,183,메모,2
q014,197,더벤티 신림점,0
q015,0,어반커피,2
q015,1,쉼표브레드,1
q015,2,시그니처커피2호점,3
q015,4,홍카페 HONG CAFE,1
q015,5,투달러커피 난곡사거리점,3
q015,6,딜 카페,3
q015,8,감성커피(신림우림시장점),3
q015,9,독특하개,3
q015,10,또리커피 관악점,2
q015,11,맨날커피,0
q015,12,데이즈 라이크 디스,2
q015,13,백억커피(서원역점),2
q015,14,코아르(coar),1
q015,32,카페 하나,1
q015,45,우체국 옆 빵집,1
q015,57,Label Board Cafe(레이블 보드게임 카페),2
q015,63,카페드림,1
q015,66,빵장수단팥빵cafe 신림점,1
q015,76,이디야커피(신림대학동점),2
q015,78,컴포즈커피,0
q015,82,프롬 카페(from. cafe),2
q015,90,페이브 베이커리 서울대점,3
q015,94,커피마마,0
q015,103,인더숲,2
q015,114,카페마실,0
q015,125,엣홈,0
q015,145,백억커피 구로점,0
q015,152,low position(로우 포지션),2
q015,176,커피니쉬(COFFEE NISHE),3
q015,190,컴포즈커피 서울대신양학술정보관3점,3
q015,195,할리스 신림점,2
q015,197,더벤티 신림점,0
q016,0,어반커피,1
q016,2,시그니처커피2호점,2
q016,4,홍카페 HONG CAFE,1
q016,5,투달러커피 난곡사거리점,2
q016,6,딜 카페,2
q016,8,감성커피(신림우림시장점),2
q016,9,독특하개,2
q016,10,또리커피 관악점,1
q016,11,맨날커피,0
q016,12,데이즈 라이크 디스,1
q016,13,백억커피(서원역점),2
q016,14,코아르(coar),1
q016,19,컴포즈커피 신림중앙점,3
q016,32,카페 하나,1
q016,34,카페사계,2
q016,36,텐퍼센트커피 신림역점,1
q016,58,쉬즈베이글,2
q016,78,컴포즈커피,0
q016,87,도로시쿠케 Dorothycookae,1
q016,89,매머드익스프레스 신림역점,1
q016,130,투썸플레이스 신림로점,2
q016,144,더벤티구로힐스테이트점,2
q016,155,메가엠지씨커피 신림역점,1
q016,156,시티스트릿츠,1
q016,169,OJE COFFEE(오제커피),3
q016,184,빽다방 서원역점,2
q016,187,나인티스,2
q016,199,바나프레소 신림역점,1
q016,200,매머드 익스프레스 신림대학점,2
q017,0,어반커피,1
q017,1,쉼표브레드,0
q017,2,시그니처커피2호점,1
q017,3,소재지,0
q017,4,홍카페 HONG CAFE,0
q017,5,투달러커피 난곡사거리점,3
q017,6,딜 카페,1
q017,8,감성커피(신림우림시장점),0
q017,9,독특하개,0
q017,10,또리커피 관악점,0
q017,11,맨날커피,0
q017,12,데이즈 라이크 디스,1
q017,13,백억커피(서원역점),0
q017,14,코아르(coar),0
q017,19,컴포즈커피 신림중앙점,2
q017,34,카페사계,2
q017,58,쉬즈베이글,0
q017,62,세미온,1
q017,75,하삼동커피 신림난곡점,0
q017,84,빽다방 신림난곡점,0
q017,88,빽다방 신림대학점,0
q017,89,매머드익스프레스 신림역점,2
q017,106,밀크커피,1
q017,110,이디야커피(신림패션문화점),1
q017,121,미남커피,1
q017,134,카페느티나무 동원관점,0
q017,139,카페여기,1
q017,145,백억커피 구로점,0
q017,177,읍천리382 신림점,3
q017,184,빽다방 서원역점,0
q017,200,매머드 익스프레스 신림대학점,2
q018,0,어반커피,1
q018,1,쉼표브레드,1
q018,2,시그니처커피2호점,2
q018,3,소재지,2
q018,4,홍카페 HONG CAFE,2
q018,5,투달러커피 난곡사거리점,3
q018,6,딜 카페,3
q018,8,감성커피(신림우림시장점),2
q018,9,독특하개,2
q018,10,또리커피 관악점,2
q018,11,맨날커피,0
q018,12,데이즈 라이크 디스,2
q018,13,백억커피(서원역점),2
q018,14,코아르(coar),2
q018,34,카페사계,2
q018,61,더리터신림점,2
q018,71,소소한행복,1
q018,75,하삼동커피 신림난곡점,2
q018,86,더벤티 서울대점,1
q018,90,페이브 베이커리 서울대점,3
q018,105,카페한보리,1
q018,120,cup&coffee 컵앤커피,3
q018,123,카페오아시아,2
q018,128,파스쿠찌 센트로서울대점,3
q018,130,투썸플레이스 신림로점,2
q018,136,만랩커피 신림별빛거리점,3
q018,137,카페 오름,3
q018,139,카페여기,3
q018,160,카페오트르,3
q018,161,카페 리버스(Cafe Reverse),3
q018,166,카페게이트 관악신사로점,2
q018,169,OJE COFFEE(오제커피),3
q018,197,더벤티 신림점,0
q019,0,어반커피,1
q019,1,쉼표브레드,0
q019,2,시그니처커피2호점,1
q019,4,홍카페 HONG CAFE,2
q019,5,투달러커피 난곡사거리점,1
q019,6,딜 카페,0
q019,8,감성커피(신림우림시장점),0
q019,9,독특하개,0
q019,10,또리커피 관악점,0
q019,11,맨날커피,0
q019,12,데이즈 라이크 디스,0
q019,13,백억커피(서원역점),0
q019,14,코아르(coar),0
q019,19,컴포즈커피 신림중앙점,0
q019,34,카페사계,1
q019,47,플랙,0
q019,57,Label Board Cafe(레이블 보드게임 카페),0
q019,84,빽다방 신림난곡점,0
q019,88,빽다방 신림대학점,0
q019,89,매머드익스프레스 신림역점,1
q019,106,밀크커피,3
q019,121,미남커피,0
q019,125,엣홈,0
q019,134,카페느티나무 동원관점,0
q019,135,UNSIDE COFFEE ROASTERS(언사이드 커피 로스터스),0
q019,136,만랩커피 신림별빛거리점,3
q019,137,카페 오름,0
q019,145,백억커피 구로점,0
q019,150,오스커피하우스,0
q019,197,더벤티 신림점,0
q019,200,매머드 익스프레스 신림대학점,1
q020,0,어반커피,2
q020,2,시그니처커피2호점,2
q020,3,소재지,3
q020,4,홍카페 HONG CAFE,1
q020,5,투달러커피 난곡사거리점,2
q020,6,딜 카페,3
q020,8,감성커피(신림우림시장점),2
q020,9,독특하개,2
q020,10,또리커피 관악점,1
q020,11,맨날커피,0
q020,12,데이즈 라이크 디스,3
q020,13,백억커피(서원역점),1
q020,21,워킹카우,3
q020,30,카페 플롬,3
q020,32,카페 하나,1
q020,39,모꼬지,1
q020,53,컴포즈커피 신림녹두점,3
q020,62,세미온,2
q020,74,커피 브륄레,3
q020,114,카페마실,0
q020,124,커피브라운,1
q020,125,엣홈,0
q020,152,low position(로우 포지션),3
q020,153,별의별카페,3
q020,161,카페 리버스(Cafe Reverse),3
q020,165,카페 아이엔지 서울대자연과학대학점,0
q020,172,카페모닝듀,2
q020,173,포레스트 하우스,3
q020,176,커피니쉬(COFFEE NISHE),3
q020,183,메모,3
q020,193,신림마당,3
q021,5,투달러커피 난곡사거리점,3
q021,8,감성커피(신림우림시장점),0
q021,9,독특하개,0
q021,10,또리커피 관악점,0
q021,11,맨날커피,0
q021,30,카페 플롬,3
q021,46,원브릿지,3
q021,52,디저트문,2
q021,61,더리터신림점,0
q021,71,소소한행복,0
q021,72,그릿 커피랩 신림점,3
q021,111,cafe 66(카페 66),3
q021,120,cup&coffee 컵앤커피,3
q021,127,이디야 신림미성점,3
q021,133,컴포즈커피 신림대학점,0
q021,136,만랩커피 신림별빛거리점,3
q021,137,카페 오름,3
q021,139,카페여기,0
q021,156,시티스트릿츠,0
q021,161,카페 리버스(Cafe Reverse),3
q021,165,카페 아이엔지 서울대자연과학대학점,2
q021,170,카페 188,3
q021,189,카페게이트 신림별빛거리점,3
q021,191,카페 아래로 ARERO,3
q021,199,바나프레소 신림역점,0
q022,0,어반커피,2
q022,1,쉼표브레드,2
q022,2,시그니처커피2호점,2
q022,3,소재지,3
q022,4,홍카페 HONG CAFE,3
q022,5,투달러커피 난곡사거리점,3
q022,7,301h(301에이치),3
q022,8,감성커피(신림우림시장점),2
q022,9,독특하개,2
q022,10,또리커피 관악점,2
q022,11,맨날커피,1
q022,12,데이즈 라이크 디스,3
q022,13,백억커피(서원역점),2
q022,14,코아르(coar),3
q022,17,블렌더스(BLENDERS),3
q022,21,워킹카우,3
q022,32,카페 하나,2
q022,55,THE ROASTER 59(더 로스터 59),3
q022,90,페이브 베이커리 서울대점,3
q022,92,슬지로운생활,3
q022,97,카페뉴욕 신림점,1
q022,111,cafe 66(카페 66),3
q022,114,카페마실,1
q022,125,엣홈,0
q022,135,UNSIDE COFFEE ROASTERS(언사이드 커피 로스터스),3
q022,152,low position(로우 포지션),3
q022,153,별의별카페,3
q022,156,시티스트릿츠,3
q022,172,카페모닝듀,3
q022,177,읍천리382 신림점,3
q022,197,더벤티 신림점,0
q023,0,어반커피,2
q023,1,쉼표브레드,1
q023,2,시그니처커피2호점,1
q023,4,홍카페 HONG CAFE,3
q023,5,투달러커피 난곡사거리점,3
q023,6,딜 카페,2
q023,7,301h(301에이치),3
q023,8,감성커피(신림우림시장점),1
q023,9,독특하개,1
q023,10,또리커피 관악점,1
q023,11,맨날커피,0
q023,12,데이즈 라이크 디스,3
q023,13,백억커피(서원역점),1
q023,14,코아르(coar),3
q023,17,블렌더스(BLENDERS),2
q023,21,워킹카우,3
q023,28,토마 화실,3
q023,30,카페 플롬,3
q023,34,카페사계,1
q023,37,FOAM & normal (폼앤노말),3
q023,46,원브릿지,3
q023,60,사과당 서울대점,3
q023,92,슬지로운생활,2
q023,97,카페뉴욕 신림점,0
q023,106,밀크커피,2
q023,113,탐앤탐스 삼모타워 신림역점,1
q023,125,엣홈,0
q023,135,UNSIDE COFFEE ROASTERS(언사이드 커피 로스터스),3
q023,156,시티스트릿츠,3
q023,197,더벤티 신림점,0
q024,9,독특하개,3
q024,14,코아르(coar),1
q024,20,세상의 모든 디저트,3
q024,23,킹덤보드게임카페 신림점,3
q024,28,토마 화실,3
q024,58,쉬즈베이글,2
q024,59,걸작커피,3
q024,84,빽다방 신림난곡점,1
q024,87,도로시쿠케 Dorothycookae,3
q024,104,카페느티나무도서관점,0
q024,110,이디야커피(신림패션문화점),3
q024,113,탐앤탐스 삼모타워 신림역점,2
q024,116,반지만들기 카페,3
q024,123,카페오아시아,1
q024,125,엣홈,0
q024,131,카페느티나무 음대점,0
q024,133,컴포즈커피 신림대학점,1
q024,135,UNSIDE COFFEE ROASTERS(언사이드 커피 로스터스),1
q024,137,카페 오름,3
q024,157,카페일기,3
q024,160,카페오트르,3
q024,162,별별카롱,3
q024,168,더리터 신림중앙점,1
q024,178,쉼 카페,3
q024,179,굽다방,3
q024,188,스타벅스 신림녹두거리점,3
q024,197,더벤티 신림점,0
q025,0,어반커피,1
q025,1,쉼표브레드,0
q025,2,시그니처커피2호점,0
q025,3,소재지,1
q025,4,홍카페 HONG CAFE,0
q025,5,투달러커피 난곡사거리점,1
q025,6,딜 카페,3
q025,8,감성커피(신림우림시장점),0
q025,9,독특하개,0
q025,10,또리커피 관악점,0
q025,11,맨날커피,0
q025,12,데이즈 라이크 디스,0
q025,13,백억커피(서원역점),0
q025,14,코아르(coar),0
q025,15,서울버터샌드,0
q025,21,워킹카우,1
q025,34,카페사계,1
q025,38,카페캘리 본점,1
q025,40,에놀라 톤,0
q025,105,카페한보리,2
q025,112,커피당,1
q025,120,cup&coffee 컵앤커피,1
q025,128,파스쿠찌 센트로서울대점,3
q025,137,카페 오름,2
q025,153,별의별카페,0
q025,161,카페 리버스(Cafe Reverse),1
q025,170,카페 188,0
q025,172,카페모닝듀,1
q025,173,포레스트 하우스,2
q025,183,메모,0
q025,191,카페 아래로 ARERO,2
q026,0,어반커피,2
q026,1,쉼표브레드,1
q026,2,시그니처커피2호점,3
q026,4,홍카페 HONG CAFE,2
q026,5,투달러커피 난곡사거리점,3
q026,8,감성커피(신림우림시장점),3
q026,9,독특하개,3
q026,10,또리커피 관악점,2
q026,11,맨날커피,0
q026,12,데이즈 라이크 디스,3
q026,13,백억커피(서원역점),1
q026,18,썰카페,2
q026,32,카페 하나,2
q026,63,카페드림,1
q026,78,컴포즈커피,0
q026,79,블루포트 서울대점,3
q026,100,카페스토어,0
q026,103,인더숲,2
q026,104,카페느티나무도서관점,2
q026,110,이디야커피(신림패션문화점),3
q026,112,커피당,2
q026,123,카페오아시아,3
q026,128,파스쿠찌 센트로서울대점,3
q026,146,Mono Hertz(모노헤르쯔),3
q026,151,CAFE216,3
q026,152,low position(로우 포지션),3
q026,176,커피니쉬(COFFEE NISHE),3
q026,183,메모,2
q026,190,컴포즈커피 서울대신양학술정보관3점,3
q026,193,신림마당,3
q027,2,시그니처커피2호점,1
q027,4,홍카페 HONG CAFE,1
q027,5,투달러커피 난곡사거리점,1
q027,6,딜 카페,2
q027,8,감성커피(신림우림시장점),1
q027,9,독특하개,1
q027,10,또리커피 관악점,1
q027,11,맨날커피,0
q027,12,데이즈 라이크 디스,2
q027,13,백억커피(서원역점),1
q027,14,코아르(coar),1
q027,31,카페레이브,3
q027,32,카페 하나,0
q027,44,마티스커피,2
q027,47,플랙,3
q027,60,사과당 서울대점,2
q027,63,카페드림,0
q027,71,소소한행복,0
q027,80,궁전다방,2
q027,97,카페뉴욕 신림점,0
q027,103,인더숲,1
q027,108,투썸플레이스 신림녹두거리점,3
q027,120,cup&coffee 컵앤커피,0
q027,125,엣홈,0
q027,131,카페느티나무 음대점,0
q027,152,low position(로우 포지션),2
q027,169,OJE COFFEE(오제커피),1
q027,173,포레스트 하우스,0
q027,176,커피니쉬(COFFEE NISHE),2
q027,183,메모,0
q027,188,스타벅스 신림녹두거리점,3
q027,193,신림마당,1
q028,0,어반커피,0
q028,1,쉼표브레드,0
q028,2,시그니처커피2호점,0
q028,3,소재지,0
q028,4,홍카페 HONG CAFE,3
q028,5,투달러커피 난곡사거리점,0
q028,6,딜 카페,0
q028,8,감성커피(신림우림시장점),0
q028,9,독특하개,0
q028,10,또리커피 관악점,0
q028,11,맨날커피,0
q028,12,데이즈 라이크 디스,0
q028,13,백억커피(서원역점),0
q028,14,코아르(coar),0
q028,34,카페사계,0
q028,42,비행커피,0
q028,49,1.5도씨,0
q028,55,THE ROASTER 59(더 로스터 59),0
q028,69,디저트39 신림역점,3
q028,75,하삼동커피 신림난곡점,0
q028,84,빽다방 신림난곡점,0
q028,110,이디야커피(신림패션문화점),0
q028,134,카페느티나무 동원관점,0
q028,139,카페여기,3
q028,143,바나다커피 신림신원점,3
q028,145,백억커피 구로점,0
q028,150,오스커피하우스,0
q028,157,카페일기,3
q028,181,백억커피,0
q028,195,할리스 신림점,0
q028,197,더벤티 신림점,0
q028,200,매머드 익스프레스 신림대학점,0
q029,0,어반커피,0
q029,1,쉼표브레드,0
q029,2,시그니처커피2호점,2
q029,3,소재지,0
q029,4,홍카페 HONG CAFE,0
q029,5,투달러커피 난곡사거리점,0
q029,6,딜 카페,2
q029,8,감성커피(신림우림시장점),2
q029,9,독특하개,0
q029,10,또리커피 관악점,0
q029,11,맨날커피,0
q029,12,데이즈 라이크 디스,0
q029,13,백억커피(서원역점),3
q029,14,코아르(coar),0
q029,32,카페 하나,0
q029,36,텐퍼센트커피 신림역점,1
q029,40,에놀라 톤,0
q029,42,비행커피,3
q029,47,플랙,0
q029,58,쉬즈베이글,0
q029,70,백억커피 신림점,2
q029,103,인더숲,3
q029,123,카페오아시아,1
q029,141,아토커피 신림점,3
q029,144,더벤티구로힐스테이트점,1
q029,156,시티스트릿츠,0
q029,168,더리터 신림중앙점,0
q029,169,OJE COFFEE(오제커피),2
q029,197,더벤티 신림점,0
q029,199,바나프레소 신림역점,1
q030,0,어반커피,1
q030,2,시그니처커피2호점,0
q030,4,홍카페 HONG CAFE,1
q030,5,투달러커피 난곡사거리점,1
q030,6,딜 카페,1
q030,7,301h(301에이치),0
q030,8,감성커피(신림우림시장점),0
q030,9,독특하개,3
q030,10,또리커피 관악점,0
q030,11,맨날커피,0
q030,12,데이즈 라이크 디스,0
q030,13,백억커피(서원역점),0
q030,14,코아르(coar),0
q030,18,썰카페,2
q030,30,카페 플롬,1
q030,44,마티스커피,1
q030,56,그리니,0
q030,63,카페드림,0
q030,67,데이지 커피,0
q030,72,그릿 커피랩 신림점,0
q030,80,궁전다방,0
q030,88,빽다방 신림대학점,2
q030,125,엣홈,0
q030,146,Mono Hertz(모노헤르쯔),1
q030,152,low position(로우 포지션),1
q030,170,카페 188,0
q030,176,커피니쉬(COFFEE NISHE),1
q030,177,읍천리382 신림점,1
q030,184,빽다방 서원역점,0
q031,0,어반커피,0
q031,1,쉼표브레드,0
q031,2,시그니처커피2호점,0
q031,3,소재지,0
q031,4,홍카페 HONG CAFE,0
q031,5,투달러커피 난곡사거리점,0
q031,6,딜 카페,0
q031,8,감성커피(신림우림시장점),0
q031,9,독특하개,0
q031,10,또리커피 관악점,0
q031,11,맨날커피,0
q031,12,데이즈 라이크 디스,0
q031,13,백억커피(서원역점),0
q031,14,코아르(coar),0
q031,25,블러 커피,0
q031,55,THE ROASTER 59(더 로스터 59),0
q031,63,카페드림,0
q031,72,그릿 커피랩 신림점,0
q031,88,빽다방 신림대학점,0
q031,90,페이브 베이커리 서울대점,0
q031,93,진서의 정원,3
q031,111,cafe 66(카페 66),0
q031,123,카페오아시아,0
q031,125,엣홈,0
q031,131,카페느티나무 음대점,0
q031,137,카페 오름,0
q031,146,Mono Hertz(모노헤르쯔),0
q031,152,low position(로우 포지션),0
q031,193,신림마당,0
q031,197,더벤티 신림점,0
q032,7,301h(301에이치),3
q032,15,서울버터샌드,2
q032,25,블러 커피,2
q032,27,후후라운지,1
q032,32,카페 하나,3
q032,37,FOAM & normal (폼앤노말),1
q032,43,메이지커피,2
q032,44,마티스커피,3
q032,52,디저트문,2
q032,53,컴포즈커피 신림녹두점,3
q032,55,THE ROASTER 59(더 로스터 59),2
q032,60,사과당 서울대점,3
q032,63,카페드림,1
q032,76,이디야커피(신림대학동점),3
q032,77,파스쿠찌 서울대관정도서관점,3
q032,78,컴포즈커피,0
q032,79,블루포트 서울대점,3
q032,82,프롬 카페(from. cafe),3
q032,107,엔제리너스 대학점,2
q032,112,커피당,2
q032,123,카페오아시아,3
q032,132,구동커피,1
q032,151,CAFE216,3
q032,183,메모,2
q032,190,컴포즈커피 서울대신양학술정보관3점,3
q032,192,mug 공대,1
q032,193,신림마당,3
q032,198,히포커피 신림점,3
q033,0,어반커피,1
q033,1,쉼표브레드,1
q033,2,시그니처커피2호점,1
q033,4,홍카페 HONG CAFE,3
q033,5,투달러커피 난곡사거리점,2
q033,6,딜 카페,2
q033,8,감성커피(신림우림시장점),2
q033,9,독특하개,1
q033,10,또리커피 관악점,1
q033,11,맨날커피,0
q033,12,데이즈 라이크 디스,2
q033,13,백억커피(서원역점),1
q033,17,블렌더스(BLENDERS),1
q033,21,워킹카우,1
q033,30,카페 플롬,2
q033,33,크로플집,0
q033,64,과일담은 요거트 맛집 yomat,1
q033,84,빽다방 신림난곡점,1
q033,96,데이굿(DAY GOOD),3
q033,97,카페뉴욕 신림점,0
q033,114,카페마실,0
q033,122,G-CAFE,3
q033,125,엣홈,0
q033,135,UNSIDE COFFEE ROASTERS(언사이드 커피 로스터스),2
q033,141,아토커피 신림점,2
q033,152,low position(로우 포지션),2
q033,153,별의별카페,1
q033,161,카페 리버스(Cafe Reverse),2
q033,167,카페in하루,3
q033,172,카페모닝듀,1
q033,197,더벤티 신림점,0
q034,0,어반커피,3
q034,1,쉼표브레드,1
q034,2,시그니처커피2호점,2
q034,3,소재지,3
q034,4,홍카페 HONG CAFE,3
q034,5,투달러커피 난곡사거리점,3
q034,6,딜 카페,2
q034,8,감성커피(신림우림시장점),2
q034,9,독특하개,2
q034,10,또리커피 관악점,1
q034,11,맨날커피,0
q034,12,데이즈 라이크 디스,2
q034,13,백억커피(서원역점),1
q034,14,코아르(coar),3
q034,17,블렌더스(BLENDERS),2
q034,18,썰카페,3
q034,21,워킹카우,2
q034,28,토마 화실,2
q034,30,카페 플롬,3
q034,37,FOAM & normal (폼앤노말),3
q034,38,카페캘리 본점,1
q034,46,원브릿지,3
q034,97,카페뉴욕 신림점,0
q034,110,이디야커피(신림패션문화점),3
q034,114,카페마실,0
q034,125,엣홈,0
q034,135,UNSIDE COFFEE ROASTERS(언사이드 커피 로스터스),3
q034,155,메가엠지씨커피 신림역점,2
q034,156,시티스트릿츠,3
q035,0,어반커피,2
q035,1,쉼표브레드,0
q035,2,시그니처커피2호점,3
q035,3,소재지,1
q035,4,홍카페 HONG CAFE,1
q035,5,투달러커피 난곡사거리점,1
q035,6,딜 카페,1
q035,8,감성커피(신림우림시장점),0
q035,9,독특하개,1
q035,10,또리커피 관악점,3
q035,11,맨날커피,1
q035,12,데이즈 라이크 디스,0
q035,13,백억커피(서원역점),3
q035,14,코아르(coar),1
q035,32,카페 하나,0
q035,59,걸작커피,3
q035,64,과일담은 요거트 맛집 yomat,2
q035,73,빽다방 신림역2호점,3
q035,89,매머드익스프레스 신림역점,3
q035,91,카페디딤,1
q035,99,바나타이거(양산점),3
q035,106,밀크커피,3
q035,108,투썸플레이스 신림녹두거리점,3
q035,110,이디야커피(신림패션문화점),3
q035,115,벨라벨로카페(Bella-Bello cafe),2
q035,119,카페라움(CAFE RAUM),2
q035,121,미남커피,1
q035,142,김빙수,2
q035,143,바나다커피 신림신원점,1
q035,164,빽다방 난곡세이브점,2
q035,171,카페봉봉,1
q036,0,어반커피,1
q036,5,투달러커피 난곡사거리점,3
q036,9,독특하개,3
q036,14,코아르(coar),3
q036,17,블렌더스(BLENDERS),2
q036,21,워킹카우,3
q036,30,카페 플롬,3
q036,31,카페레이브,3
q036,37,FOAM & normal (폼앤노말),3
q036,38,카페캘리 본점,3
q036,68,Cafe 912,3
q036,72,그릿 커피랩 신림점,3
q036,74,커피 브륄레,2
q036,99,바나타이거(양산점),1
q036,113,탐앤탐스 삼모타워 신림역점,1
q036,114,카페마실,0
q036,125,엣홈,0
q036,127,이디야 신림미성점,3
q036,135,UNSIDE COFFEE ROASTERS(언사이드 커피 로스터스),3
q036,136,만랩커피 신림별빛거리점,3
q036,147,POPO archive(포포 아카이브),3
q036,152,low position(로우 포지션),3
q036,156,시티스트릿츠,3
q036,172,카페모닝듀,1
q036,173,포레스트 하우스,1
q036,177,읍천리382 신림점,3
q036,186,콤마커피(comma coffee),1
q036,197,더벤티 신림점,0
q037,0,어반커피,0
q037,1,쉼표브레드,0
q037,2,시그니처커피2호점,0
q037,3,소재지,0
q037,4,홍카페 HONG CAFE,0
q037,5,투달러커피 난곡사거리점,0
q037,6,딜 카페,0
q037,7,301h(301에이치),0
q037,8,감성커피(신림우림시장점),0
q037,9,독특하개,0
q037,10,또리커피 관악점,0
q037,11,맨날커피,0
q037,12,데이즈 라이크 디스,0
q037,13,백억커피(서원역점),0
q037,15,서울버터샌드,3
q037,21,워킹카우,0
q037,25,블러 커피,0
q037,27,후후라운지,0
q037,28,토마 화실,0
q037,33,크로플집,0
q037,37,FOAM & normal (폼앤노말),0
q037,39,모꼬지,0
q037,65,로플봉봉,0
q037,67,데이지 커피,0
q037,76,이디야커피(신림대학동점),0
q037,82,프롬 카페(from. cafe),0
q037,88,빽다방 신림대학점,0
q037,96,데이굿(DAY GOOD),0
q037,97,카페뉴욕 신림점,0
q037,110,이디야커피(신림패션문화점),0
q037,116,반지만들기 카페,0
q037,125,엣홈,0
q037,135,UNSIDE COFFEE ROASTERS(언사이드 커피 로스터스),0
q038,0,어반커피,2
q038,1,쉼표브레드,1
q038,2,시그니처커피2호점,3
q038,4,홍카페 HONG CAFE,1
q038,5,투달러커피 난곡사거리점,3
q038,8,감성커피(신림우림시장점),3
q038,9,독특하개,3
q038,10,또리커피 관악점,2
q038,11,맨날커피,0
q038,12,데이즈 라이크 디스,2
q038,13,백억커피(서원역점),1
q038,32,카페 하나,2
q038,63,카페드림,1
q038,76,이디야커피(신림대학동점),3
q038,77,파스쿠찌 서울대관정도서관점,3
q038,78,컴포즈커피,0
q038,93,진서의 정원,3
q038,107,엔제리너스 대학점,2
q038,112,커피당,2
q038,116,반지만들기 카페,3
q038,122,G-CAFE,3
q038,123,카페오아시아,3
q038,126,냥빵,0
q038,136,만랩커피 신림별빛거리점,1
q038,151,CAFE216,3
q038,152,low position(로우 포지션),3
q038,183,메모,3
q038,188,스타벅스 신림녹두거리점,3
q038,190,컴포즈커피 서울대신양학술정보관3점,3
q038,193,신림마당,3
q038,198,히포커피 신림점,3
q039,17,블렌더스(BLENDERS),1
q039,19,컴포즈커피 신림중앙점,2
q039,23,킹덤보드게임카페 신림점,0
q039,34,카페사계,2
q039,42,비행커피,2
q039,60,사과당 서울대점,0
q039,68,Cafe 912,0
q039,69,디저트39 신림역점,2
q039,75,하삼동커피 신림난곡점,1
q039,84,빽다방 신림난곡점,1
q039,89,매머드익스프레스 신림역점,3
q039,97,카페뉴욕 신림점,0
q039,106,밀크커피,1
q039,112,커피당,2
q039,133,컴포즈커피 신림대학점,2
q039,136,만랩커피 신림별빛거리점,2
q039,144,더벤티구로힐스테이트점,1
q039,145,백억커피 구로점,0
q039,149,컴포즈커피 신림난곡점,2
q039,150,오스커피하우스,1
q039,155,메가엠지씨커피 신림역점,2
q039,157,카페일기,2
q039,161,카페 리버스(Cafe Reverse),2
q039,163,Lee 집 coffee,2
q039,164,빽다방 난곡세이브점,2
q039,181,백억커피,1
q039,184,빽다방 서원역점,3
q039,197,더벤티 신림점,0
q039,200,매머드 익스프레스 신림대학점,2
q040,0,어반커피,1
q040,1,쉼표브레드,0
q040,3,소재지,3
q040,4,홍카페 HONG CAFE,0
q040,5,투달러커피 난곡사거리점,0
q040,6,딜 카페,0
q040,8,감성커피(신림우림시장점),0
q040,9,독특하개,0
q040,10,또리커피 관악점,0
q040,11,맨날커피,0
q040,12,데이즈 라이크 디스,0
q040,13,백억커피(서원역점),1
q040,37,FOAM & normal (폼앤노말),3
q040,55,THE ROASTER 59(더 로스터 59),1
q040,63,카페드림,0
q040,72,그릿 커피랩 신림점,0
q040,75,하삼동커피 신림난곡점,0
q040,90,페이브 베이커리 서울대점,0
q040,91,카페디딤,0
q040,99,바나타이거(양산점),0
q040,107,엔제리너스 대학점,0
q040,111,cafe 66(카페 66),3
q040,112,커피당,3
q040,118,데니스커피 남강점,3
q040,125,엣홈,0
q040,127,이디야 신림미성점,2
q040,135,UNSIDE COFFEE ROASTERS(언사이드 커피 로스터스),0
q040,146,Mono Hertz(모노헤르쯔),1
q040,174,할리스커피 난곡사거리점,3
q040,181,백억커피,0
q040,188,스타벅스 신림녹두거리점,0
q040,193,신림마당,1
q041,0,어반커피,1
q041,1,쉼표브레드,3
q041,2,시그니처커피2호점,0
q041,3,소재지,0
q041,4,홍카페 HONG CAFE,0
q041,5,투달러커피 난곡사거리점,1
q041,6,딜 카페,0
q041,8,감성커피(신림우림시장점),0
q041,9,독특하개,0
q041,10,또리커피 관악점,0
q041,11,맨날커피,0
q041,12,데이즈 라이크 디스,2
q041,13,백억커피(서원역점),1
q041,14,코아르(coar),0
q041,42,비행커피,0
q041,48,빌베이커리,3
q041,50,저스트 로맨틱,2
q041,52,디저트문,0
q041,66,빵장수단팥빵cafe 신림점,3
q041,75,하삼동커피 신림난곡점,0
q041,81,앙니드 베이커리카페,3
q041,84,빽다방 신림난곡점,1
q041,85,엄마 커피,0
q041,98,플러스82 관악남부점,0
q041,121,미남커피,0
q041,125,엣홈,0
q041,134,카페느티나무 동원관점,0
q041,145,백억커피 구로점,0
q041,152,low position(로우 포지션),0
q041,175,킷사텐 신림점,1
q041,182,엔제리너스 구로디지털역점,2
q041,184,빽다방 서원역점,0
q041,194,그릭하다,1
q042,0,어반커피,2
q042,1,쉼표브레드,1
q042,2,시그니처커피2호점,3
q042,4,홍카페 HONG CAFE,2
q042,5,투달러커피 난곡사거리점,3
q042,6,딜 카페,3
q042,8,감성커피(신림우림시장점),3
q042,9,독특하개,3
q042,10,또리커피 관악점,2
q042,11,맨날커피,1
q042,12,데이즈 라이크 디스,3
q042,13,백억커피(서원역점),2
q042,17,블렌더스(BLENDERS),3
q042,32,카페 하나,2
q042,44,마티스커피,3
q042,51,데니스커피 신림점,2
q042,55,THE ROASTER 59(더 로스터 59),2
q042,63,카페드림,1
q042,71,소소한행복,1
q042,90,페이브 베이커리 서울대점,3
q042,113,탐앤탐스 삼모타워 신림역점,3
q042,123,카페오아시아,3
q042,125,엣홈,0
q042,136,만랩커피 신림별빛거리점,3
q042,143,바나다커피 신림신원점,2
q042,145,백억커피 구로점,0
q042,152,low position(로우 포지션),3
q042,158,더 런드렛,3
q042,168,더리터 신림중앙점,3
q042,172,카페모닝듀,2
q042,176,커피니쉬(COFFEE NISHE),3
q042,183,메모,3
q042,190,컴포즈커피 서울대신양학술정보관3점,3
q043,0,어반커피,1
q043,1,쉼표브레드,2
q043,2,시그니처커피2호점,2
q043,3,소재지,1
q043,4,홍카페 HONG CAFE,1
q043,5,투달러커피 난곡사거리점,3
q043,6,딜 카페,3
q043,7,301h(301에이치),2
q043,8,감성커피(신림우림시장점),2
q043,9,독특하개,3
q043,10,또리커피 관악점,2
q043,11,맨날커피,0
q043,12,데이즈 라이크 디스,1
q043,13,백억커피(서원역점),1
q043,14,코아르(coar),1
q043,15,서울버터샌드,1
q043,19,컴포즈커피 신림중앙점,1
q043,25,블러 커피,3
q043,32,카페 하나,1
q043,54,빽다방구로KT점,2
q043,57,Label Board Cafe(레이블 보드게임 카페),3
q043,88,빽다방 신림대학점,2
q043,90,페이브 베이커리 서울대점,3
q043,97,카페뉴욕 신림점,0
q043,110,이디야커피(신림패션문화점),3
q043,125,엣홈,0
q043,135,UNSIDE COFFEE ROASTERS(언사이드 커피 로스터스),3
q043,144,더벤티구로힐스테이트점,2
q043,145,백억커피 구로점,0
q043,152,low position(로우 포지션),3
q043,183,메모,2
q043,197,더벤티 신림점,0
q043,200,매머드 익스프레스 신림대학점,2
q044,0,어반커피,2
q044,2,시그니처커피2호점,3
q044,6,딜 카페,3
q044,8,감성커피(신림우림시장점),3
q044,13,백억커피(서원역점),2
q044,15,서울버터샌드,2
q044,24,윈썸,2
q044,25,블러 커피,2
q044,26,Babip(바빕),2
q044,27,후후라운지,2
q044,31,카페레이브,2
q044,32,카페 하나,1
q044,37,FOAM & normal (폼앤노말),2
q044,43,메이지커피,2
q044,44,마티스커피,3
q044,46,원브릿지,2
q044,47,플랙,2
q044,55,THE ROASTER 59(더 로스터 59),3
q044,63,카페드림,1
q044,76,이디야커피(신림대학동점),3
q044,78,컴포즈커피,0
q044,91,카페디딤,3
q044,114,카페마실,1
q044,123,카페오아시아,3
q044,125,엣홈,0
q044,141,아토커피 신림점,2
q044,151,CAFE216,3
q044,152,low position(로우 포지션),3
q044,172,카페모닝듀,2
q044,183,메모,2
q044,193,신림마당,3
q044,197,더벤티 신림점,0
q045,0,어반커피,1
q045,1,쉼표브레드,2
q045,2,시그니처커피2호점,1
q045,3,소재지,2
q045,4,홍카페 HONG CAFE,2
q045,5,투달러커피 난곡사거리점,2
q045,6,딜 카페,3
q045,8,감성커피(신림우림시장점),1
q045,9,독특하개,1
q045,10,또리커피 관악점,1
q045,11,맨날커피,0
q045,12,데이즈 라이크 디스,2
q045,17,블렌더스(BLENDERS),2
q045,25,블러 커피,2
q045,30,카페 플롬,2
q045,55,THE ROASTER 59(더 로스터 59),2
q045,60,사과당 서울대점,3
q045,63,카페드림,0
q045,82,프롬 카페(from. cafe),2
q045,87,도로시쿠케 Dorothycookae,2
q045,90,페이브 베이커리 서울대점,3
q045,97,카페뉴욕 신림점,0
q045,114,카페마실,0
q045,116,반지만들기 카페,2
q045,125,엣홈,0
q045,135,UNSIDE COFFEE ROASTERS(언사이드 커피 로스터스),3
q045,139,카페여기,2
q045,145,백억커피 구로점,0
q045,152,low position(로우 포지션),2
q045,153,별의별카페,2
q045,161,카페 리버스(Cafe Reverse),2
q045,197,더벤티 신림점,0
q046,3,소재지,2
q046,4,홍카페 HONG CAFE,1
q046,5,투달러커피 난곡사거리점,1
q046,7,301h(301에이치),1
q046,8,감성커피(신림우림시장점),0
q046,9,독특하개,0
q046,10,또리커피 관악점,3
q046,11,맨날커피,0
q046,12,데이즈 라이크 디스,2
q046,32,카페 하나,0
q046,54,빽다방구로KT점,1
q046,63,카페드림,3
q046,73,빽다방 신림역2호점,1
q046,78,컴포즈커피,0
q046,92,슬지로운생활,0
q046,107,엔제리너스 대학점,1
q046,113,탐앤탐스 삼모타워 신림역점,3
q046,114,카페마실,0
q046,118,데니스커피 남강점,2
q046,123,카페오아시아,1
q046,125,엣홈,0
q046,146,Mono Hertz(모노헤르쯔),3
q046,151,CAFE216,1
q046,152,low position(로우 포지션),2
q046,155,메가엠지씨커피 신림역점,2
q046,164,빽다방 난곡세이브점,1
q046,171,카페봉봉,0
q046,176,커피니쉬(COFFEE NISHE),3
q046,183,메모,0
q046,190,컴포즈커피 서울대신양학술정보관3점,3
q046,193,신림마당,2
q047,0,어반커피,2
q047,2,시그니처커피2호점,1
q047,4,홍카페 HONG CAFE,3
q047,5,투달러커피 난곡사거리점,3
q047,6,딜 카페,2
q047,7,301h(301에이치),2
q047,8,감성커피(신림우림시장점),1
q047,9,독특하개,1
q047,10,또리커피 관악점,1
q047,11,맨날커피,0
q047,12,데이즈 라이크 디스,3
q047,13,백억커피(서원역점),1
q047,15,서울버터샌드,3
q047,18,썰카페,3
q047,21,워킹카우,2
q047,25,블러 커피,3
q047,27,후후라운지,3
q047,30,카페 플롬,3
q047,37,FOAM & normal (폼앤노말),3
q047,44,마티스커피,3
q047,59,걸작커피,2
q047,67,데이지 커피,2
q047,82,프롬 카페(from. cafe),3
q047,86,더벤티 서울대점,1
q047,92,슬지로운생활,1
q047,97,카페뉴욕 신림점,0
q047,125,엣홈,0
q047,132,구동커피,1
q047,135,UNSIDE COFFEE ROASTERS(언사이드 커피 로스터스),3
q047,143,바나다커피 신림신원점,0
q047,159,나티(NAUGHTY),3
q047,173,포레스트 하우스,1
q048,0,어반커피,0
q048,1,쉼표브레드,0
q048,2,시그니처커피2호점,0
q048,3,소재지,0
q048,4,홍카페 HONG CAFE,0
q048,5,투달러커피 난곡사거리점,0
q048,6,딜 카페,0
q048,8,감성커피(신림우림시장점),0
q048,9,독특하개,0
q048,10,또리커피 관악점,0
q048,11,맨날커피,0
q048,12,데이즈 라이크 디스,0
q048,13,백억커피(서원역점),0
q048,14,코아르(coar),0
q048,19,컴포즈커피 신림중앙점,0
q048,27,후후라운지,0
q048,57,Label Board Cafe(레이블 보드게임 카페),0
q048,75,하삼동커피 신림난곡점,0
q048,88,빽다방 신림대학점,0
q048,97,카페뉴욕 신림점,0
q048,106,밀크커피,0
q048,109,네이밍카페커피GO!#1,0
q048,110,이디야커피(신림패션문화점),0
q048,113,탐앤탐스 삼모타워 신림역점,0
q048,116,반지만들기 카페,0
q048,135,UNSIDE COFFEE ROASTERS(언사이드 커피 로스터스),0
q048,145,백억커피 구로점,0
q048,146,Mono Hertz(모노헤르쯔),0
q048,158,더 런드렛,3
q048,174,할리스커피 난곡사거리점,0
q048,177,읍천리382 신림점,0
q049,0,어반커피,2
q049,1,쉼표브레드,2
q049,2,시그니처커피2호점,2
q049,3,소재지,3
q049,4,홍카페 HONG CAFE,3
q049,5,투달러커피 난곡사거리점,3
q049,6,딜 카페,3
q049,8,감성커피(신림우림시장점),2
q049,9,독특하개,2
q049,10,또리커피 관악점,2
q049,11,맨날커피,1
q049,12,데이즈 라이크 디스,3
q049,13,백억커피(서원역점),2
q049,14,코아르(coar),3
q049,16,커피퍼센트&대단한 요거트 신림점,3
q049,17,블렌더스(BLENDERS),3
q049,32,카페 하나,2
q049,40,에놀라 톤,0
q049,63,카페드림,1
q049,83,마마메이드,1
q049,90,페이브 베이커리 서울대점,3
q049,92,슬지로운생활,3
q049,114,카페마실,1
q049,118,데니스커피 남강점,3
q049,141,아토커피 신림점,3
q049,151,CAFE216,3
q049,152,low position(로우 포지션),3
q049,153,별의별카페,3
q049,159,나티(NAUGHTY),3
q049,172,카페모닝듀,3
q049,173,포레스트 하우스,3
q049,183,메모,3
q050,3,소재지,3
q050,7,301h(301에이치),3
q050,25,블러 커피,2
q050,32,카페 하나,1
q050,35,애담커피,1
q050,37,FOAM & normal (폼앤노말),1
q050,43,메이지커피,2
q050,46,원브릿지,1
q050,47,플랙,2
q050,53,컴포즈커피 신림녹두점,3
q050,60,사과당 서울대점,3
q050,63,카페드림,0
q050,76,이디야커피(신림대학동점),3
q050,77,파스쿠찌 서울대관정도서관점,3
q050,78,컴포즈커피,0
q050,79,블루포트 서울대점,3
q050,80,궁전다방,2
q050,93,진서의 정원,3
q050,98,플러스82 관악남부점,0
q050,107,엔제리너스 대학점,2
q050,112,커피당,1
q050,123,카페오아시아,3
q050,151,CAFE216,3
q050,152,low position(로우 포지션),3
q050,154,"?커피,MOCC",3
q050,183,메모,3
q050,188,스타벅스 신림녹두거리점,3
q050,190,컴포즈커피 서울대신양학술정보관3점,3
q050,193,신림마당,3
q050,198,히포커피 신림점,3
q051,7,301h(301에이치),2
q051,8,감성커피(신림우림시장점),1
q051,10,또리커피 관악점,2
q051,13,백억커피(서원역점),3
q051,16,커피퍼센트&대단한 요거트 신림점,3
q051,20,세상의 모든 디저트,2
q051,28,토마 화실,3
q051,32,카페 하나,1
q051,40,에놀라 톤,0
q051,42,비행커피,2
q051,44,마티스커피,2
q051,52,디저트문,2
q051,63,카페드림,1
q051,69,디저트39 신림역점,2
q051,71,소소한행복,0
q051,103,인더숲,3
q051,109,네이밍카페커피GO!#1,3
q051,123,카페오아시아,3
q051,135,UNSIDE COFFEE ROASTERS(언사이드 커피 로스터스),3
q051,141,아토커피 신림점,3
q051,144,더벤티구로힐스테이트점,2
q051,145,백억커피 구로점,0
q051,153,별의별카페,3
q051,157,카페일기,3
q051,167,카페in하루,3
q051,169,OJE COFFEE(오제커피),3
q051,183,메모,1
q051,187,나인티스,2
q051,193,신림마당,3
q051,197,더벤티 신림점,0
q051,198,히포커피 신림점,3
q052,0,어반커피,2
q052,1,쉼표브레드,2
q052,2,시그니처커피2호점,2
q052,3,소재지,3
q052,4,홍카페 HONG CAFE,3
q052,5,투달러커피 난곡사거리점,2
q052,6,딜 카페,3
q052,8,감성커피(신림우림시장점),2
q052,9,독특하개,2
q052,10,또리커피 관악점,2
q052,11,맨날커피,0
q052,12,데이즈 라이크 디스,3
q052,13,백억커피(서원역점),0
q052,14,코아르(coar),3
q052,17,블렌더스(BLENDERS),3
q052,19,컴포즈커피 신림중앙점,0
q052,34,카페사계,2
q052,60,사과당 서울대점,3
q052,82,프롬 카페(from. cafe),3
q052,92,슬지로운생활,3
q052,97,카페뉴욕 신림점,0
q052,114,카페마실,0
q052,124,커피브라운,0
q052,125,엣홈,0
q052,135,UNSIDE COFFEE ROASTERS(언사이드 커피 로스터스),3
q052,146,Mono Hertz(모노헤르쯔),3
q052,147,POPO archive(포포 아카이브),3
q052,153,별의별카페,3
q052,157,카페일기,0
q052,172,카페모닝듀,3
q052,173,포레스트 하우스,3
q053,0,어반커피,1
q053,1,쉼표브레드,0
q053,2,시그니처커피2호점,2
q053,3,소재지,1
q053,4,홍카페 HONG CAFE,0
q053,5,투달러커피 난곡사거리점,2
q053,6,딜 카페,3
q053,8,감성커피(신림우림시장점),2
q053,9,독특하개,2
q053,10,또리커피 관악점,1
q053,11,맨날커피,0
q053,12,데이즈 라이크 디스,2
q053,13,백억커피(서원역점),0
q053,14,코아르(coar),0
q053,32,카페 하나,1
q053,55,THE ROASTER 59(더 로스터 59),1
q053,63,카페드림,0
q053,69,디저트39 신림역점,2
q053,89,매머드익스프레스 신림역점,0
q053,90,페이브 베이커리 서울대점,2
q053,91,카페디딤,2
q053,103,인더숲,1
q053,107,엔제리너스 대학점,1
q053,112,커피당,3
q053,115,벨라벨로카페(Bella-Bello cafe),2
q053,118,데니스커피 남강점,1
q053,122,G-CAFE,2
q053,146,Mono Hertz(모노헤르쯔),2
q053,152,low position(로우 포지션),2
q053,166,카페게이트 관악신사로점,1
q053,183,메모,1
q053,193,신림마당,2
q054,0,어반커피,1
q054,1,쉼표브레드,0
q054,2,시그니처커피2호점,3
q054,3,소재지,2
q054,4,홍카페 HONG CAFE,2
q054,5,투달러커피 난곡사거리점,3
q054,6,딜 카페,3
q054,8,감성커피(신림우림시장점),3
q054,9,독특하개,3
q054,10,또리커피 관악점,2
q054,11,맨날커피,0
q054,12,데이즈 라이크 디스,2
q054,13,백억커피(서원역점),3
q054,14,코아르(coar),2
q054,17,블렌더스(BLENDERS),3
q054,30,카페 플롬,3
q054,32,카페 하나,2
q054,40,에놀라 톤,0
q054,44,마티스커피,3
q054,46,원브릿지,3
q054,58,쉬즈베이글,1
q054,63,카페드림,1
q054,94,커피마마,1
q054,114,카페마실,0
q054,125,엣홈,0
q054,141,아토커피 신림점,2
q054,145,백억커피 구로점,0
q054,153,별의별카페,3
q054,172,카페모닝듀,2
q054,183,메모,3
q054,188,스타벅스 신림녹두거리점,3
q055,0,어반커피,2
q055,1,쉼표브레드,2
q055,2,시그니처커피2호점,2
q055,3,소재지,3
q055,4,홍카페 HONG CAFE,3
q055,5,투달러커피 난곡사거리점,3
q055,6,딜 카페,3
q055,8,감성커피(신림우림시장점),3
q055,9,독특하개,3
q055,10,또리커피 관악점,2
q055,11,맨날커피,1
q055,12,데이즈 라이크 디스,3
q055,13,백억커피(서원역점),2
q055,14,코아르(coar),3
q055,17,블렌더스(BLENDERS),3
q055,32,카페 하나,3
q055,63,카페드림,1
q055,93,진서의 정원,3
q055,95,디저트 참 잘하는집 신림점,2
q055,97,카페뉴욕 신림점,1
q055,114,카페마실,1
q055,125,엣홈,0
q055,135,UNSIDE COFFEE ROASTERS(언사이드 커피 로스터스),3
q055,141,아토커피 신림점,3
q055,152,low position(로우 포지션),3
q055,153,별의별카페,3
q055,157,카페일기,3
q055,172,카페모닝듀,3
q055,176,커피니쉬(COFFEE NISHE),3
q055,183,메모,3
q055,197,더벤티 신림점,1
q055,198,히포커피 신림점,3
q056,0,어반커피,0
q056,1,쉼표브레드,0
q056,2,시그니처커피2호점,0
q056,3,소재지,0
q056,4,홍카페 HONG CAFE,0
q056,5,투달러커피 난곡사거리점,0
q056,6,딜 카페,0
q056,8,감성커피(신림우림시장점),0
q056,9,독특하개,0
q056,10,또리커피 관악점,0
q056,11,맨날커피,0
q056,12,데이즈 라이크 디스,0
q056,13,백억커피(서원역점),0
q056,14,코아르(coar),0
q056,34,카페사계,0
q056,54,빽다방구로KT점,0
q056,76,이디야커피(신림대학동점),0
q056,84,빽다방 신림난곡점,0
q056,90,페이브 베이커리 서울대점,0
q056,97,카페뉴욕 신림점,0
q056,99,바나타이거(양산점),0
q056,106,밀크커피,0
q056,110,이디야커피(신림패션문화점),0
q056,115,벨라벨로카페(Bella-Bello cafe),0
q056,121,미남커피,0
q056,125,엣홈,0
q056,134,카페느티나무 동원관점,0
q056,136,만랩커피 신림별빛거리점,0
q056,139,카페여기,0
q056,145,백억커피 구로점,0
q056,154,"?커피,MOCC",2
q056,197,더벤티 신림점,0
q056,200,매머드 익스프레스 신림대학점,0
q057,4,홍카페 HONG CAFE,2
q057,5,투달러커피 난곡사거리점,3
q057,8,감성커피(신림우림시장점),2
q057,20,세상의 모든 디저트,2
q057,32,카페 하나,2
q057,34,카페사계,3
q057,38,카페캘리 본점,2
q057,58,쉬즈베이글,1
q057,74,커피 브륄레,3
q057,90,페이브 베이커리 서울대점,3
q057,114,카페마실,1
q057,117,이디야,3
q057,120,cup&coffee 컵앤커피,3
q057,128,파스쿠찌 센트로서울대점,3
q057,137,카페 오름,3
q057,138,스타벅스 신림점,2
q057,141,아토커피 신림점,3
q057,156,시티스트릿츠,3
q057,161,카페 리버스(Cafe Reverse),3
q057,170,카페 188,3
q057,173,포레스트 하우스,3
q057,183,메모,2
q057,184,빽다방 서원역점,2
q057,186,콤마커피(comma coffee),2
q057,194,그릭하다,3
q057,197,더벤티 신림점,0
q058,0,어반커피,2
q058,1,쉼표브레드,1
q058,2,시그니처커피2호점,3
q058,4,홍카페 HONG CAFE,2
q058,5,투달러커피 난곡사거리점,3
q058,6,딜 카페,3
q058,8,감성커피(신림우림시장점),3
q058,9,독특하개,3
q058,10,또리커피 관악점,2
q058,11,맨날커피,1
q058,12,데이즈 라이크 디스,2
q058,13,백억커피(서원역점),2
q058,14,코아르(coar),2
q058,32,카페 하나,1
q058,40,에놀라 톤,0
q058,50,저스트 로맨틱,3
q058,53,컴포즈커피 신림녹두점,3
q058,57,Label Board Cafe(레이블 보드게임 카페),1
q058,63,카페드림,1
q058,73,빽다방 신림역2호점,2
q058,78,컴포즈커피,0
q058,103,인더숲,2
q058,113,탐앤탐스 삼모타워 신림역점,3
q058,114,카페마실,1
q058,123,카페오아시아,3
q058,125,엣홈,0
q058,155,메가엠지씨커피 신림역점,2
q058,160,카페오트르,3
q058,176,커피니쉬(COFFEE NISHE),3
q058,190,컴포즈커피 서울대신양학술정보관3점,3
q058,191,카페 아래로 ARERO,3
q058,193,신림마당,3
q059,0,어반커피,0
q059,1,쉼표브레드,0
q059,2,시그니처커피2호점,0
q059,4,홍카페 HONG CAFE,0
q059,5,투달러커피 난곡사거리점,0
q059,6,딜 카페,0
q059,8,감성커피(신림우림시장점),0
q059,9,독특하개,0
q059,10,또리커피 관악점,0
q059,11,맨날커피,0
q059,12,데이즈 라이크 디스,0
q059,13,백억커피(서원역점),0
q059,14,코아르(coar),0
q059,17,블렌더스(BLENDERS),0
q059,39,모꼬지,3
q059,55,THE ROASTER 59(더 로스터 59),2
q059,63,카페드림,0
q059,88,빽다방 신림대학점,0
q059,90,페이브 베이커리 서울대점,1
q059,103,인더숲,0
q059,107,엔제리너스 대학점,0
q059,109,네이밍카페커피GO!#1,2
q059,111,cafe 66(카페 66),3
q059,118,데니스커피 남강점,3
q059,125,엣홈,0
q059,146,Mono Hertz(모노헤르쯔),2
q059,165,카페 아이엔지 서울대자연과학대학점,0
q059,166,카페게이트 관악신사로점,1
q059,169,OJE COFFEE(오제커피),0
q059,174,할리스커피 난곡사거리점,3
q059,188,스타벅스 신림녹두거리점,0
q059,191,카페 아래로 ARERO,3
q059,193,신림마당,0
q060,0,어반커피,3
q060,1,쉼표브레드,0
q060,2,시그니처커피2호점,0
q060,4,홍카페 HONG CAFE,0
q060,5,투달러커피 난곡사거리점,0
q060,8,감성커피(신림우림시장점),0
q060,9,독특하개,0
q060,10,또리커피 관악점,0
q060,11,맨날커피,0
q060,12,데이즈 라이크 디스,0
q060,13,백억커피(서원역점),0
q060,38,카페캘리 본점,0
q060,63,카페드림,0
q060,72,그릿 커피랩 신림점,0
q060,109,네이밍카페커피GO!#1,3
q060,113,탐앤탐스 삼모타워 신림역점,3
q060,114,카페마실,0
q060,125,엣홈,0
q060,131,카페느티나무 음대점,0
q060,165,카페 아이엔지 서울대자연과학대학점,0
q060,172,카페모닝듀,0
q060,173,포레스트 하우스,0
q060,174,할리스커피 난곡사거리점,3
q060,183,메모,0
q060,188,스타벅스 신림녹두거리점,0
q060,195,할리스 신림점,3
q060,197,더벤티 신림점,0
q061,0,어반커피,0
q061,1,쉼표브레드,0
q061,2,시그니처커피2호점,0
q061,3,소재지,0
q061,4,홍카페 HONG CAFE,0
q061,5,투달러커피 난곡사거리점,0
q061,6,딜 카페,0
q061,8,감성커피(신림우림시장점),0
q061,9,독특하개,0
q061,10,또리커피 관악점,0
q061,11,맨날커피,0
q061,12,데이즈 라이크 디스,0
q061,13,백억커피(서원역점),0
q061,14,코아르(coar),0
q061,27,후후라운지,0
q061,60,사과당 서울대점,0
q061,73,빽다방 신림역2호점,0
q061,84,빽다방 신림난곡점,0
q061,88,빽다방 신림대학점,0
q061,93,진서의 정원,0
q061,99,바나타이거(양산점),0
q061,106,밀크커피,0
q061,111,cafe 66(카페 66),0
q061,121,미남커피,0
q061,122,G-CAFE,3
q061,124,커피브라운,0
q061,125,엣홈,0
q061,135,UNSIDE COFFEE ROASTERS(언사이드 커피 로스터스),0
q061,145,백억커피 구로점,0
q061,166,카페게이트 관악신사로점,0
q061,169,OJE COFFEE(오제커피),0
q061,197,더벤티 신림점,0
q061,200,매머드 익스프레스 신림대학점,0
q062,0,어반커피,0
q062,1,쉼표브레드,0
q062,2,시그니처커피2호점,0
q062,3,소재지,0
q062,4,홍카페 HONG CAFE,0
q062,5,투달러커피 난곡사거리점,0
q062,6,딜 카페,0
q062,8,감성커피(신림우림시장점),0
q062,9,독특하개,0
q062,10,또리커피 관악점,0
q062,11,맨날커피,0
q062,12,데이즈 라이크 디스,0
q062,13,백억커피(서원역점),0
q062,14,코아르(coar),0
q062,23,킹덤보드게임카페 신림점,0
q062,30,카페 플롬,0
q062,34,카페사계,0
q062,38,카페캘리 본점,0
q062,60,사과당 서울대점,0
q062,67,데이지 커피,3
q062,78,컴포즈커피,0
q062,90,페이브 베이커리 서울대점,0
q062,92,슬지로운생활,0
q062,109,네이밍카페커피GO!#1,0
q062,114,카페마실,0
q062,123,카페오아시아,0
q062,125,엣홈,0
q062,132,구동커피,0
q062,134,카페느티나무 동원관점,0
q062,135,UNSIDE COFFEE ROASTERS(언사이드 커피 로스터스),0
q062,156,시티스트릿츠,0
q062,200,매머드 익스프레스 신림대학점,0
q063,0,어반커피,1
q063,2,시그니처커피2호점,0
q063,4,홍카페 HONG CAFE,0
q063,5,투달러커피 난곡사거리점,3
q063,6,딜 카페,0
q063,8,감성커피(신림우림시장점),0
q063,9,독특하개,1
q063,10,또리커피 관악점,0
q063,11,맨날커피,0
q063,12,데이즈 라이크 디스,0
q063,13,백억커피(서원역점),0
q063,29,플레이온 보드게임카페,2
q063,53,컴포즈커피 신림녹두점,1
q063,57,Label Board Cafe(레이블 보드게임 카페),3
q063,76,이디야커피(신림대학동점),3
q063,80,궁전다방,2
q063,88,빽다방 신림대학점,2
q063,96,데이굿(DAY GOOD),0
q063,110,이디야커피(신림패션문화점),3
q063,125,엣홈,0
q063,131,카페느티나무 음대점,0
q063,135,UNSIDE COFFEE ROASTERS(언사이드 커피 로스터스),0
q063,145,백억커피 구로점,0
q063,146,Mono Hertz(모노헤르쯔),3
q063,152,low position(로우 포지션),3
q063,158,더 런드렛,3
q063,164,빽다방 난곡세이브점,1
q063,187,나인티스,1
q063,197,더벤티 신림점,0
q063,200,매머드 익스프레스 신림대학점,0
q064,0,어반커피,0
q064,2,시그니처커피2호점,0
q064,4,홍카페 HONG CAFE,0
q064,5,투달러커피 난곡사거리점,0
q064,6,딜 카페,0
q064,8,감성커피(신림우림시장점),0
q064,9,독특하개,0
q064,10,또리커피 관악점,0
q064,11,맨날커피,0
q064,12,데이즈 라이크 디스,0
q064,13,백억커피(서원역점),0
q064,14,코아르(coar),0
q064,21,워킹카우,0
q064,23,킹덤보드게임카페 신림점,3
q064,29,플레이온 보드게임카페,2
q064,57,Label Board Cafe(레이블 보드게임 카페),2
q064,63,카페드림,0
q064,88,빽다방 신림대학점,0
q064,110,이디야커피(신림패션문화점),0
q064,113,탐앤탐스 삼모타워 신림역점,0
q064,116,반지만들기 카페,3
q064,123,카페오아시아,0
q064,125,엣홈,0
q064,140,국민우유집 신림점,2
q064,145,백억커피 구로점,0
q064,182,엔제리너스 구로디지털역점,0
q064,190,컴포즈커피 서울대신양학술정보관3점,0
q064,197,더벤티 신림점,0
q064,198,히포커피 신림점,0
q065,0,어반커피,0
q065,1,쉼표브레드,0
q065,2,시그니처커피2호점,0
q065,3,소재지,0
q065,4,홍카페 HONG CAFE,0
q065,5,투달러커피 난곡사거리점,0
q065,6,딜 카페,0
q065,7,301h(301에이치),0
q065,8,감성커피(신림우림시장점),0
q065,9,독특하개,0
q065,10,또리커피 관악점,0
q065,11,맨날커피,0
q065,12,데이즈 라이크 디스,0
q065,13,백억커피(서원역점),3
q065,14,코아르(coar),0
q065,21,워킹카우,0
q065,30,카페 플롬,0
q065,45,우체국 옆 빵집,0
q065,47,플랙,0
q065,70,백억커피 신림점,3
q065,97,카페뉴욕 신림점,0
q065,114,카페마실,0
q065,124,커피브라운,0
q065,135,UNSIDE COFFEE ROASTERS(언사이드 커피 로스터스),0
q065,147,POPO archive(포포 아카이브),0
q065,152,low position(로우 포지션),0
q065,153,별의별카페,3
q065,159,나티(NAUGHTY),0
q065,172,카페모닝듀,0
q065,181,백억커피,3
q066,0,어반커피,2
q066,1,쉼표브레드,0
q066,2,시그니처커피2호점,3
q066,3,소재지,1
q066,4,홍카페 HONG CAFE,1
q066,5,투달러커피 난곡사거리점,3
q066,6,딜 카페,2
q066,8,감성커피(신림우림시장점),1
q066,9,독특하개,2
q066,10,또리커피 관악점,2
q066,11,맨날커피,1
q066,12,데이즈 라이크 디스,1
q066,13,백억커피(서원역점),3
q066,14,코아르(coar),1
q066,19,컴포즈커피 신림중앙점,3
q066,22,음매점 신림점,0
q066,62,세미온,1
q066,74,커피 브륄레,2
q066,75,하삼동커피 신림난곡점,2
q066,84,빽다방 신림난곡점,2
q066,89,매머드익스프레스 신림역점,2
q066,99,바나타이거(양산점),3
q066,106,밀크커피,2
q066,108,투썸플레이스 신림녹두거리점,3
q066,115,벨라벨로카페(Bella-Bello cafe),3
q066,121,미남커피,2
q066,125,엣홈,0
q066,144,더벤티구로힐스테이트점,2
q066,145,백억커피 구로점,0
q066,149,컴포즈커피 신림난곡점,2
q066,166,카페게이트 관악신사로점,2
q066,200,매머드 익스프레스 신림대학점,3
q067,0,어반커피,2
q067,1,쉼표브레드,2
q067,2,시그니처커피2호점,2
q067,3,소재지,3
q067,4,홍카페 HONG CAFE,3
q067,5,투달러커피 난곡사거리점,3
q067,6,딜 카페,3
q067,8,감성커피(신림우림시장점),2
q067,9,독특하개,2
q067,10,또리커피 관악점,2
q067,11,맨날커피,1
q067,12,데이즈 라이크 디스,3
q067,13,백억커피(서원역점),2
q067,14,코아르(coar),3
q067,17,블렌더스(BLENDERS),3
q067,27,후후라운지,3
q067,46,원브릿지,3
q067,55,THE ROASTER 59(더 로스터 59),2
q067,63,카페드림,1
q067,67,데이지 커피,2
q067,90,페이브 베이커리 서울대점,3
q067,92,슬지로운생활,3
q067,96,데이굿(DAY GOOD),3
q067,97,카페뉴욕 신림점,0
q067,125,엣홈,0
q067,135,UNSIDE COFFEE ROASTERS(언사이드 커피 로스터스),3
q067,139,카페여기,3
q067,153,별의별카페,3
q067,156,시티스트릿츠,3
q067,160,카페오트르,2
q067,181,백억커피,2
q067,192,mug 공대,1
q068,0,어반커피,3
q068,1,쉼표브레드,2
q068,2,시그니처커피2호점,2
q068,3,소재지,3
q068,4,홍카페 HONG CAFE,3
q068,5,투달러커피 난곡사거리점,3
q068,6,딜 카페,3
q068,8,감성커피(신림우림시장점),3
q068,9,독특하개,2
q068,10,또리커피 관악점,2
q068,11,맨날커피,1
q068,12,데이즈 라이크 디스,3
q068,13,백억커피(서원역점),1
q068,14,코아르(coar),3
q068,21,워킹카우,3
q068,30,카페 플롬,3
q068,37,FOAM & normal (폼앤노말),3
q068,44,마티스커피,3
q068,58,쉬즈베이글,1
q068,97,카페뉴욕 신림점,0
q068,106,밀크커피,3
q068,124,커피브라운,1
q068,125,엣홈,0
q068,126,냥빵,1
q068,135,UNSIDE COFFEE ROASTERS(언사이드 커피 로스터스),3
q068,152,low position(로우 포지션),3
q068,159,나티(NAUGHTY),3
q068,172,카페모닝듀,2
q068,183,메모,2
q068,197,더벤티 신림점,0
q069,0,어반커피,2
q069,1,쉼표브레드,3
q069,2,시그니처커피2호점,2
q069,3,소재지,3
q069,4,홍카페 HONG CAFE,3
q069,5,투달러커피 난곡사거리점,2
q069,6,딜 카페,2
q069,8,감성커피(신림우림시장점),2
q069,9,독특하개,2
q069,10,또리커피 관악점,2
q069,11,맨날커피,1
q069,12,데이즈 라이크 디스,3
q069,13,백억커피(서원역점),1
q069,14,코아르(coar),3
q069,17,블렌더스(BLENDERS),3
q069,21,워킹카우,3
q069,24,윈썸,3
q069,50,저스트 로맨틱,3
q069,68,Cafe 912,3
q069,78,컴포즈커피,0
q069,82,프롬 카페(from. cafe),3
q069,92,슬지로운생활,3
q069,96,데이굿(DAY GOOD),3
q069,97,카페뉴욕 신림점,0
q069,114,카페마실,1
q069,116,반지만들기 카페,3
q069,125,엣홈,0
q069,135,UNSIDE COFFEE ROASTERS(언사이드 커피 로스터스),3
q069,162,별별카롱,3
q069,188,스타벅스 신림녹두거리점,2
q069,196,카페룽고,1
q069,198,히포커피 신림점,2
q070,0,어반커피,1
q070,1,쉼표브레드,3
q070,2,시그니처커피2호점,1
q070,3,소재지,2
q070,4,홍카페 HONG CAFE,2
q070,5,투달러커피 난곡사거리점,1
q070,6,딜 카페,1
q070,7,301h(301에이치),2
q070,8,감성커피(신림우림시장점),1
q070,9,독특하개,1
q070,10,또리커피 관악점,1
q070,11,맨날커피,0
q070,12,데이즈 라이크 디스,2
q070,13,백억커피(서원역점),1
q070,14,코아르(coar),2
q070,17,블렌더스(BLENDERS),2
q070,32,카페 하나,1
q070,60,사과당 서울대점,1
q070,63,카페드림,1
q070,90,페이브 베이커리 서울대점,1
q070,106,밀크커피,1
q070,114,카페마실,0
q070,125,엣홈,0
q070,135,UNSIDE COFFEE ROASTERS(언사이드 커피 로스터스),2
q070,141,아토커피 신림점,2
q070,152,low position(로우 포지션),1
q070,156,시티스트릿츠,2
q070,172,카페모닝듀,2
q070,176,커피니쉬(COFFEE NISHE),2
q070,183,메모,1
q070,197,더벤티 신림점,0
q071,0,어반커피,2
q071,2,시그니처커피2호점,3
q071,3,소재지,3
q071,4,홍카페 HONG CAFE,2
q071,5,투달러커피 난곡사거리점,3
q071,8,감성커피(신림우림시장점),3
q071,9,독특하개,3
q071,10,또리커피 관악점,2
q071,11,맨날커피,1
q071,12,데이즈 라이크 디스,3
q071,17,블렌더스(BLENDERS),3
q071,30,카페 플롬,3
q071,32,카페 하나,3
q071,64,과일담은 요거트 맛집 yomat,3
q071,90,페이브 베이커리 서울대점,3
q071,97,카페뉴욕 신림점,1
q071,114,카페마실,1
q071,117,이디야,3
q071,124,커피브라운,1
q071,141,아토커피 신림점,3
q071,147,POPO archive(포포 아카이브),3
q071,152,low position(로우 포지션),3
q071,153,별의별카페,3
q071,156,시티스트릿츠,3
q071,161,카페 리버스(Cafe Reverse),3
q071,168,더리터 신림중앙점,3
q071,172,카페모닝듀,2
q071,177,읍천리382 신림점,3
q071,179,굽다방,3
q071,183,메모,3
q071,197,더벤티 신림점,1
q072,0,어반커피,2
q072,2,시그니처커피2호점,3
q072,3,소재지,1
q072,4,홍카페 HONG CAFE,3
q072,5,투달러커피 난곡사거리점,3
q072,8,감성커피(신림우림시장점),2
q072,9,독특하개,2
q072,10,또리커피 관악점,2
q072,12,데이즈 라이크 디스,2
q072,17,블렌더스(BLENDERS),3
q072,32,카페 하나,1
q072,44,마티스커피,3
q072,57,Label Board Cafe(레이블 보드게임 카페),1
q072,63,카페드림,1
q072,76,이디야커피(신림대학동점),3
q072,78,컴포즈커피,1
q072,90,페이브 베이커리 서울대점,2
q072,114,카페마실,1
q072,123,카페오아시아,2
q072,125,엣홈,0
q072,133,컴포즈커피 신림대학점,3
q072,135,UNSIDE COFFEE ROASTERS(언사이드 커피 로스터스),3
q072,137,카페 오름,3
q072,145,백억커피 구로점,0
q072,168,더리터 신림중앙점,3
q072,178,쉼 카페,3
q072,183,메모,2
q072,189,카페게이트 신림별빛거리점,3
q072,193,신림마당,3
q072,197,더벤티 신림점,0
q072,198,히포커피 신림점,3
q073,0,어반커피,2
q073,1,쉼표브레드,0
q073,2,시그니처커피2호점,3
q073,3,소재지,3
q073,4,홍카페 HONG CAFE,1
q073,5,투달러커피 난곡사거리점,2
q073,6,딜 카페,3
q073,8,감성커피(신림우림시장점),1
q073,9,독특하개,2
q073,10,또리커피 관악점,2
q073,11,맨날커피,0
q073,12,데이즈 라이크 디스,2
q073,13,백억커피(서원역점),3
q073,32,카페 하나,3
q073,63,카페드림,2
q073,76,이디야커피(신림대학동점),3
q073,78,컴포즈커피,0
q073,93,진서의 정원,3
q073,103,인더숲,3
q073,107,엔제리너스 대학점,2
q073,112,커피당,3
q073,123,카페오아시아,3
q073,146,Mono Hertz(모노헤르쯔),3
q073,151,CAFE216,3
q073,176,커피니쉬(COFFEE NISHE),3
q073,183,메모,2
q073,188,스타벅스 신림녹두거리점,3
q073,190,컴포즈커피 서울대신양학술정보관3점,3
q073,193,신림마당,3
q073,198,히포커피 신림점,3
q074,2,시그니처커피2호점,0
q074,4,홍카페 HONG CAFE,0
q074,5,투달러커피 난곡사거리점,0
q074,6,딜 카페,1
q074,8,감성커피(신림우림시장점),0
q074,9,독특하개,3
q074,10,또리커피 관악점,0
q074,11,맨날커피,0
q074,12,데이즈 라이크 디스,1
q074,13,백억커피(서원역점),0
q074,24,윈썸,2
q074,40,에놀라 톤,0
q074,41,키키's 버터,2
q074,66,빵장수단팥빵cafe 신림점,0
q074,78,컴포즈커피,0
q074,82,프롬 카페(from. cafe),2
q074,105,카페한보리,2
q074,132,구동커피,0
q074,136,만랩커피 신림별빛거리점,2
q074,137,카페 오름,1
q074,148,Coffee Planet(커피 플래닛),1
q074,156,시티스트릿츠,0
q074,161,카페 리버스(Cafe Reverse),1
q074,170,카페 188,1
q074,173,포레스트 하우스,0
q074,178,쉼 카페,2
q074,183,메모,0
q075,0,어반커피,2
q075,1,쉼표브레드,2
q075,2,시그니처커피2호점,2
q075,3,소재지,3
q075,4,홍카페 HONG CAFE,3
q075,5,투달러커피 난곡사거리점,2
q075,6,딜 카페,2
q075,8,감성커피(신림우림시장점),2
q075,9,독특하개,2
q075,10,또리커피 관악점,2
q075,11,맨날커피,0
q075,12,데이즈 라이크 디스,2
q075,13,백억커피(서원역점),2
q075,14,코아르(coar),3
q075,17,블렌더스(BLENDERS),3
q075,18,썰카페,3
q075,32,카페 하나,2
q075,38,카페캘리 본점,3
q075,40,에놀라 톤,0
q075,71,소소한행복,1
q075,78,컴포즈커피,0
q075,87,도로시쿠케 Dorothycookae,2
q075,114,카페마실,1
q075,141,아토커피 신림점,3
q075,147,POPO archive(포포 아카이브),3
q075,150,오스커피하우스,2
q075,152,low position(로우 포지션),3
q075,156,시티스트릿츠,3
q075,172,카페모닝듀,2
q075,173,포레스트 하우스,3
q075,177,읍천리382 신림점,3
q076,0,어반커피,0
q076,1,쉼표브레드,0
q076,2,시그니처커피2호점,0
q076,3,소재지,0
q076,4,홍카페 HONG CAFE,0
q076,5,투달러커피 난곡사거리점,1
q076,6,딜 카페,0
q076,8,감성커피(신림우림시장점),0
q076,9,독특하개,0
q076,10,또리커피 관악점,0
q076,11,맨날커피,0
q076,12,데이즈 라이크 디스,0
q076,13,백억커피(서원역점),0
q076,38,카페캘리 본점,2
q076,55,THE ROASTER 59(더 로스터 59),2
q076,90,페이브 베이커리 서울대점,3
q076,105,카페한보리,1
q076,111,cafe 66(카페 66),2
q076,114,카페마실,0
q076,120,cup&coffee 컵앤커피,0
q076,125,엣홈,0
q076,128,파스쿠찌 센트로서울대점,3
q076,135,UNSIDE COFFEE ROASTERS(언사이드 커피 로스터스),3
q076,137,카페 오름,3
q076,139,카페여기,3
q076,141,아토커피 신림점,3
q076,165,카페 아이엔지 서울대자연과학대학점,0
q076,170,카페 188,2
q076,173,포레스트 하우스,2
q076,187,나인티스,0
q076,190,컴포즈커피 서울대신양학술정보관3점,3
q076,191,카페 아래로 ARERO,3
q077,0,어반커피,1
q077,1,쉼표브레드,0
q077,2,시그니처커피2호점,2
q077,3,소재지,1
q077,4,홍카페 HONG CAFE,1
q077,5,투달러커피 난곡사거리점,1
q077,6,딜 카페,2
q077,8,감성커피(신림우림시장점),1
q077,9,독특하개,1
q077,10,또리커피 관악점,2
q077,11,맨날커피,0
q077,12,데이즈 라이크 디스,1
q077,13,백억커피(서원역점),1
q077,14,코아르(coar),1
q077,24,윈썸,1
q077,32,카페 하나,1
q077,63,카페드림,1
q077,71,소소한행복,0
q077,80,궁전다방,3
q077,103,인더숲,1
q077,107,엔제리너스 대학점,1
q077,114,카페마실,0
q077,123,카페오아시아,1
q077,125,엣홈,0
q077,151,CAFE216,1
q077,152,low position(로우 포지션),1
q077,167,카페in하루,2
q077,176,커피니쉬(COFFEE NISHE),2
q077,183,메모,1
q077,190,컴포즈커피 서울대신양학술정보관3점,1
q077,193,신림마당,2
q078,0,어반커피,2
q078,1,쉼표브레드,2
q078,2,시그니처커피2호점,3
q078,3,소재지,2
q078,4,홍카페 HONG CAFE,3
q078,5,투달러커피 난곡사거리점,3
q078,6,딜 카페,3
q078,8,감성커피(신림우림시장점),2
q078,9,독특하개,3
q078,10,또리커피 관악점,2
q078,11,맨날커피,1
q078,12,데이즈 라이크 디스,3
q078,13,백억커피(서원역점),2
q078,14,코아르(coar),3
q078,17,블렌더스(BLENDERS),3
q078,34,카페사계,1
q078,35,애담커피,3
q078,38,카페캘리 본점,3
q078,68,Cafe 912,3
q078,73,빽다방 신림역2호점,1
q078,77,파스쿠찌 서울대관정도서관점,3
q078,78,컴포즈커피,0
q078,106,밀크커피,3
q078,114,카페마실,1
q078,125,엣홈,0
q078,135,UNSIDE COFFEE ROASTERS(언사이드 커피 로스터스),3
q078,137,카페 오름,3
q078,148,Coffee Planet(커피 플래닛),3
q078,156,시티스트릿츠,3
q078,159,나티(NAUGHTY),3
q078,197,더벤티 신림점,0
q079,0,어반커피,0
q079,4,홍카페 HONG CAFE,0
q079,5,투달러커피 난곡사거리점,1
q079,8,감성커피(신림우림시장점),0
q079,9,독특하개,0
q079,10,또리커피 관악점,0
q079,11,맨날커피,0
q079,12,데이즈 라이크 디스,0
q079,19,컴포즈커피 신림중앙점,3
q079,20,세상의 모든 디저트,3
q079,34,카페사계,0
q079,39,모꼬지,0
q079,46,원브릿지,0
q079,67,데이지 커피,0
q079,75,하삼동커피 신림난곡점,3
q079,84,빽다방 신림난곡점,0
q079,121,미남커피,3
q079,130,투썸플레이스 신림로점,3
q079,134,카페느티나무 동원관점,0
q079,135,UNSIDE COFFEE ROASTERS(언사이드 커피 로스터스),0
q079,136,만랩커피 신림별빛거리점,0
q079,157,카페일기,0
q079,174,할리스커피 난곡사거리점,0
q079,175,킷사텐 신림점,3
q079,200,매머드 익스프레스 신림대학점,3
q080,0,어반커피,1
q080,1,쉼표브레드,0
q080,2,시그니처커피2호점,1
q080,4,홍카페 HONG CAFE,0
q080,5,투달러커피 난곡사거리점,1
q080,6,딜 카페,1
q080,8,감성커피(신림우림시장점),1
q080,9,독특하개,1
q080,10,또리커피 관악점,0
q080,11,맨날커피,0
q080,12,데이즈 라이크 디스,0
q080,13,백억커피(서원역점),0
q080,14,코아르(coar),0
q080,17,블렌더스(BLENDERS),1
q080,23,킹덤보드게임카페 신림점,3
q080,29,플레이온 보드게임카페,3
q080,44,마티스커피,3
q080,46,원브릿지,0
q080,57,Label Board Cafe(레이블 보드게임 카페),0
q080,63,카페드림,0
q080,64,과일담은 요거트 맛집 yomat,0
q080,91,카페디딤,3
q080,94,커피마마,0
q080,114,카페마실,0
q080,125,엣홈,0
q080,141,아토커피 신림점,0
q080,145,백억커피 구로점,0
q080,153,별의별카페,0
q080,155,메가엠지씨커피 신림역점,0
q080,185,노와드코코 베이커리,0
q080,198,히포커피 신림점,0
q081,0,어반커피,0
q081,1,쉼표브레드,0
q081,2,시그니처커피2호점,0
q081,4,홍카페 HONG CAFE,0
q081,5,투달러커피 난곡사거리점,0
q081,6,딜 카페,0
q081,8,감성커피(신림우림시장점),0
q081,9,독특하개,0
q081,10,또리커피 관악점,0
q081,11,맨날커피,0
q081,12,데이즈 라이크 디스,0
q081,13,백억커피(서원역점),0
q081,27,후후라운지,0
q081,28,토마 화실,0
q081,46,원브릿지,3
q081,58,쉬즈베이글,0
q081,63,카페드림,0
q081,86,더벤티 서울대점,0
q081,88,빽다방 신림대학점,0
q081,99,바나타이거(양산점),0
q081,104,카페느티나무도서관점,1
q081,110,이디야커피(신림패션문화점),0
q081,130,투썸플레이스 신림로점,0
q081,132,구동커피,2
q081,134,카페느티나무 동원관점,0
q081,135,UNSIDE COFFEE ROASTERS(언사이드 커피 로스터스),0
q081,158,더 런드렛,1
q081,160,카페오트르,1
q081,174,할리스커피 난곡사거리점,0
q081,182,엔제리너스 구로디지털역점,0
q081,193,신림마당,0
q081,198,히포커피 신림점,0
q082,0,어반커피,1
q082,6,딜 카페,2
q082,7,301h(301에이치),2
q082,9,독특하개,2
q082,12,데이즈 라이크 디스,1
q082,24,윈썸,2
q082,32,카페 하나,1
q082,34,카페사계,1
q082,40,에놀라 톤,0
q082,41,키키's 버터,3
q082,45,우체국 옆 빵집,0
q082,47,플랙,2
q082,54,빽다방구로KT점,2
q082,56,그리니,0
q082,63,카페드림,0
q082,67,데이지 커피,2
q082,74,커피 브륄레,2
q082,76,이디야커피(신림대학동점),3
q082,82,프롬 카페(from. cafe),3
q082,86,더벤티 서울대점,0
q082,88,빽다방 신림대학점,2
q082,90,페이브 베이커리 서울대점,2
q082,105,카페한보리,3
q082,118,데니스커피 남강점,1
q082,123,카페오아시아,2
q082,148,Coffee Planet(커피 플래닛),2
q082,151,CAFE216,1
q082,170,카페 188,2
q082,178,쉼 카페,3
q082,183,메모,1
q082,190,컴포즈커피 서울대신양학술정보관3점,2
q082,193,신림마당,3
q083,0,어반커피,1
q083,2,시그니처커피2호점,2
q083,3,소재지,1
q083,4,홍카페 HONG CAFE,3
q083,5,투달러커피 난곡사거리점,1
q083,6,딜 카페,2
q083,8,감성커피(신림우림시장점),1
q083,9,독특하개,1
q083,10,또리커피 관악점,1
q083,11,맨날커피,0
q083,12,데이즈 라이크 디스,1
q083,13,백억커피(서원역점),0
q083,14,코아르(coar),1
q083,17,블렌더스(BLENDERS),1
q083,24,윈썸,3
q083,26,Babip(바빕),1
q083,42,비행커피,0
q083,46,원브릿지,3
q083,70,백억커피 신림점,0
q083,134,카페느티나무 동원관점,0
q083,139,카페여기,3
q083,143,바나다커피 신림신원점,3
q083,145,백억커피 구로점,0
q083,150,오스커피하우스,0
q083,157,카페일기,2
q083,160,카페오트르,1
q083,171,카페봉봉,0
q083,186,콤마커피(comma coffee),1
q083,193,신림마당,1
q084,2,시그니처커피2호점,0
q084,4,홍카페 HONG CAFE,2
q084,5,투달러커피 난곡사거리점,2
q084,6,딜 카페,0
q084,7,301h(301에이치),0
q084,8,감성커피(신림우림시장점),0
q084,9,독특하개,0
q084,10,또리커피 관악점,0
q084,11,맨날커피,0
q084,12,데이즈 라이크 디스,1
q084,13,백억커피(서원역점),0
q084,15,서울버터샌드,2
q084,18,썰카페,2
q084,21,워킹카우,0
q084,27,후후라운지,2
q084,30,카페 플롬,1
q084,39,모꼬지,2
q084,44,마티스커피,3
q084,59,걸작커피,2
q084,65,로플봉봉,0
q084,82,프롬 카페(from. cafe),1
q084,91,카페디딤,3
q084,92,슬지로운생활,0
q084,96,데이굿(DAY GOOD),2
q084,97,카페뉴욕 신림점,0
q084,116,반지만들기 카페,2
q084,125,엣홈,0
q084,138,스타벅스 신림점,0
q084,147,POPO archive(포포 아카이브),1
q084,154,"?커피,MOCC",2
q084,173,포레스트 하우스,1
q084,184,빽다방 서원역점,0
q084,196,카페룽고,0
q085,0,어반커피,0
q085,6,딜 카페,0
q085,7,301h(301에이치),3
q085,13,백억커피(서원역점),0
q085,24,윈썸,0
q085,25,블러 커피,0
q085,26,Babip(바빕),0
q085,28,토마 화실,0
q085,31,카페레이브,0
q085,32,카페 하나,0
q085,37,FOAM & normal (폼앤노말),0
q085,39,모꼬지,0
q085,43,메이지커피,0
q085,44,마티스커피,0
q085,46,원브릿지,2
q085,47,플랙,0
q085,78,컴포즈커피,0
q085,118,데니스커피 남강점,2
q085,123,카페오아시아,0
q085,135,UNSIDE COFFEE ROASTERS(언사이드 커피 로스터스),0
q085,138,스타벅스 신림점,3
q085,161,카페 리버스(Cafe Reverse),0
q085,172,카페모닝듀,0
q085,174,할리스커피 난곡사거리점,3
q085,191,카페 아래로 ARERO,0
q085,193,신림마당,0
q085,196,카페룽고,0
q085,197,더벤티 신림점,0
q086,0,어반커피,2
q086,1,쉼표브레드,1
q086,2,시그니처커피2호점,2
q086,4,홍카페 HONG CAFE,2
q086,5,투달러커피 난곡사거리점,3
q086,6,딜 카페,3
q086,8,감성커피(신림우림시장점),2
q086,9,독특하개,2
q086,10,또리커피 관악점,2
q086,11,맨날커피,0
q086,12,데이즈 라이크 디스,2
q086,13,백억커피(서원역점),1
q086,14,코아르(coar),3
q086,16,커피퍼센트&대단한 요거트 신림점,2
q086,17,블렌더스(BLENDERS),2
q086,27,후후라운지,2
q086,38,카페캘리 본점,2
q086,46,원브릿지,3
q086,63,카페드림,1
q086,92,슬지로운생활,2
q086,97,카페뉴욕 신림점,0
q086,110,이디야커피(신림패션문화점),3
q086,114,카페마실,0
q086,125,엣홈,0
q086,135,UNSIDE COFFEE ROASTERS(언사이드 커피 로스터스),3
q086,147,POPO archive(포포 아카이브),2
q086,156,시티스트릿츠,3
q086,166,카페게이트 관악신사로점,1
q086,197,더벤티 신림점,0
q086,198,히포커피 신림점,3
q087,2,시그니처커피2호점,3
q087,4,홍카페 HONG CAFE,1
q087,5,투달러커피 난곡사거리점,3
q087,6,딜 카페,3
q087,8,감성커피(신림우림시장점),3
q087,9,독특하개,3
q087,10,또리커피 관악점,2
q087,11,맨날커피,1
q087,12,데이즈 라이크 디스,2
q087,13,백억커피(서원역점),2
q087,14,코아르(coar),1
q087,19,컴포즈커피 신림중앙점,1
q087,24,윈썸,2
q087,32,카페 하나,3
q087,36,텐퍼센트커피 신림역점,1
q087,40,에놀라 톤,0
q087,58,쉬즈베이글,1
q087,63,카페드림,1
q087,76,이디야커피(신림대학동점),3
q087,78,컴포즈커피,0
q087,79,블루포트 서울대점,3
q087,89,매머드익스프레스 신림역점,1
q087,113,탐앤탐스 삼모타워 신림역점,2
q087,123,카페오아시아,3
q087,130,투썸플레이스 신림로점,3
q087,144,더벤티구로힐스테이트점,3
q087,155,메가엠지씨커피 신림역점,1
q087,169,OJE COFFEE(오제커피),3
q087,183,메모,3
q087,186,콤마커피(comma coffee),2
q087,190,컴포즈커피 서울대신양학술정보관3점,3
q087,193,신림마당,3
q088,0,어반커피,0
q088,7,301h(301에이치),0
q088,10,또리커피 관악점,0
q088,13,백억커피(서원역점),3
q088,16,커피퍼센트&대단한 요거트 신림점,3
q088,17,블렌더스(BLENDERS),0
q088,20,세상의 모든 디저트,3
q088,26,Babip(바빕),0
q088,37,FOAM & normal (폼앤노말),0
q088,40,에놀라 톤,0
q088,42,비행커피,3
q088,52,디저트문,3
q088,60,사과당 서울대점,0
q088,69,디저트39 신림역점,3
q088,70,백억커피 신림점,0
q088,92,슬지로운생활,0
q088,109,네이밍카페커피GO!#1,3
q088,114,카페마실,0
q088,139,카페여기,0
q088,141,아토커피 신림점,3
q088,145,백억커피 구로점,0
q088,153,별의별카페,3
q088,157,카페일기,3
q088,167,카페in하루,3
q088,188,스타벅스 신림녹두거리점,0
q088,193,신림마당,0
q088,196,카페룽고,0
q088,198,히포커피 신림점,3
q089,3,소재지,1
q089,23,킹덤보드게임카페 신림점,3
q089,25,블러 커피,1
q089,32,카페 하나,0
q089,37,FOAM & normal (폼앤노말),1
q089,43,메이지커피,1
q089,47,플랙,1
q089,57,Label Board Cafe(레이블 보드게임 카페),2
q089,62,세미온,0
q089,63,카페드림,0
q089,69,디저트39 신림역점,1
q089,72,그릿 커피랩 신림점,1
q089,74,커피 브륄레,1
q089,77,파스쿠찌 서울대관정도서관점,1
q089,79,블루포트 서울대점,1
q089,88,빽다방 신림대학점,0
q089,91,카페디딤,1
q089,93,진서의 정원,0
q089,97,카페뉴욕 신림점,0
q089,107,엔제리너스 대학점,1
q089,109,네이밍카페커피GO!#1,1
q089,113,탐앤탐스 삼모타워 신림역점,0
q089,116,반지만들기 카페,3
q089,131,카페느티나무 음대점,0
q089,146,Mono Hertz(모노헤르쯔),1
q089,182,엔제리너스 구로디지털역점,1
q089,183,메모,0
q089,190,컴포즈커피 서울대신양학술정보관3점,1
q089,192,mug 공대,0
q089,196,카페룽고,0
q089,198,히포커피 신림점,1
q090,0,어반커피,2
q090,3,소재지,3
q090,4,홍카페 HONG CAFE,2
q090,7,301h(301에이치),3
q090,8,감성커피(신림우림시장점),1
q090,15,서울버터샌드,2
q090,18,썰카페,1
q090,25,블러 커피,3
q090,30,카페 플롬,3
q090,31,카페레이브,2
q090,32,카페 하나,1
q090,37,FOAM & normal (폼앤노말),2
q090,41,키키's 버터,3
q090,50,저스트 로맨틱,2
q090,63,카페드림,0
q090,77,파스쿠찌 서울대관정도서관점,3
q090,91,카페디딤,3
q090,93,진서의 정원,3
q090,100,카페스토어,0
q090,103,인더숲,1
q090,107,엔제리너스 대학점,2
q090,123,카페오아시아,3
q090,151,CAFE216,3
q090,168,더리터 신림중앙점,2
q090,183,메모,2
q090,184,빽다방 서원역점,0
q090,188,스타벅스 신림녹두거리점,3
q090,190,컴포즈커피 서울대신양학술정보관3점,3
q090,191,카페 아래로 ARERO,2
q090,193,신림마당,3
q090,195,할리스 신림점,2
q090,198,히포커피 신림점,3
q091,7,301h(301에이치),2
q091,15,서울버터샌드,2
q091,25,블러 커피,2
q091,29,플레이온 보드게임카페,1
q091,32,카페 하나,2
q091,37,FOAM & normal (폼앤노말),2
q091,43,메이지커피,3
q091,44,마티스커피,3
q091,52,디저트문,2
q091,53,컴포즈커피 신림녹두점,3
q091,55,THE ROASTER 59(더 로스터 59),2
q091,60,사과당 서울대점,3
q091,63,카페드림,1
q091,76,이디야커피(신림대학동점),3
q091,77,파스쿠찌 서울대관정도서관점,3
q091,79,블루포트 서울대점,3
q091,90,페이브 베이커리 서울대점,3
q091,107,엔제리너스 대학점,2
q091,110,이디야커피(신림패션문화점),3
q091,112,커피당,2
q091,122,G-CAFE,3
q091,123,카페오아시아,2
q091,127,이디야 신림미성점,2
q091,146,Mono Hertz(모노헤르쯔),2
q091,151,CAFE216,2
q091,166,카페게이트 관악신사로점,2
q091,183,메모,1
q091,190,컴포즈커피 서울대신양학술정보관3점,3
q091,193,신림마당,3
q091,198,히포커피 신림점,2
q092,0,어반커피,1
q092,2,시그니처커피2호점,1
q092,4,홍카페 HONG CAFE,1
q092,5,투달러커피 난곡사거리점,2
q092,8,감성커피(신림우림시장점),1
q092,9,독특하개,1
q092,10,또리커피 관악점,1
q092,11,맨날커피,0
q092,12,데이즈 라이크 디스,1
q092,28,토마 화실,2
q092,30,카페 플롬,3
q092,34,카페사계,1
q092,50,저스트 로맨틱,1
q092,59,걸작커피,2
q092,82,프롬 카페(from. cafe),3
q092,87,도로시쿠케 Dorothycookae,2
q092,90,페이브 베이커리 서울대점,3
q092,105,카페한보리,1
q092,111,cafe 66(카페 66),3
q092,115,벨라벨로카페(Bella-Bello cafe),2
q092,117,이디야,3
q092,120,cup&coffee 컵앤커피,3
q092,136,만랩커피 신림별빛거리점,2
q092,137,카페 오름,3
q092,139,카페여기,3
q092,143,바나다커피 신림신원점,1
q092,150,오스커피하우스,1
q092,156,시티스트릿츠,3
q092,161,카페 리버스(Cafe Reverse),3
q092,165,카페 아이엔지 서울대자연과학대학점,2
q092,170,카페 188,3
q092,197,더벤티 신림점,0
q093,3,소재지,1
q093,7,301h(301에이치),2
q093,13,백억커피(서원역점),1
q093,16,커피퍼센트&대단한 요거트 신림점,2
q093,20,세상의 모든 디저트,1
q093,25,블러 커피,2
q093,32,카페 하나,1
q093,33,크로플집,0
q093,40,에놀라 톤,0
q093,42,비행커피,1
q093,43,메이지커피,2
q093,46,원브릿지,2
q093,52,디저트문,3
q093,53,컴포즈커피 신림녹두점,2
q093,55,THE ROASTER 59(더 로스터 59),2
q093,60,사과당 서울대점,2
q093,77,파스쿠찌 서울대관정도서관점,3
q093,78,컴포즈커피,0
q093,79,블루포트 서울대점,3
q093,86,더벤티 서울대점,1
q093,90,페이브 베이커리 서울대점,1
q093,119,카페라움(CAFE RAUM),1
q093,123,카페오아시아,2
q093,141,아토커피 신림점,1
q093,151,CAFE216,1
q093,153,별의별카페,2
q093,183,메모,1
q093,188,스타벅스 신림녹두거리점,3
q093,190,컴포즈커피 서울대신양학술정보관3점,3
q093,192,mug 공대,1
q093,193,신림마당,2
q093,198,히포커피 신림점,2
q094,4,홍카페 HONG CAFE,2
q094,5,투달러커피 난곡사거리점,3
q094,7,301h(301에이치),2
q094,8,감성커피(신림우림시장점),2
q094,9,독특하개,2
q094,10,또리커피 관악점,1
q094,14,코아르(coar),3
q094,18,썰카페,2
q094,21,워킹카우,3
q094,30,카페 플롬,2
q094,32,카페 하나,1
q094,39,모꼬지,3
q094,51,데니스커피 신림점,1
q094,67,데이지 커피,1
q094,82,프롬 카페(from. cafe),2
q094,86,더벤티 서울대점,0
q094,97,카페뉴욕 신림점,0
q094,102,attendo(아텐도),3
q094,116,반지만들기 카페,2
q094,118,데니스커피 남강점,1
q094,122,G-CAFE,2
q094,138,스타벅스 신림점,1
q094,146,Mono Hertz(모노헤르쯔),2
q094,151,CAFE216,2
q094,152,low position(로우 포지션),3
q094,153,별의별카페,1
q094,160,카페오트르,2
q094,174,할리스커피 난곡사거리점,1
q094,179,굽다방,2
q094,192,mug 공대,0
q095,3,소재지,2
q095,5,투달러커피 난곡사거리점,3
q095,19,컴포즈커피 신림중앙점,1
q095,28,토마 화실,2
q095,32,카페 하나,1
q095,34,카페사계,1
q095,42,비행커피,1
q095,60,사과당 서울대점,2
q095,63,카페드림,1
q095,69,디저트39 신림역점,2
q095,75,하삼동커피 신림난곡점,1
q095,78,컴포즈커피,0
q095,84,빽다방 신림난곡점,2
q095,89,매머드익스프레스 신림역점,3
q095,97,카페뉴욕 신림점,0
q095,106,밀크커피,2
q095,112,커피당,3
q095,125,엣홈,0
q095,132,구동커피,2
q095,133,컴포즈커피 신림대학점,2
q095,136,만랩커피 신림별빛거리점,2
q095,145,백억커피 구로점,0
q095,149,컴포즈커피 신림난곡점,2
q095,155,메가엠지씨커피 신림역점,2
q095,156,시티스트릿츠,2
q095,157,카페일기,2
q095,161,카페 리버스(Cafe Reverse),3
q095,163,Lee 집 coffee,2
q095,169,OJE COFFEE(오제커피),2
q095,181,백억커피,1
q095,200,매머드 익스프레스 신림대학점,3
q096,19,컴포즈커피 신림중앙점,1
q096,20,세상의 모든 디저트,0
q096,23,킹덤보드게임카페 신림점,3
q096,34,카페사계,1
q096,42,비행커피,1
q096,50,저스트 로맨틱,0
q096,57,Label Board Cafe(레이블 보드게임 카페),3
q096,60,사과당 서울대점,0
q096,69,디저트39 신림역점,1
q096,84,빽다방 신림난곡점,0
q096,88,빽다방 신림대학점,0
q096,89,매머드익스프레스 신림역점,1
q096,110,이디야커피(신림패션문화점),0
q096,112,커피당,1
q096,116,반지만들기 카페,3
q096,133,컴포즈커피 신림대학점,1
q096,136,만랩커피 신림별빛거리점,1
q096,140,국민우유집 신림점,3
q096,149,컴포즈커피 신림난곡점,1
q096,150,오스커피하우스,0
q096,155,메가엠지씨커피 신림역점,1
q096,157,카페일기,1
q096,165,카페 아이엔지 서울대자연과학대학점,0
q096,200,매머드 익스프레스 신림대학점,1
q097,9,독특하개,2
q097,14,코아르(coar),0
q097,16,커피퍼센트&대단한 요거트 신림점,1
q097,20,세상의 모든 디저트,2
q097,23,킹덤보드게임카페 신림점,1
q097,28,토마 화실,2
q097,46,원브릿지,0
q097,54,빽다방구로KT점,1
q097,58,쉬즈베이글,1
q097,59,걸작커피,2
q097,66,빵장수단팥빵cafe 신림점,0
q097,73,빽다방 신림역2호점,1
q097,84,빽다방 신림난곡점,1
q097,87,도로시쿠케 Dorothycookae,2
q097,106,밀크커피,1
q097,108,투썸플레이스 신림녹두거리점,3
q097,110,이디야커피(신림패션문화점),2
q097,116,반지만들기 카페,2
q097,121,미남커피,1
q097,133,컴포즈커피 신림대학점,1
q097,143,바나다커피 신림신원점,0
q097,157,카페일기,2
q097,162,별별카롱,1
q097,164,빽다방 난곡세이브점,1
q097,178,쉼 카페,2
q097,179,굽다방,2
q097,184,빽다방 서원역점,0
q097,188,스타벅스 신림녹두거리점,2
q098,0,어반커피,1
q098,1,쉼표브레드,1
q098,2,시그니처커피2호점,1
q098,4,홍카페 HONG CAFE,1
q098,5,투달러커피 난곡사거리점,1
q098,6,딜 카페,1
q098,8,감성커피(신림우림시장점),1
q098,9,독특하개,1
q098,10,또리커피 관악점,1
q098,11,맨날커피,1
q098,12,데이즈 라이크 디스,1
q098,13,백억커피(서원역점),2
q098,14,코아르(coar),1
q098,42,비행커피,2
q098,58,쉬즈베이글,1
q098,84,빽다방 신림난곡점,1
q098,88,빽다방 신림대학점,1
q098,103,인더숲,3
q098,106,밀크커피,1
q098,110,이디야커피(신림패션문화점),1
q098,119,카페라움(CAFE RAUM),1
q098,121,미남커피,1
q098,135,UNSIDE COFFEE ROASTERS(언사이드 커피 로스터스),1
q098,144,더벤티구로힐스테이트점,1
q098,145,백억커피 구로점,1
q098,151,CAFE216,1
q098,169,OJE COFFEE(오제커피),1
q098,173,포레스트 하우스,1
q098,177,읍천리382 신림점,3
q098,185,노와드코코 베이커리,1
q098,200,매머드 익스프레스 신림대학점,1
q099,0,어반커피,1
q099,2,시그니처커피2호점,1
q099,4,홍카페 HONG CAFE,0
q099,5,투달러커피 난곡사거리점,3
q099,6,딜 카페,1
q099,8,감성커피(신림우림시장점),1
q099,9,독특하개,1
q099,10,또리커피 관악점,1
q099,11,맨날커피,0
q099,12,데이즈 라이크 디스,1
q099,13,백억커피(서원역점),1
q099,23,킹덤보드게임카페 신림점,0
q099,36,텐퍼센트커피 신림역점,1
q099,53,컴포즈커피 신림녹두점,3
q099,57,Label Board Cafe(레이블 보드게임 카페),3
q099,75,하삼동커피 신림난곡점,1
q099,78,컴포즈커피,0
q099,80,궁전다방,3
q099,82,프롬 카페(from. cafe),3
q099,88,빽다방 신림대학점,2
q099,89,매머드익스프레스 신림역점,0
q099,96,데이굿(DAY GOOD),1
q099,106,밀크커피,2
q099,110,이디야커피(신림패션문화점),3
q099,145,백억커피 구로점,0
q099,155,메가엠지씨커피 신림역점,1
q099,158,더 런드렛,3
q099,164,빽다방 난곡세이브점,2
q099,184,빽다방 서원역점,1
q099,187,나인티스,2
q100,0,어반커피,1
q100,1,쉼표브레드,0
q100,2,시그니처커피2호점,1
q100,4,홍카페 HONG CAFE,0
q100,5,투달러커피 난곡사거리점,1
q100,8,감성커피(신림우림시장점),0
q100,9,독특하개,0
q100,10,또리커피 관악점,0
q100,11,맨날커피,0
q100,12,데이즈 라이크 디스,0
q100,22,음매점 신림점,0
q100,27,후후라운지,3
q100,28,토마 화실,2
q100,30,카페 플롬,3
q100,55,THE ROASTER 59(더 로스터 59),1
q100,67,데이지 커피,0
q100,75,하삼동커피 신림난곡점,0
q100,82,프롬 카페(from. cafe),3
q100,87,도로시쿠케 Dorothycookae,3
q100,90,페이브 베이커리 서울대점,3
q100,97,카페뉴욕 신림점,0
q100,105,카페한보리,0
q100,109,네이밍카페커피GO!#1,0
q100,114,카페마실,0
q100,122,G-CAFE,0
q100,123,카페오아시아,0
q100,125,엣홈,0
q100,130,투썸플레이스 신림로점,0
q100,135,UNSIDE COFFEE ROASTERS(언사이드 커피 로스터스),0
q100,139,카페여기,0
q100,193,신림마당,0
q101,4,홍카페 HONG CAFE,2
q101,7,301h(301에이치),2
q101,15,서울버터샌드,1
q101,25,블러 커피,1
q101,27,후후라운지,1
q101,32,카페 하나,1
q101,37,FOAM & normal (폼앤노말),2
q101,43,메이지커피,2
q101,44,마티스커피,2
q101,49,1.5도씨,0
q101,52,디저트문,2
q101,53,컴포즈커피 신림녹두점,2
q101,55,THE ROASTER 59(더 로스터 59),2
q101,60,사과당 서울대점,2
q101,67,데이지 커피,1
q101,76,이디야커피(신림대학동점),2
q101,77,파스쿠찌 서울대관정도서관점,2
q101,79,블루포트 서울대점,2
q101,90,페이브 베이커리 서울대점,2
q101,106,밀크커피,1
q101,107,엔제리너스 대학점,2
q101,112,커피당,3
q101,122,G-CAFE,2
q101,123,카페오아시아,2
q101,146,Mono Hertz(모노헤르쯔),2
q101,151,CAFE216,2
q101,158,더 런드렛,1
q101,183,메모,1
q101,188,스타벅스 신림녹두거리점,2
q101,190,컴포즈커피 서울대신양학술정보관3점,2
q101,193,신림마당,2
q102,8,감성커피(신림우림시장점),0
q102,20,세상의 모든 디저트,1
q102,32,카페 하나,1
q102,34,카페사계,2
q102,47,플랙,3
q102,58,쉬즈베이글,2
q102,63,카페드림,0
q102,64,과일담은 요거트 맛집 yomat,1
q102,70,백억커피 신림점,0
q102,74,커피 브륄레,3
q102,90,페이브 베이커리 서울대점,2
q102,114,카페마실,0
q102,117,이디야,2
q102,120,cup&coffee 컵앤커피,1
q102,128,파스쿠찌 센트로서울대점,1
q102,137,카페 오름,2
q102,138,스타벅스 신림점,1
q102,141,아토커피 신림점,2
q102,149,컴포즈커피 신림난곡점,1
q102,155,메가엠지씨커피 신림역점,1
q102,156,시티스트릿츠,2
q102,169,OJE COFFEE(오제커피),2
q102,170,카페 188,2
q102,173,포레스트 하우스,2
q102,183,메모,2
q102,184,빽다방 서원역점,1
q102,194,그릭하다,1
q102,197,더벤티 신림점,0
q103,3,소재지,2
q103,7,301h(301에이치),2
q103,13,백억커피(서원역점),0
q103,20,세상의 모든 디저트,0
q103,25,블러 커피,3
q103,27,후후라운지,3
q103,32,카페 하나,1
q103,43,메이지커피,3
q103,46,원브릿지,3
q103,47,플랙,2
q103,53,컴포즈커피 신림녹두점,2
q103,55,THE ROASTER 59(더 로스터 59),2
q103,60,사과당 서울대점,3
q103,63,카페드림,0
q103,77,파스쿠찌 서울대관정도서관점,3
q103,78,컴포즈커피,0
q103,79,블루포트 서울대점,2
q103,80,궁전다방,3
q103,90,페이브 베이커리 서울대점,2
q103,93,진서의 정원,3
q103,97,카페뉴욕 신림점,0
q103,107,엔제리너스 대학점,2
q103,116,반지만들기 카페,3
q103,122,G-CAFE,3
q103,123,카페오아시아,2
q103,146,Mono Hertz(모노헤르쯔),3
q103,151,CAFE216,2
q103,152,low position(로우 포지션),3
q103,176,커피니쉬(COFFEE NISHE),3
q103,183,메모,2
q103,193,신림마당,3
q103,198,히포커피 신림점,2
q104,4,홍카페 HONG CAFE,2
q104,8,감성커피(신림우림시장점),1
q104,9,독특하개,1
q104,10,또리커피 관악점,1
q104,11,맨날커피,0
q104,14,코아르(coar),2
q104,17,블렌더스(BLENDERS),2
q104,19,컴포즈커피 신림중앙점,3
q104,20,세상의 모든 디저트,3
q104,28,토마 화실,2
q104,29,플레이온 보드게임카페,2
q104,34,카페사계,1
q104,38,카페캘리 본점,1
q104,46,원브릿지,3
q104,67,데이지 커피,1
q104,71,소소한행복,1
q104,75,하삼동커피 신림난곡점,3
q104,92,슬지로운생활,2
q104,114,카페마실,0
q104,120,cup&coffee 컵앤커피,2
q104,121,미남커피,3
q104,130,투썸플레이스 신림로점,3
q104,139,카페여기,2
q104,175,킷사텐 신림점,2
q104,186,콤마커피(comma coffee),2
q104,195,할리스 신림점,2
q104,200,매머드 익스프레스 신림대학점,3
q105,3,소재지,3
q105,25,블러 커피,2
q105,28,토마 화실,2
q105,32,카페 하나,2
q105,37,FOAM & normal (폼앤노말),2
q105,43,메이지커피,3
q105,47,플랙,3
q105,61,더리터신림점,1
q105,63,카페드림,1
q105,67,데이지 커피,2
q105,69,디저트39 신림역점,3
q105,72,그릿 커피랩 신림점,2
q105,74,커피 브륄레,3
q105,76,이디야커피(신림대학동점),3
q105,77,파스쿠찌 서울대관정도서관점,3
q105,78,컴포즈커피,0
q105,79,블루포트 서울대점,3
q105,88,빽다방 신림대학점,2
q105,91,카페디딤,3
q105,93,진서의 정원,3
q105,103,인더숲,3
q105,109,네이밍카페커피GO!#1,2
q105,111,cafe 66(카페 66),2
q105,123,카페오아시아,3
q105,144,더벤티구로힐스테이트점,3
q105,146,Mono Hertz(모노헤르쯔),3
q105,151,CAFE216,3
q105,183,메모,2
q105,184,빽다방 서원역점,0
q105,190,컴포즈커피 서울대신양학술정보관3점,3
q105,193,신림마당,3
q105,196,카페룽고,2
q105,198,히포커피 신림점,3
q106,3,소재지,2
q106,7,301h(301에이치),2
q106,25,블러 커피,2
q106,31,카페레이브,2
q106,32,카페 하나,1
q106,33,크로플집,1
q106,43,메이지커피,2
q106,46,원브릿지,2
q106,47,플랙,2
q106,53,컴포즈커피 신림녹두점,3
q106,55,THE ROASTER 59(더 로스터 59),2
q106,60,사과당 서울대점,3
q106,63,카페드림,1
q106,77,파스쿠찌 서울대관정도서관점,3
q106,78,컴포즈커피,0
q106,79,블루포트 서울대점,2
q106,80,궁전다방,2
q106,90,페이브 베이커리 서울대점,3
q106,93,진서의 정원,3
q106,107,엔제리너스 대학점,2
q106,110,이디야커피(신림패션문화점),3
q106,112,커피당,2
q106,119,카페라움(CAFE RAUM),2
q106,123,카페오아시아,3
q106,128,파스쿠찌 센트로서울대점,3
q106,166,카페게이트 관악신사로점,2
q106,183,메모,2
q106,186,콤마커피(comma coffee),2
q106,188,스타벅스 신림녹두거리점,3
q106,190,컴포즈커피 서울대신양학술정보관3점,3
q106,193,신림마당,3
q107,3,소재지,0
q107,4,홍카페 HONG CAFE,1
q107,14,코아르(coar),1
q107,21,워킹카우,1
q107,23,킹덤보드게임카페 신림점,1
q107,27,후후라운지,2
q107,28,토마 화실,1
q107,29,플레이온 보드게임카페,1
q107,30,카페 플롬,1
q107,31,카페레이브,2
q107,34,카페사계,1
q107,50,저스트 로맨틱,1
q107,60,사과당 서울대점,1
q107,67,데이지 커피,1
q107,82,프롬 카페(from. cafe),2
q107,91,카페디딤,1
q107,92,슬지로운생활,1
q107,97,카페뉴욕 신림점,0
q107,108,투썸플레이스 신림녹두거리점,1
q107,110,이디야커피(신림패션문화점),1
q107,114,카페마실,1
q107,116,반지만들기 카페,1
q107,118,데니스커피 남강점,1
q107,119,카페라움(CAFE RAUM),1
q107,125,엣홈,0
q107,135,UNSIDE COFFEE ROASTERS(언사이드 커피 로스터스),1
q107,163,Lee 집 coffee,3
q107,196,카페룽고,0
q107,197,더벤티 신림점,0
q108,0,어반커피,2
q108,7,301h(301에이치),3
q108,9,독특하개,3
q108,11,맨날커피,0
q108,12,데이즈 라이크 디스,3
q108,23,킹덤보드게임카페 신림점,1
q108,31,카페레이브,3
q108,32,카페 하나,2
q108,36,텐퍼센트커피 신림역점,2
q108,39,모꼬지,3
q108,40,에놀라 톤,0
q108,47,플랙,3
q108,54,빽다방구로KT점,2
q108,57,Label Board Cafe(레이블 보드게임 카페),1
q108,63,카페드림,1
q108,66,빵장수단팥빵cafe 신림점,3
q108,67,데이지 커피,3
q108,73,빽다방 신림역2호점,2
q108,74,커피 브륄레,3
q108,76,이디야커피(신림대학동점),3
q108,88,빽다방 신림대학점,3
q108,89,매머드익스프레스 신림역점,1
q108,102,attendo(아텐도),3
q108,118,데니스커피 남강점,3
q108,123,카페오아시아,3
q108,130,투썸플레이스 신림로점,3
q108,136,만랩커피 신림별빛거리점,3
q108,141,아토커피 신림점,3
q108,155,메가엠지씨커피 신림역점,3
q108,172,카페모닝듀,3
q108,173,포레스트 하우스,3
q108,199,바나프레소 신림역점,2
q109,0,어반커피,1
q109,2,시그니처커피2호점,2
q109,3,소재지,3
q109,4,홍카페 HONG CAFE,3
q109,8,감성커피(신림우림시장점),1
q109,9,독특하개,1
q109,10,또리커피 관악점,0
q109,11,맨날커피,0
q109,12,데이즈 라이크 디스,2
q109,30,카페 플롬,3
q109,47,플랙,2
q109,50,저스트 로맨틱,3
q109,52,디저트문,3
q109,60,사과당 서울대점,3
q109,65,로플봉봉,0
q109,68,Cafe 912,1
q109,82,프롬 카페(from. cafe),3
q109,85,엄마 커피,0
q109,87,도로시쿠케 Dorothycookae,3
q109,90,페이브 베이커리 서울대점,3
q109,96,데이굿(DAY GOOD),2
q109,105,카페한보리,0
q109,114,카페마실,0
q109,118,데니스커피 남강점,0
q109,125,엣홈,0
q109,130,투썸플레이스 신림로점,3
q109,137,카페 오름,3
q109,139,카페여기,2
q109,154,"?커피,MOCC",3
q109,159,나티(NAUGHTY),3
q110,4,홍카페 HONG CAFE,0
q110,7,301h(301에이치),0
q110,8,감성커피(신림우림시장점),0
q110,9,독특하개,0
q110,10,또리커피 관악점,0
q110,34,카페사계,2
q110,38,카페캘리 본점,0
q110,59,걸작커피,2
q110,78,컴포즈커피,0
q110,99,바나타이거(양산점),2
q110,103,인더숲,2
q110,105,카페한보리,0
q110,106,밀크커피,2
q110,111,cafe 66(카페 66),2
q110,120,cup&coffee 컵앤커피,2
q110,125,엣홈,0
q110,127,이디야 신림미성점,2
q110,128,파스쿠찌 센트로서울대점,3
q110,136,만랩커피 신림별빛거리점,3
q110,137,카페 오름,3
q110,147,POPO archive(포포 아카이브),2
q110,159,나티(NAUGHTY),0
q110,161,카페 리버스(Cafe Reverse),3
q110,165,카페 아이엔지 서울대자연과학대학점,2
q110,166,카페게이트 관악신사로점,0
q110,170,카페 188,3
q110,179,굽다방,2
q110,186,콤마커피(comma coffee),3
q110,188,스타벅스 신림녹두거리점,2
q110,189,카페게이트 신림별빛거리점,3
q110,191,카페 아래로 ARERO,3
q110,197,더벤티 신림점,0
q111,0,어반커피,1
q111,4,홍카페 HONG CAFE,2
q111,7,301h(301에이치),2
q111,8,감성커피(신림우림시장점),1
q111,9,독특하개,1
q111,10,또리커피 관악점,1
q111,12,데이즈 라이크 디스,2
q111,17,블렌더스(BLENDERS),2
q111,21,워킹카우,2
q111,26,Babip(바빕),2
q111,34,카페사계,2
q111,41,키키's 버터,2
q111,44,마티스커피,3
q111,57,Label Board Cafe(레이블 보드게임 카페),1
q111,59,걸작커피,2
q111,94,커피마마,0
q111,99,바나타이거(양산점),2
q111,100,카페스토어,0
q111,103,인더숲,2
q111,106,밀크커피,2
q111,141,아토커피 신림점,2
q111,147,POPO archive(포포 아카이브),2
q111,152,low position(로우 포지션),2
q111,153,별의별카페,2
q111,158,더 런드렛,2
q111,172,카페모닝듀,2
q111,175,킷사텐 신림점,2
q111,179,굽다방,2
q111,187,나인티스,2
q111,188,스타벅스 신림녹두거리점,2
q112,2,시그니처커피2호점,0
q112,3,소재지,0
q112,4,홍카페 HONG CAFE,3
q112,5,투달러커피 난곡사거리점,0
q112,8,감성커피(신림우림시장점),0
q112,9,독특하개,0
q112,21,워킹카우,2
q112,24,윈썸,3
q112,30,카페 플롬,1
q112,34,카페사계,0
q112,49,1.5도씨,0
q112,69,디저트39 신림역점,3
q112,75,하삼동커피 신림난곡점,0
q112,76,이디야커피(신림대학동점),0
q112,90,페이브 베이커리 서울대점,0
q112,97,카페뉴욕 신림점,0
q112,99,바나타이거(양산점),0
q112,106,밀크커피,0
q112,133,컴포즈커피 신림대학점,0
q112,135,UNSIDE COFFEE ROASTERS(언사이드 커피 로스터스),2
q112,139,카페여기,3
q112,143,바나다커피 신림신원점,3
q112,150,오스커피하우스,1
q112,157,카페일기,2
q112,177,읍천리382 신림점,1
q112,178,쉼 카페,0
q112,181,백억커피,0
q112,189,카페게이트 신림별빛거리점,0
q112,193,신림마당,0
q112,198,히포커피 신림점,0
q112,200,매머드 익스프레스 신림대학점,0
q113,0,어반커피,1
q113,1,쉼표브레드,0
q113,2,시그니처커피2호점,2
q113,4,홍카페 HONG CAFE,0
q113,5,투달러커피 난곡사거리점,1
q113,8,감성커피(신림우림시장점),0
q113,9,독특하개,0
q113,10,또리커피 관악점,0
q113,45,우체국 옆 빵집,0
q113,47,플랙,2
q113,50,저스트 로맨틱,1
q113,63,카페드림,0
q113,78,컴포즈커피,0
q113,91,카페디딤,2
q113,103,인더숲,2
q113,113,탐앤탐스 삼모타워 신림역점,0
q113,121,미남커피,1
q113,125,엣홈,0
q113,130,투썸플레이스 신림로점,2
q113,131,카페느티나무 음대점,0
q113,134,카페느티나무 동원관점,0
q113,135,UNSIDE COFFEE ROASTERS(언사이드 커피 로스터스),2
q113,138,스타벅스 신림점,3
q113,139,카페여기,2
q113,145,백억커피 구로점,0
q113,160,카페오트르,2
q113,176,커피니쉬(COFFEE NISHE),3
q113,177,읍천리382 신림점,2
q113,186,콤마커피(comma coffee),1
q113,193,신림마당,2
q114,0,어반커피,1
q114,2,시그니처커피2호점,1
q114,3,소재지,1
q114,4,홍카페 HONG CAFE,1
q114,5,투달러커피 난곡사거리점,1
q114,6,딜 카페,1
q114,8,감성커피(신림우림시장점),1
q114,9,독특하개,1
q114,10,또리커피 관악점,1
q114,11,맨날커피,0
q114,12,데이즈 라이크 디스,1
q114,13,백억커피(서원역점),2
q114,14,코아르(coar),1
q114,21,워킹카우,1
q114,27,후후라운지,1
q114,44,마티스커피,1
q114,46,원브릿지,3
q114,56,그리니,0
q114,75,하삼동커피 신림난곡점,1
q114,83,마마메이드,0
q114,97,카페뉴욕 신림점,0
q114,103,인더숲,3
q114,130,투썸플레이스 신림로점,1
q114,135,UNSIDE COFFEE ROASTERS(언사이드 커피 로스터스),1
q114,144,더벤티구로힐스테이트점,1
q114,158,더 런드렛,1
q114,179,굽다방,1
q114,182,엔제리너스 구로디지털역점,1
q114,188,스타벅스 신림녹두거리점,1
q114,200,매머드 익스프레스 신림대학점,1
q115,0,어반커피,2
q115,2,시그니처커피2호점,3
q115,4,홍카페 HONG CAFE,1
q115,5,투달러커피 난곡사거리점,3
q115,8,감성커피(신림우림시장점),3
q115,9,독특하개,3
q115,10,또리커피 관악점,1
q115,11,맨날커피,0
q115,12,데이즈 라이크 디스,1
q115,19,컴포즈커피 신림중앙점,0
q115,32,카페 하나,1
q115,36,텐퍼센트커피 신림역점,1
q115,55,THE ROASTER 59(더 로스터 59),2
q115,63,카페드림,0
q115,67,데이지 커피,1
q115,73,빽다방 신림역2호점,2
q115,74,커피 브륄레,3
q115,77,파스쿠찌 서울대관정도서관점,2
q115,78,컴포즈커피,0
q115,90,페이브 베이커리 서울대점,3
q115,105,카페한보리,0
q115,107,엔제리너스 대학점,2
q115,123,카페오아시아,3
q115,130,투썸플레이스 신림로점,2
q115,151,CAFE216,3
q115,152,low position(로우 포지션),3
q115,168,더리터 신림중앙점,2
q115,183,메모,1
q115,185,노와드코코 베이커리,0
q115,188,스타벅스 신림녹두거리점,3
q115,190,컴포즈커피 서울대신양학술정보관3점,3
q115,193,신림마당,3
q115,197,더벤티 신림점,0
q116,0,어반커피,1
q116,1,쉼표브레드,0
q116,2,시그니처커피2호점,0
q116,4,홍카페 HONG CAFE,0
q116,5,투달러커피 난곡사거리점,0
q116,6,딜 카페,0
q116,8,감성커피(신림우림시장점),0
q116,9,독특하개,0
q116,10,또리커피 관악점,0
q116,11,맨날커피,0
q116,12,데이즈 라이크 디스,0
q116,13,백억커피(서원역점),3
q116,17,블렌더스(BLENDERS),0
q116,18,썰카페,0
q116,21,워킹카우,0
q116,23,킹덤보드게임카페 신림점,0
q116,40,에놀라 톤,0
q116,46,원브릿지,0
q116,50,저스트 로맨틱,3
q116,63,카페드림,0
q116,73,빽다방 신림역2호점,3
q116,78,컴포즈커피,0
q116,113,탐앤탐스 삼모타워 신림역점,3
q116,114,카페마실,0
q116,125,엣홈,0
q116,141,아토커피 신림점,0
q116,166,카페게이트 관악신사로점,0
q116,170,카페 188,0
q116,173,포레스트 하우스,0
q116,188,스타벅스 신림녹두거리점,0
q116,193,신림마당,0
q117,0,어반커피,1
q117,7,301h(301에이치),2
q117,9,독특하개,2
q117,12,데이즈 라이크 디스,2
q117,19,컴포즈커피 신림중앙점,0
q117,31,카페레이브,3
q117,32,카페 하나,1
q117,44,마티스커피,2
q117,47,플랙,3
q117,54,빽다방구로KT점,2
q117,63,카페드림,0
q117,67,데이지 커피,2
q117,71,소소한행복,0
q117,72,그릿 커피랩 신림점,1
q117,74,커피 브륄레,2
q117,76,이디야커피(신림대학동점),2
q117,80,궁전다방,2
q117,85,엄마 커피,0
q117,88,빽다방 신림대학점,2
q117,108,투썸플레이스 신림녹두거리점,3
q117,118,데니스커피 남강점,2
q117,132,구동커피,1
q117,136,만랩커피 신림별빛거리점,2
q117,137,카페 오름,2
q117,152,low position(로우 포지션),2
q117,155,메가엠지씨커피 신림역점,2
q117,169,OJE COFFEE(오제커피),2
q117,173,포레스트 하우스,2
q117,176,커피니쉬(COFFEE NISHE),2
q117,179,굽다방,2
q117,183,메모,1
q117,184,빽다방 서원역점,0
q118,0,어반커피,2
q118,4,홍카페 HONG CAFE,2
q118,8,감성커피(신림우림시장점),1
q118,17,블렌더스(BLENDERS),3
q118,30,카페 플롬,3
q118,32,카페 하나,2
q118,44,마티스커피,2
q118,48,빌베이커리,1
q118,55,THE ROASTER 59(더 로스터 59),2
q118,63,카페드림,0
q118,79,블루포트 서울대점,3
q118,80,궁전다방,3
q118,82,프롬 카페(from. cafe),3
q118,87,도로시쿠케 Dorothycookae,2
q118,90,페이브 베이커리 서울대점,3
q118,102,attendo(아텐도),3
q118,114,카페마실,0
q118,120,cup&coffee 컵앤커피,3
q118,121,미남커피,2
q118,125,엣홈,0
q118,128,파스쿠찌 센트로서울대점,3
q118,133,컴포즈커피 신림대학점,2
q118,153,별의별카페,2
q118,156,시티스트릿츠,3
q118,159,나티(NAUGHTY),3
q118,170,카페 188,3
q118,172,카페모닝듀,2
q118,173,포레스트 하우스,3
q118,180,카페토리,2
q118,183,메모,2
q118,193,신림마당,3
q119,13,백억커피(서원역점),2
q119,16,커피퍼센트&대단한 요거트 신림점,2
q119,20,세상의 모든 디저트,2
q119,42,비행커피,1
q119,52,디저트문,2
q119,54,빽다방구로KT점,3
q119,90,페이브 베이커리 서울대점,3
q119,105,카페한보리,1
q119,109,네이밍카페커피GO!#1,2
q119,111,cafe 66(카페 66),3
q119,114,카페마실,0
q119,115,벨라벨로카페(Bella-Bello cafe),0
q119,117,이디야,0
q119,120,cup&coffee 컵앤커피,0
q119,139,카페여기,3
q119,141,아토커피 신림점,3
q119,144,더벤티구로힐스테이트점,0
q119,146,Mono Hertz(모노헤르쯔),3
q119,153,별의별카페,2
q119,156,시티스트릿츠,0
q119,157,카페일기,3
q119,159,나티(NAUGHTY),0
q119,167,카페in하루,2
q119,170,카페 188,3
q119,197,더벤티 신림점,0
q120,1,쉼표브레드,1
q120,5,투달러커피 난곡사거리점,1
q120,9,독특하개,2
q120,14,코아르(coar),2
q120,15,서울버터샌드,2
q120,18,썰카페,1
q120,27,후후라운지,2
q120,28,토마 화실,1
q120,46,원브릿지,2
q120,50,저스트 로맨틱,2
q120,80,궁전다방,2
q120,88,빽다방 신림대학점,1
q120,107,엔제리너스 대학점,1
q120,113,탐앤탐스 삼모타워 신림역점,1
q120,115,벨라벨로카페(Bella-Bello cafe),2
q120,117,이디야,2
q120,121,미남커피,2
q120,122,G-CAFE,2
q120,137,카페 오름,2
q120,148,Coffee Planet(커피 플래닛),2
q120,155,메가엠지씨커피 신림역점,1
q120,157,카페일기,2
q120,165,카페 아이엔지 서울대자연과학대학점,0
q120,170,카페 188,2
q120,173,포레스트 하우스,2
q120,193,신림마당,1
q121,0,어반커피,1
q121,1,쉼표브레드,0
q121,2,시그니처커피2호점,1
q121,3,소재지,3
q121,4,홍카페 HONG CAFE,1
q121,5,투달러커피 난곡사거리점,1
q121,6,딜 카페,1
q121,8,감성커피(신림우림시장점),1
q121,9,독특하개,1
q121,10,또리커피 관악점,0
q121,11,맨날커피,0
q121,12,데이즈 라이크 디스,0
q121,13,백억커피(서원역점),0
q121,21,워킹카우,1
q121,39,모꼬지,2
q121,48,빌베이커리,0
q121,62,세미온,1
q121,64,과일담은 요거트 맛집 yomat,0
q121,75,하삼동커피 신림난곡점,1
q121,82,프롬 카페(from. cafe),1
q121,92,슬지로운생활,0
q121,97,카페뉴욕 신림점,0
q121,103,인더숲,1
q121,106,밀크커피,0
q121,116,반지만들기 카페,0
q121,140,국민우유집 신림점,1
q121,147,POPO archive(포포 아카이브),1
q121,156,시티스트릿츠,1
q121,163,Lee 집 coffee,3
q121,181,백억커피,2
q122,0,어반커피,1
q122,1,쉼표브레드,0
q122,2,시그니처커피2호점,1
q122,3,소재지,1
q122,4,홍카페 HONG CAFE,1
q122,5,투달러커피 난곡사거리점,1
q122,6,딜 카페,2
q122,8,감성커피(신림우림시장점),1
q122,9,독특하개,1
q122,10,또리커피 관악점,1
q122,11,맨날커피,0
q122,12,데이즈 라이크 디스,1
q122,13,백억커피(서원역점),1
q122,71,소소한행복,0
q122,75,하삼동커피 신림난곡점,0
q122,78,컴포즈커피,0
q122,80,궁전다방,1
q122,88,빽다방 신림대학점,1
q122,92,슬지로운생활,0
q122,97,카페뉴욕 신림점,0
q122,98,플러스82 관악남부점,0
q122,103,인더숲,1
q122,106,밀크커피,1
q122,119,카페라움(CAFE RAUM),1
q122,132,구동커피,1
q122,145,백억커피 구로점,0
q122,157,카페일기,1
q122,158,더 런드렛,3
q122,165,카페 아이엔지 서울대자연과학대학점,0
q122,177,읍천리382 신림점,2
q122,187,나인티스,1
q123,0,어반커피,2
q123,6,딜 카페,3
q123,13,백억커피(서원역점),2
q123,15,서울버터샌드,2
q123,17,블렌더스(BLENDERS),3
q123,24,윈썸,3
q123,25,블러 커피,3
q123,26,Babip(바빕),3
q123,27,후후라운지,3
q123,31,카페레이브,3
q123,37,FOAM & normal (폼앤노말),2
q123,43,메이지커피,2
q123,44,마티스커피,3
q123,46,원브릿지,3
q123,47,플랙,3
q123,49,1.5도씨,1
q123,53,컴포즈커피 신림녹두점,3
q123,55,THE ROASTER 59(더 로스터 59),3
q123,71,소소한행복,1
q123,76,이디야커피(신림대학동점),3
q123,106,밀크커피,3
q123,110,이디야커피(신림패션문화점),3
q123,114,카페마실,1
q123,115,벨라벨로카페(Bella-Bello cafe),3
q123,119,카페라움(CAFE RAUM),3
q123,121,미남커피,3
q123,123,카페오아시아,2
q123,125,엣홈,0
q123,127,이디야 신림미성점,2
q123,143,바나다커피 신림신원점,3
q123,145,백억커피 구로점,0
q123,166,카페게이트 관악신사로점,2
q123,197,더벤티 신림점,0
q124,2,시그니처커피2호점,1
q124,4,홍카페 HONG CAFE,1
q124,5,투달러커피 난곡사거리점,2
q124,7,301h(301에이치),2
q124,8,감성커피(신림우림시장점),1
q124,9,독특하개,3
q124,10,또리커피 관악점,1
q124,11,맨날커피,1
q124,12,데이즈 라이크 디스,2
q124,18,썰카페,2
q124,33,크로플집,0
q124,58,쉬즈베이글,0
q124,63,카페드림,0
q124,71,소소한행복,0
q124,80,궁전다방,2
q124,85,엄마 커피,0
q124,86,더벤티 서울대점,0
q124,88,빽다방 신림대학점,1
q124,91,카페디딤,2
q124,95,디저트 참 잘하는집 신림점,1
q124,103,인더숲,1
q124,125,엣홈,0
q124,138,스타벅스 신림점,3
q124,146,Mono Hertz(모노헤르쯔),2
q124,157,카페일기,1
q124,176,커피니쉬(COFFEE NISHE),3
q124,177,읍천리382 신림점,2
q124,180,카페토리,1
q124,186,콤마커피(comma coffee),1
q125,0,어반커피,1
q125,1,쉼표브레드,1
q125,2,시그니처커피2호점,2
q125,4,홍카페 HONG CAFE,2
q125,5,투달러커피 난곡사거리점,3
q125,6,딜 카페,3
q125,8,감성커피(신림우림시장점),2
q125,9,독특하개,3
q125,10,또리커피 관악점,2
q125,11,맨날커피,1
q125,12,데이즈 라이크 디스,2
q125,13,백억커피(서원역점),1
q125,14,코아르(coar),2
q125,24,윈썸,3
q125,33,크로플집,1
q125,34,카페사계,2
q125,42,비행커피,2
q125,46,원브릿지,2
q125,59,걸작커피,2
q125,65,로플봉봉,0
q125,67,데이지 커피,1
q125,69,디저트39 신림역점,2
q125,73,빽다방 신림역2호점,1
q125,82,프롬 카페(from. cafe),3
q125,97,카페뉴욕 신림점,0
q125,106,밀크커피,2
q125,116,반지만들기 카페,2
q125,137,카페 오름,3
q125,145,백억커피 구로점,0
q125,149,컴포즈커피 신림난곡점,1
q125,150,오스커피하우스,1
q125,162,별별카롱,2
q125,200,매머드 익스프레스 신림대학점,2
q126,0,어반커피,2
q126,2,시그니처커피2호점,2
q126,3,소재지,2
q126,4,홍카페 HONG CAFE,1
q126,5,투달러커피 난곡사거리점,2
q126,6,딜 카페,2
q126,8,감성커피(신림우림시장점),1
q126,9,독특하개,1
q126,10,또리커피 관악점,1
q126,11,맨날커피,0
q126,12,데이즈 라이크 디스,1
q126,28,토마 화실,3
q126,32,카페 하나,1
q126,63,카페드림,1
q126,65,로플봉봉,0
q126,67,데이지 커피,2
q126,87,도로시쿠케 Dorothycookae,1
q126,90,페이브 베이커리 서울대점,2
q126,103,인더숲,3
q126,114,카페마실,0
q126,123,카페오아시아,2
q126,125,엣홈,0
q126,130,투썸플레이스 신림로점,3
q126,135,UNSIDE COFFEE ROASTERS(언사이드 커피 로스터스),3
q126,139,카페여기,3
q126,146,Mono Hertz(모노헤르쯔),2
q126,183,메모,1
q126,186,콤마커피(comma coffee),2
q126,197,더벤티 신림점,0
q127,7,301h(301에이치),2
q127,10,또리커피 관악점,0
q127,13,백억커피(서원역점),1
q127,16,커피퍼센트&대단한 요거트 신림점,1
q127,20,세상의 모든 디저트,0
q127,30,카페 플롬,2
q127,32,카페 하나,0
q127,42,비행커피,0
q127,47,플랙,1
q127,52,디저트문,1
q127,59,걸작커피,1
q127,63,카페드림,0
q127,69,디저트39 신림역점,1
q127,78,컴포즈커피,0
q127,90,페이브 베이커리 서울대점,2
q127,97,카페뉴욕 신림점,0
q127,109,네이밍카페커피GO!#1,2
q127,114,카페마실,0
q127,122,G-CAFE,2
q127,125,엣홈,0
q127,130,투썸플레이스 신림로점,2
q127,135,UNSIDE COFFEE ROASTERS(언사이드 커피 로스터스),3
q127,136,만랩커피 신림별빛거리점,2
q127,139,카페여기,3
q127,141,아토커피 신림점,2
q127,145,백억커피 구로점,0
q127,153,별의별카페,0
q127,157,카페일기,1
q127,167,카페in하루,2
q127,188,스타벅스 신림녹두거리점,1
q127,193,신림마당,2
q127,197,더벤티 신림점,0
q127,198,히포커피 신림점,1
q128,0,어반커피,1
q128,2,시그니처커피2호점,0
q128,3,소재지,1
q128,4,홍카페 HONG CAFE,3
q128,5,투달러커피 난곡사거리점,1
q128,8,감성커피(신림우림시장점),0
q128,9,독특하개,0
q128,10,또리커피 관악점,0
q128,11,맨날커피,0
q128,12,데이즈 라이크 디스,0
q128,13,백억커피(서원역점),0
q128,24,윈썸,3
q128,30,카페 플롬,1
q128,34,카페사계,0
q128,59,걸작커피,0
q128,69,디저트39 신림역점,3
q128,75,하삼동커피 신림난곡점,0
q128,84,빽다방 신림난곡점,0
q128,96,데이굿(DAY GOOD),3
q128,97,카페뉴욕 신림점,0
q128,122,G-CAFE,3
q128,133,컴포즈커피 신림대학점,0
q128,139,카페여기,3
q128,143,바나다커피 신림신원점,2
q128,150,오스커피하우스,0
q128,157,카페일기,2
q128,167,카페in하루,3
q128,171,카페봉봉,0
q128,183,메모,0
q128,197,더벤티 신림점,0
q128,200,매머드 익스프레스 신림대학점,0
q129,0,어반커피,2
q129,2,시그니처커피2호점,2
q129,3,소재지,3
q129,4,홍카페 HONG CAFE,1
q129,5,투달러커피 난곡사거리점,2
q129,8,감성커피(신림우림시장점),2
q129,9,독특하개,2
q129,10,또리커피 관악점,1
q129,11,맨날커피,0
q129,21,워킹카우,3
q129,32,카페 하나,1
q129,37,FOAM & normal (폼앤노말),2
q129,53,컴포즈커피 신림녹두점,3
q129,55,THE ROASTER 59(더 로스터 59),2
q129,62,세미온,2
q129,63,카페드림,0
q129,65,로플봉봉,0
q129,92,슬지로운생활,1
q129,107,엔제리너스 대학점,2
q129,114,카페마실,0
q129,125,엣홈,0
q129,135,UNSIDE COFFEE ROASTERS(언사이드 커피 로스터스),3
q129,136,만랩커피 신림별빛거리점,2
q129,137,카페 오름,3
q129,141,아토커피 신림점,2
q129,153,별의별카페,3
q129,156,시티스트릿츠,3
q129,168,더리터 신림중앙점,3
q129,172,카페모닝듀,2
q129,173,포레스트 하우스,3
q129,183,메모,3
q129,193,신림마당,3
q130,1,쉼표브레드,1
q130,3,소재지,3
q130,4,홍카페 HONG CAFE,3
q130,5,투달러커피 난곡사거리점,2
q130,8,감성커피(신림우림시장점),2
q130,9,독특하개,2
q130,10,또리커피 관악점,1
q130,11,맨날커피,0
q130,12,데이즈 라이크 디스,2
q130,13,백억커피(서원역점),1
q130,17,블렌더스(BLENDERS),2
q130,30,카페 플롬,3
q130,40,에놀라 톤,0
q130,58,쉬즈베이글,1
q130,70,백억커피 신림점,1
q130,84,빽다방 신림난곡점,1
q130,90,페이브 베이커리 서울대점,3
q130,97,카페뉴욕 신림점,0
q130,102,attendo(아텐도),2
q130,108,투썸플레이스 신림녹두거리점,2
q130,130,투썸플레이스 신림로점,2
q130,138,스타벅스 신림점,3
q130,144,더벤티구로힐스테이트점,2
q130,152,low position(로우 포지션),3
q130,153,별의별카페,1
q130,156,시티스트릿츠,2
q130,168,더리터 신림중앙점,1
q130,169,OJE COFFEE(오제커피),2
q130,172,카페모닝듀,2
q130,197,더벤티 신림점,0
q131,4,홍카페 HONG CAFE,1
q131,16,커피퍼센트&대단한 요거트 신림점,2
q131,28,토마 화실,3
q131,29,플레이온 보드게임카페,1
q131,31,카페레이브,2
q131,32,카페 하나,1
q131,47,플랙,2
q131,58,쉬즈베이글,0
q131,76,이디야커피(신림대학동점),3
q131,84,빽다방 신림난곡점,1
q131,87,도로시쿠케 Dorothycookae,2
q131,91,카페디딤,3
q131,103,인더숲,3
q131,106,밀크커피,1
q131,113,탐앤탐스 삼모타워 신림역점,3
q131,114,카페마실,0
q131,116,반지만들기 카페,3
q131,119,카페라움(CAFE RAUM),3
q131,121,미남커피,3
q131,123,카페오아시아,3
q131,127,이디야 신림미성점,3
q131,153,별의별카페,3
q131,168,더리터 신림중앙점,2
q131,172,카페모닝듀,2
q131,183,메모,2
q131,191,카페 아래로 ARERO,3
q131,193,신림마당,3
q132,0,어반커피,1
q132,2,시그니처커피2호점,2
q132,4,홍카페 HONG CAFE,1
q132,7,301h(301에이치),1
q132,8,감성커피(신림우림시장점),1
q132,9,독특하개,2
q132,10,또리커피 관악점,1
q132,11,맨날커피,0
q132,12,데이즈 라이크 디스,1
q132,29,플레이온 보드게임카페,2
q132,35,애담커피,1
q132,53,컴포즈커피 신림녹두점,2
q132,57,Label Board Cafe(레이블 보드게임 카페),3
q132,63,카페드림,0
q132,76,이디야커피(신림대학동점),3
q132,78,컴포즈커피,0
q132,88,빽다방 신림대학점,1
q132,96,데이굿(DAY GOOD),1
q132,110,이디야커피(신림패션문화점),3
q132,113,탐앤탐스 삼모타워 신림역점,3
q132,114,카페마실,0
q132,116,반지만들기 카페,1
q132,119,카페라움(CAFE RAUM),3
q132,125,엣홈,0
q132,141,아토커피 신림점,2
q132,145,백억커피 구로점,0
q132,146,Mono Hertz(모노헤르쯔),3
q132,164,빽다방 난곡세이브점,1
q132,182,엔제리너스 구로디지털역점,2
q132,187,나인티스,2
q132,197,더벤티 신림점,0
q133,0,어반커피,3
q133,3,소재지,1
q133,4,홍카페 HONG CAFE,1
q133,5,투달러커피 난곡사거리점,1
q133,8,감성커피(신림우림시장점),0
q133,9,독특하개,0
q133,10,또리커피 관악점,1
q133,55,THE ROASTER 59(더 로스터 59),3
q133,63,카페드림,2
q133,76,이디야커피(신림대학동점),1
q133,80,궁전다방,3
q133,88,빽다방 신림대학점,2
q133,90,페이브 베이커리 서울대점,2
q133,100,카페스토어,0
q133,107,엔제리너스 대학점,2
q133,113,탐앤탐스 삼모타워 신림역점,3
q133,123,카페오아시아,2
q133,125,엣홈,0
q133,131,카페느티나무 음대점,0
q133,133,컴포즈커피 신림대학점,2
q133,138,스타벅스 신림점,2
q133,146,Mono Hertz(모노헤르쯔),3
q133,160,카페오트르,3
q133,173,포레스트 하우스,0
q133,176,커피니쉬(COFFEE NISHE),3
q133,178,쉼 카페,1
q133,188,스타벅스 신림녹두거리점,2
q133,189,카페게이트 신림별빛거리점,1
q133,190,컴포즈커피 서울대신양학술정보관3점,3
q133,193,신림마당,3
q133,198,히포커피 신림점,2
q134,2,시그니처커피2호점,1
q134,4,홍카페 HONG CAFE,2
q134,5,투달러커피 난곡사거리점,1
q134,7,301h(301에이치),1
q134,8,감성커피(신림우림시장점),1
q134,9,독특하개,1
q134,10,또리커피 관악점,1
q134,11,맨날커피,0
q134,12,데이즈 라이크 디스,1
q134,14,코아르(coar),2
q134,17,블렌더스(BLENDERS),1
q134,21,워킹카우,3
q134,40,에놀라 톤,0
q134,46,원브릿지,2
q134,57,Label Board Cafe(레이블 보드게임 카페),0
q134,63,카페드림,0
q134,80,궁전다방,2
q134,114,카페마실,0
q134,116,반지만들기 카페,2
q134,118,데니스커피 남강점,3
q134,122,G-CAFE,1
q134,127,이디야 신림미성점,2
q134,141,아토커피 신림점,2
q134,148,Coffee Planet(커피 플래닛),3
q134,152,low position(로우 포지션),1
q134,153,별의별카페,2
q134,159,나티(NAUGHTY),3
q134,176,커피니쉬(COFFEE NISHE),2
q134,188,스타벅스 신림녹두거리점,2
q134,189,카페게이트 신림별빛거리점,2
q135,0,어반커피,1
q135,2,시그니처커피2호점,2
q135,8,감성커피(신림우림시장점),1
q135,9,독특하개,1
q135,10,또리커피 관악점,1
q135,11,맨날커피,0
q135,16,커피퍼센트&대단한 요거트 신림점,2
q135,38,카페캘리 본점,0
q135,44,마티스커피,1
q135,72,그릿 커피랩 신림점,1
q135,79,블루포트 서울대점,2
q135,80,궁전다방,1
q135,102,attendo(아텐도),2
q135,111,cafe 66(카페 66),1
q135,115,벨라벨로카페(Bella-Bello cafe),2
q135,116,반지만들기 카페,1
q135,121,미남커피,2
q135,123,카페오아시아,2
q135,127,이디야 신림미성점,2
q135,128,파스쿠찌 센트로서울대점,1
q135,133,컴포즈커피 신림대학점,2
q135,136,만랩커피 신림별빛거리점,1
q135,137,카페 오름,2
q135,138,스타벅스 신림점,3
q135,139,카페여기,1
q135,144,더벤티구로힐스테이트점,2
q135,157,카페일기,2
q135,161,카페 리버스(Cafe Reverse),2
q135,165,카페 아이엔지 서울대자연과학대학점,1
q135,170,카페 188,2
q135,191,카페 아래로 ARERO,1
q135,193,신림마당,2
q136,0,어반커피,0
q136,2,시그니처커피2호점,1
q136,4,홍카페 HONG CAFE,0
q136,5,투달러커피 난곡사거리점,1
q136,8,감성커피(신림우림시장점),1
q136,9,독특하개,1
q136,10,또리커피 관악점,0
q136,11,맨날커피,0
q136,12,데이즈 라이크 디스,1
q136,13,백억커피(서원역점),0
q136,27,후후라운지,1
q136,38,카페캘리 본점,0
q136,43,메이지커피,3
q136,58,쉬즈베이글,0
q136,90,페이브 베이커리 서울대점,2
q136,105,카페한보리,0
q136,108,투썸플레이스 신림녹두거리점,0
q136,117,이디야,3
q136,137,카페 오름,3
q136,138,스타벅스 신림점,2
q136,139,카페여기,1
q136,143,바나다커피 신림신원점,0
q136,156,시티스트릿츠,2
q136,165,카페 아이엔지 서울대자연과학대학점,2
q136,170,카페 188,2
q136,172,카페모닝듀,1
q136,173,포레스트 하우스,1
q136,191,카페 아래로 ARERO,3
q136,192,mug 공대,0
q136,197,더벤티 신림점,0
q137,4,홍카페 HONG CAFE,1
q137,5,투달러커피 난곡사거리점,3
q137,16,커피퍼센트&대단한 요거트 신림점,2
q137,28,토마 화실,3
q137,29,플레이온 보드게임카페,1
q137,31,카페레이브,3
q137,32,카페 하나,1
q137,47,플랙,2
q137,53,컴포즈커피 신림녹두점,3
q137,58,쉬즈베이글,1
q137,62,세미온,3
q137,81,앙니드 베이커리카페,0
q137,84,빽다방 신림난곡점,2
q137,87,도로시쿠케 Dorothycookae,2
q137,103,인더숲,3
q137,113,탐앤탐스 삼모타워 신림역점,2
q137,116,반지만들기 카페,2
q137,119,카페라움(CAFE RAUM),3
q137,121,미남커피,2
q137,135,UNSIDE COFFEE ROASTERS(언사이드 커피 로스터스),3
q137,137,카페 오름,3
q137,152,low position(로우 포지션),3
q137,153,별의별카페,3
q137,159,나티(NAUGHTY),2
q137,162,별별카롱,2
q137,168,더리터 신림중앙점,3
q137,172,카페모닝듀,2
q137,178,쉼 카페,2
q137,183,메모,3
q138,13,백억커피(서원역점),1
q138,16,커피퍼센트&대단한 요거트 신림점,1
q138,20,세상의 모든 디저트,2
q138,21,워킹카우,2
q138,24,윈썸,2
q138,27,후후라운지,2
q138,42,비행커피,1
q138,52,디저트문,1
q138,69,디저트39 신림역점,2
q138,75,하삼동커피 신림난곡점,2
q138,93,진서의 정원,1
q138,96,데이굿(DAY GOOD),1
q138,108,투썸플레이스 신림녹두거리점,3
q138,109,네이밍카페커피GO!#1,2
q138,110,이디야커피(신림패션문화점),1
q138,113,탐앤탐스 삼모타워 신림역점,2
q138,114,카페마실,0
q138,119,카페라움(CAFE RAUM),2
q138,121,미남커피,1
q138,131,카페느티나무 음대점,0
q138,141,아토커피 신림점,1
q138,143,바나다커피 신림신원점,0
q138,159,나티(NAUGHTY),1
q138,167,카페in하루,2
q138,182,엔제리너스 구로디지털역점,1
q138,187,나인티스,1
q138,198,히포커피 신림점,2
q139,0,어반커피,0
q139,1,쉼표브레드,1
q139,5,투달러커피 난곡사거리점,0
q139,13,백억커피(서원역점),2
q139,14,코아르(coar),2
q139,15,서울버터샌드,2
q139,27,후후라운지,1
q139,28,토마 화실,1
q139,46,원브릿지,1
q139,50,저스트 로맨틱,1
q139,58,쉬즈베이글,0
q139,75,하삼동커피 신림난곡점,0
q139,79,블루포트 서울대점,1
q139,80,궁전다방,3
q139,108,투썸플레이스 신림녹두거리점,1
q139,113,탐앤탐스 삼모타워 신림역점,1
q139,115,벨라벨로카페(Bella-Bello cafe),1
q139,117,이디야,1
q139,118,데니스커피 남강점,0
q139,121,미남커피,1
q139,141,아토커피 신림점,1
q139,144,더벤티구로힐스테이트점,0
q139,156,시티스트릿츠,0
q139,157,카페일기,1
q139,168,더리터 신림중앙점,1
q139,170,카페 188,1
q139,173,포레스트 하우스,1
q139,193,신림마당,1
q140,0,어반커피,1
q140,1,쉼표브레드,1
q140,2,시그니처커피2호점,1
q140,4,홍카페 HONG CAFE,1
q140,5,투달러커피 난곡사거리점,2
q140,6,딜 카페,2
q140,8,감성커피(신림우림시장점),1
q140,9,독특하개,1
q140,10,또리커피 관악점,1
q140,11,맨날커피,0
q140,12,데이즈 라이크 디스,2
q140,13,백억커피(서원역점),1
q140,17,블렌더스(BLENDERS),2
q140,33,크로플집,0
q140,38,카페캘리 본점,1
q140,40,에놀라 톤,0
q140,46,원브릿지,3
q140,60,사과당 서울대점,2
q140,92,슬지로운생활,1
q140,94,커피마마,0
q140,103,인더숲,1
q140,114,카페마실,0
q140,117,이디야,1
q140,120,cup&coffee 컵앤커피,1
q140,123,카페오아시아,1
q140,128,파스쿠찌 센트로서울대점,3
q140,139,카페여기,1
q140,161,카페 리버스(Cafe Reverse),2
q140,173,포레스트 하우스,2
q140,191,카페 아래로 ARERO,2
q141,1,쉼표브레드,2
q141,5,투달러커피 난곡사거리점,1
q141,14,코아르(coar),2
q141,15,서울버터샌드,2
q141,27,후후라운지,3
q141,28,토마 화실,2
q141,46,원브릿지,3
q141,50,저스트 로맨틱,2
q141,63,카페드림,0
q141,78,컴포즈커피,0
q141,79,블루포트 서울대점,2
q141,80,궁전다방,3
q141,108,투썸플레이스 신림녹두거리점,3
q141,112,커피당,1
q141,113,탐앤탐스 삼모타워 신림역점,2
q141,114,카페마실,0
q141,115,벨라벨로카페(Bella-Bello cafe),3
q141,117,이디야,3
q141,119,카페라움(CAFE RAUM),3
q141,121,미남커피,2
q141,123,카페오아시아,1
q141,125,엣홈,0
q141,137,카페 오름,3
q141,156,시티스트릿츠,1
q141,168,더리터 신림중앙점,3
q141,170,카페 188,3
q141,173,포레스트 하우스,3
q141,197,더벤티 신림점,0
q142,0,어반커피,2
q142,1,쉼표브레드,0
q142,2,시그니처커피2호점,3
q142,4,홍카페 HONG CAFE,1
q142,5,투달러커피 난곡사거리점,3
q142,6,딜 카페,3
q142,8,감성커피(신림우림시장점),2
q142,9,독특하개,2
q142,10,또리커피 관악점,1
q142,32,카페 하나,1
q142,63,카페드림,0
q142,75,하삼동커피 신림난곡점,0
q142,76,이디야커피(신림대학동점),2
q142,84,빽다방 신림난곡점,1
q142,88,빽다방 신림대학점,1
q142,103,인더숲,1
q142,104,카페느티나무도서관점,0
q142,110,이디야커피(신림패션문화점),2
q142,118,데니스커피 남강점,1
q142,119,카페라움(CAFE RAUM),2
q142,121,미남커피,2
q142,132,구동커피,1
q142,135,UNSIDE COFFEE ROASTERS(언사이드 커피 로스터스),2
q142,138,스타벅스 신림점,2
q142,145,백억커피 구로점,0
q142,146,Mono Hertz(모노헤르쯔),3
q142,157,카페일기,2
q142,174,할리스커피 난곡사거리점,2
q142,177,읍천리382 신림점,3
q142,179,굽다방,2
q142,192,mug 공대,1
q142,193,신림마당,2
q143,4,홍카페 HONG CAFE,2
q143,5,투달러커피 난곡사거리점,1
q143,6,딜 카페,1
q143,7,301h(301에이치),1
q143,8,감성커피(신림우림시장점),1
q143,9,독특하개,1
q143,10,또리커피 관악점,1
q143,15,서울버터샌드,2
q143,19,컴포즈커피 신림중앙점,0
q143,22,음매점 신림점,0
q143,25,블러 커피,2
q143,37,FOAM & normal (폼앤노말),2
q143,59,걸작커피,1
q143,67,데이지 커피,1
q143,69,디저트39 신림역점,2
q143,82,프롬 카페(from. cafe),1
q143,97,카페뉴욕 신림점,0
q143,98,플러스82 관악남부점,0
q143,103,인더숲,0
q143,106,밀크커피,1
q143,110,이디야커피(신림패션문화점),1
q143,121,미남커피,1
q143,125,엣홈,0
q143,130,투썸플레이스 신림로점,1
q143,135,UNSIDE COFFEE ROASTERS(언사이드 커피 로스터스),2
q143,145,백억커피 구로점,0
q143,159,나티(NAUGHTY),2
q143,173,포레스트 하우스,1
q143,177,읍천리382 신림점,3
q143,190,컴포즈커피 서울대신양학술정보관3점,1
q144,2,시그니처커피2호점,0
q144,3,소재지,0
q144,4,홍카페 HONG CAFE,0
q144,5,투달러커피 난곡사거리점,0
q144,7,301h(301에이치),0
q144,8,감성커피(신림우림시장점),0
q144,15,서울버터샌드,3
q144,27,후후라운지,0
q144,34,카페사계,0
q144,38,카페캘리 본점,0
q144,75,하삼동커피 신림난곡점,0
q144,76,이디야커피(신림대학동점),0
q144,90,페이브 베이커리 서울대점,0
q144,115,벨라벨로카페(Bella-Bello cafe),0
q144,117,이디야,0
q144,128,파스쿠찌 센트로서울대점,3
q144,133,컴포즈커피 신림대학점,0
q144,136,만랩커피 신림별빛거리점,0
q144,144,더벤티구로힐스테이트점,0
q144,161,카페 리버스(Cafe Reverse),0
q144,169,OJE COFFEE(오제커피),0
q144,173,포레스트 하우스,2
q144,178,쉼 카페,0
q144,186,콤마커피(comma coffee),0
q144,189,카페게이트 신림별빛거리점,0
q144,191,카페 아래로 ARERO,0
q144,193,신림마당,0
q144,198,히포커피 신림점,0
q144,200,매머드 익스프레스 신림대학점,0
q145,0,어반커피,1
q145,1,쉼표브레드,0
q145,2,시그니처커피2호점,2
q145,4,홍카페 HONG CAFE,1
q145,5,투달러커피 난곡사거리점,1
q145,6,딜 카페,1
q145,7,301h(301에이치),1
q145,8,감성커피(신림우림시장점),1
q145,9,독특하개,1
q145,10,또리커피 관악점,1
q145,11,맨날커피,0
q145,12,데이즈 라이크 디스,1
q145,13,백억커피(서원역점),3
q145,17,블렌더스(BLENDERS),1
q145,21,워킹카우,1
q145,23,킹덤보드게임카페 신림점,0
q145,30,카페 플롬,1
q145,44,마티스커피,1
q145,67,데이지 커피,2
q145,75,하삼동커피 신림난곡점,0
q145,82,프롬 카페(from. cafe),2
q145,97,카페뉴욕 신림점,0
q145,114,카페마실,0
q145,116,반지만들기 카페,2
q145,135,UNSIDE COFFEE ROASTERS(언사이드 커피 로스터스),1
q145,144,더벤티구로힐스테이트점,1
q145,147,POPO archive(포포 아카이브),1
q145,152,low position(로우 포지션),1
q145,153,별의별카페,2
q145,172,카페모닝듀,1
q145,181,백억커피,3
q145,195,할리스 신림점,2
q146,19,컴포즈커피 신림중앙점,2
q146,20,세상의 모든 디저트,1
q146,30,카페 플롬,2
q146,34,카페사계,3
q146,42,비행커피,2
q146,60,사과당 서울대점,2
q146,69,디저트39 신림역점,3
q146,83,마마메이드,0
q146,84,빽다방 신림난곡점,2
q146,89,매머드익스프레스 신림역점,3
q146,92,슬지로운생활,1
q146,97,카페뉴욕 신림점,0
q146,110,이디야커피(신림패션문화점),2
q146,112,커피당,3
q146,133,컴포즈커피 신림대학점,3
q146,135,UNSIDE COFFEE ROASTERS(언사이드 커피 로스터스),3
q146,136,만랩커피 신림별빛거리점,3
q146,145,백억커피 구로점,0
q146,149,컴포즈커피 신림난곡점,2
q146,150,오스커피하우스,1
q146,155,메가엠지씨커피 신림역점,3
q146,157,카페일기,3
q146,161,카페 리버스(Cafe Reverse),3
q146,163,Lee 집 coffee,3
q146,164,빽다방 난곡세이브점,3
q146,181,백억커피,2
q146,185,노와드코코 베이커리,0
q146,186,콤마커피(comma coffee),3
q146,200,매머드 익스프레스 신림대학점,3
q147,0,어반커피,2
q147,20,세상의 모든 디저트,2
q147,21,워킹카우,3
q147,24,윈썸,2
q147,27,후후라운지,3
q147,46,원브릿지,2
q147,52,디저트문,2
q147,57,Label Board Cafe(레이블 보드게임 카페),0
q147,63,카페드림,1
q147,67,데이지 커피,2
q147,72,그릿 커피랩 신림점,1
q147,75,하삼동커피 신림난곡점,2
q147,78,컴포즈커피,0
q147,93,진서의 정원,2
q147,96,데이굿(DAY GOOD),2
q147,109,네이밍카페커피GO!#1,2
q147,113,탐앤탐스 삼모타워 신림역점,2
q147,114,카페마실,0
q147,115,벨라벨로카페(Bella-Bello cafe),2
q147,117,이디야,3
q147,119,카페라움(CAFE RAUM),3
q147,125,엣홈,0
q147,132,구동커피,1
q147,133,컴포즈커피 신림대학점,2
q147,136,만랩커피 신림별빛거리점,2
q147,146,Mono Hertz(모노헤르쯔),2
q147,157,카페일기,2
q147,165,카페 아이엔지 서울대자연과학대학점,1
q147,170,카페 188,3
q147,188,스타벅스 신림녹두거리점,3
q147,193,신림마당,3
q148,0,어반커피,2
q148,1,쉼표브레드,1
q148,2,시그니처커피2호점,3
q148,4,홍카페 HONG CAFE,1
q148,5,투달러커피 난곡사거리점,3
q148,6,딜 카페,3
q148,8,감성커피(신림우림시장점),3
q148,9,독특하개,3
q148,10,또리커피 관악점,1
q148,11,맨날커피,0
q148,12,데이즈 라이크 디스,2
q148,13,백억커피(서원역점),1
q148,14,코아르(coar),1
q148,27,후후라운지,1
q148,32,카페 하나,1
q148,40,에놀라 톤,0
q148,53,컴포즈커피 신림녹두점,3
q148,63,카페드림,0
q148,78,컴포즈커피,0
q148,79,블루포트 서울대점,2
q148,100,카페스토어,0
q148,107,엔제리너스 대학점,2
q148,123,카페오아시아,3
q148,127,이디야 신림미성점,3
q148,141,아토커피 신림점,1
q148,151,CAFE216,3
q148,152,low position(로우 포지션),3
q148,162,별별카롱,1
q148,183,메모,2
q148,190,컴포즈커피 서울대신양학술정보관3점,3
q148,193,신림마당,3
q149,0,어반커피,0
q149,2,시그니처커피2호점,0
q149,3,소재지,0
q149,4,홍카페 HONG CAFE,0
q149,5,투달러커피 난곡사거리점,0
q149,7,301h(301에이치),2
q149,8,감성커피(신림우림시장점),0
q149,9,독특하개,0
q149,10,또리커피 관악점,0
q149,11,맨날커피,0
q149,12,데이즈 라이크 디스,0
q149,34,카페사계,0
q149,38,카페캘리 본점,0
q149,40,에놀라 톤,0
q149,43,메이지커피,0
q149,63,카페드림,0
q149,72,그릿 커피랩 신림점,0
q149,90,페이브 베이커리 서울대점,0
q149,106,밀크커피,0
q149,118,데니스커피 남강점,2
q149,128,파스쿠찌 센트로서울대점,3
q149,138,스타벅스 신림점,2
q149,161,카페 리버스(Cafe Reverse),0
q149,173,포레스트 하우스,1
q149,174,할리스커피 난곡사거리점,2
q149,191,카페 아래로 ARERO,1
q149,197,더벤티 신림점,0
