,사업장명,상세영업상태명,지번주소,도로명주소,업태구분명
0,서울대500동 나인온스버거,영업,서울특별시 관악구 신림동 산 56-1 서울대학교,"서울특별시 관악구 관악로 1, 서울대학교 500동 1층 A-105호 (신림동)",기타
1,영차 티 컴퍼니(Young Cha Tea Company),영업,서울특별시 관악구 신림동 1445-19,"서울특별시 관악구 봉천로 196, 1층 3호 (신림동)",기타
2,어반커피,영업,서울특별시 관악구 신림동 1638-26,서울특별시 관악구 신림로59길 11 (신림동),기타
3,극야,영업,서울특별시 관악구 신림동 517-19,"서울특별시 관악구 신사로10길 8, 지하1층 1호 (신림동)",기타
4,세이커리,영업,서울특별시 관악구 신림동 1655-17 G 밸리마인드,"서울특별시 관악구 시흥대로 558-1, 3층 301호 (신림동, G 밸리마인드)",기타
5,쉼표브레드,영업,서울특별시 관악구 신림동 125-13 삼양,"서울특별시 관악구 서림길 82, 삼양 1층 103,104호 (신림동)",기타
6,홍익팔뚝금밥,영업,서울특별시 관악구 신림동 1518-19,"서울특별시 관악구 호암로24길 63, 1층 (신림동)",기타
7,시그니처커피2호점,영업,서울특별시 관악구 신림동 1478-37 흥원아파트,"서울특별시 관악구 남부순환로144길 71, 1층 2호 (신림동, 흥원아파트)",기타
8,세수대야 왕빙수 신림점,영업,서울특별시 관악구 신림동 1604-22,"서울특별시 관악구 신원로3가길 23, 지하1층 (신림동)",기타
9,슬로우캘리 신림점,영업,서울특별시 관악구 신림동 1641-22,"서울특별시 관악구 신림로 310, 1층 나호 (신림동)",기타
10,소재지,영업,서울특별시 관악구 신림동 498-44,"서울특별시 관악구 신사로 118, 2층 (신림동)",기타
11,에이스 홀덤펍,영업,서울특별시 관악구 신림동 1568-5,"서울특별시 관악구 난곡로 298, 2층 201호 (신림동)",기타
12,부추통삼겹,영업,서울특별시 관악구 신림동 94-261,"서울특별시 관악구 신림로 212-1, 1층 (신림동)",기타
13,홍카페 HONG CAFE,영업,서울특별시 관악구 신림동 499-54,"서울특별시 관악구 신사로10길 9, 1층 (신림동)",기타
14,사생활 신림점,영업,서울특별시 관악구 신림동 496-37,"서울특별시 관악구 신사로14길 19, 지하1층 (신림동)",기타
15,헤즈업 홀덤펍 신림점,영업,서울특별시 관악구 신림동 1640-24,"서울특별시 관악구 남부순환로 1600-9, 2층 (신림동)",기타
16,투달러커피 난곡사거리점,영업,서울특별시 관악구 신림동 1569-2,"서울특별시 관악구 난곡로 308, 1층 102호 (신림동)",기타
17,datum(데이텀),영업,서울특별시 관악구 신림동 1435-1,"서울특별시 관악구 신림동5길 34, 1층 102호 (신림동)",기타
18,포케 클리닉,영업,서울특별시 관악구 신림동 1435-28,"서울특별시 관악구 신림동7길 33, 1층 101호 (신림동)",기타
19,맨하탄,영업,서울특별시 관악구 신림동 1433-113,"서울특별시 관악구 남부순환로 1591-5, 2층 (신림동)",기타
20,육회바른연어 신림역점,영업,서울특별시 관악구 신림동 1641-19,"서울특별시 관악구 신림로 312, 1층 (신림동)",기타
21,몰타(Molta)bar,영업,서울특별시 관악구 신림동 406-21,"서울특별시 관악구 신림로29길 3-7, 1층 (신림동)",기타
22,오레드(or.ed),영업,서울특별시 관악구 신림동 509-22,"서울특별시 관악구 남부순환로155길 43, 1층 (신림동)",기타
23,밥풀릭스,영업,서울특별시 관악구 신림동 1442-9,서울특별시 관악구 관천로22길 67 (신림동),기타
24,노마드타투카페&바 신림점,영업,서울특별시 관악구 신림동 1430-3,"서울특별시 관악구 신림로 385, 3층 (신림동)",기타
25,육쌈냉면2,영업,서울특별시 관악구 신림동 1638-20,"서울특별시 관악구 신림로59길 15-13, 2층 (신림동)",기타
26,수준꼬치,영업,서울특별시 관악구 신림동 571-5 모던 하우스,"서울특별시 관악구 조원중앙로 16, 1층 101호 (신림동, 모던 하우스)",기타
27,플래그테일 포지,영업,서울특별시 관악구 신림동 1524-8 아츠스테이 신림,"서울특별시 관악구 호암로24길 17, 아츠스테이 신림 1-2층 (신림동)",기타
28,THE ROY'S(더 로이스),영업,서울특별시 관악구 신림동 123-2,"서울특별시 관악구 신림로12길 23, 1층 (신림동)",기타
29,딜 카페,영업,서울특별시 관악구 신림동 241-76,"서울특별시 관악구 대학5길 21, 2층 (신림동)",기타
30,스키토리,영업,서울특별시 관악구 신림동 1517-28,"서울특별시 관악구 호암로26길 74, 지하1층 (신림동)",기타
31,디디치킨&피굽남피자&유떡 신림점,영업,서울특별시 관악구 신림동 587-38,"서울특별시 관악구 난곡로 240, 2층 (신림동)",기타
32,취함저격,영업,서울특별시 관악구 신림동 1640-32,"서울특별시 관악구 남부순환로 1600-10, 3층 (신림동)",기타
33,편편집 신림역점,영업,서울특별시 관악구 신림동 1745 최강타워,"서울특별시 관악구 남부순환로180길 6, 지하1층 104.105.106.107호 (신림동, 최강타워)",기타
34,영진식당,영업,서울특별시 관악구 신림동 1656,"서울특별시 관악구 조원로2길 7, 1층 (신림동)",기타
35,301h(301에이치),영업,서울특별시 관악구 신림동 550-13,"서울특별시 관악구 신사로 66-1, 3층 (신림동)",기타
36,피오르 다이닝,영업,서울특별시 관악구 신림동 1654-14,"서울특별시 관악구 조원로 14, 2층 (신림동)",기타
37,감성커피(신림우림시장점),영업,서울특별시 관악구 신림동 704-2,"서울특별시 관악구 난곡로 175, 1층 (신림동)",기타
38,EMETH(에메트)커피,영업,서울특별시 관악구 신림동 297-5,"서울특별시 관악구 호암로 561, 1층 (신림동)",기타
39,오이시야 신림점,영업,서울특별시 관악구 신림동 509-16,"서울특별시 관악구 남부순환로155길 31, 1층 (신림동)",기타
40,옆집와인,영업,서울특별시 관악구 신림동 1583-23,"서울특별시 관악구 남부순환로168길 42, 옐로우그린 지하1층 우측호 (신림동)",기타
41,해돋이,영업,서울특별시 관악구 신림동 1416-41,"서울특별시 관악구 봉천로18길 6, 1층 (신림동)",기타
42,1984관악점,영업,서울특별시 관악구 신림동 1576-10,"서울특별시 관악구 남부순환로172길 96, 1층 (신림동)",기타
43,독특하개,영업,서울특별시 관악구 신림동 1438-13,"서울특별시 관악구 신림동길 23-1, 2층 왼쪽호 (신림동)",기타
44,서울대76동 나인온스버거,영업,서울특별시 관악구 신림동 산 56-1 서울대학교,"서울특별시 관악구 관악로 1, 서울대학교 76동 1층 (신림동)",기타
45,또리커피 관악점,영업,서울특별시 관악구 신림동 1669-9,"서울특별시 관악구 남부순환로 1385, 1층 (신림동)",기타
46,록갈비,영업,서울특별시 관악구 신림동 1450-29,서울특별시 관악구 봉천로6길 18 (신림동),기타
47,일품,영업,서울특별시 관악구 신림동 1458-3,"서울특별시 관악구 신림동길 26, 1층 (신림동)",기타
48,본죽,영업,서울특별시 관악구 신림동 726-1 지상1층,"서울특별시 관악구 난곡로 219 (신림동,지상1층)",기타
49,맨날커피,영업,서울특별시 관악구 신림동 409-3,"서울특별시 관악구 서원1길 29, 지1층 B02호 (신림동)",기타
50,아리랑숯불두마리치킨,영업,서울특별시 관악구 신림동 529-20,"서울특별시 관악구 난곡로 326, 1층 (신림동)",기타
51,INAFOOD,영업,서울특별시 관악구 신림동 468-1,"서울특별시 관악구 조원로 170, 지하1층 3호 (신림동)",기타
52,누누타코야끼,영업,서울특별시 관악구 신림동 1421-29 에스케이허브그린,"서울특별시 관악구 신림로 344, 에스케이허브그린 제1층 제148호 (신림동)",기타
53,프랭크버거(신림 녹두거리점),영업,서울특별시 관악구 신림동 1523-1 일성트루엘,"서울특별시 관악구 신림로23길 16, 일성트루엘 제1층 제상가1019호 (신림동)",기타
54,세이프룻 신림직영점,영업,서울특별시 관악구 신림동 1464-2 1층,"서울특별시 관악구 관천로11길 5, 1층 (신림동)",기타
55,데이즈 라이크 디스,영업,서울특별시 관악구 신림동 1663-26 헤렌빌리지,"서울특별시 관악구 시흥대로160길 19, 102층 101호 (신림동, 헤렌빌리지)",기타
56,백억커피(서원역점),영업,서울특별시 관악구 신림동 94-139,"서울특별시 관악구 쑥고개로 3, 1층 (신림동)",기타
57,버딩,영업,서울특별시 관악구 신림동 1430-51,"서울특별시 관악구 신림동길 12, 1층 (신림동)",기타
58,노티드 신림점,영업,서울특별시 관악구 신림동 1425-15 우장빌딩,"서울특별시 관악구 신림로 364, 우장빌딩 1층 (신림동)",기타
59,두리랑,영업,서울특별시 관악구 신림동 618-7,"서울특별시 관악구 난곡로34길 11, 지상2층 (신림동)",기타
60,코아르(coar),영업,서울특별시 관악구 신림동 1464-1,"서울특별시 관악구 관천로11길 1, 1층 (신림동)",기타
61,로드트립(Road Trip),영업,서울특별시 관악구 신림동 1460-32,"서울특별시 관악구 관천로12길 7, 지하1층 및 지상1층 (신림동)",기타
62,서울버터샌드,영업,서울특별시 관악구 신림동 1652-20,"서울특별시 관악구 조원로10길 28, 1층 (신림동)",기타
63,보라,영업,서울특별시 관악구 신림동 537-26,서울특별시 관악구 조원로18길 24 (신림동),기타
64,우드스탁,영업,서울특별시 관악구 신림동 1639-65,"서울특별시 관악구 신림로59길 24, 지하1층 (신림동)",기타
65,딜리어트,영업,서울특별시 관악구 신림동 1669 한유빌딩,"서울특별시 관악구 조원중앙로 8, 한유빌딩 1층 103호 (신림동)",기타
66,콩 두머리,영업,서울특별시 관악구 신림동 1655-27,"서울특별시 관악구 시흥대로 550, 1,2층 (신림동)",기타
67,커피퍼센트&대단한 요거트 신림점,영업,서울특별시 관악구 신림동 563-26,"서울특별시 관악구 조원중앙로2길 83, 1층 (신림동)",기타
68,가비 사랑방,영업,서울특별시 관악구 신림동 1705-1,"서울특별시 관악구 대학길 106, 지상1층 (신림동, 상가동)",기타
69,(주)보드게임카페레드버튼 신림,영업,서울특별시 관악구 신림동 1640-44,"서울특별시 관악구 신림로 323, 3층 (신림동)",기타
70,슬로우캘리 서울대점,영업,서울특별시 관악구 신림동 1517-29 포시즌,"서울특별시 관악구 대학길 22, 포시즌 1층 좌호 (신림동)",기타
71,곤드레밥,영업,서울특별시 관악구 신림동 241-52,"서울특별시 관악구 신림로11길 18-6, 1층 (신림동)",기타
72,카페 요아정 난곡점,영업,서울특별시 관악구 신림동 1738-1 파로스프라자B동 지하1층 B10gh,"서울특별시 관악구 난곡로 98, 지하1층 B10호 (신림동, 파로스프라자B동)",기타
73,연분홍폐백,영업,서울특별시 관악구 신림동 608-5,"서울특별시 관악구 법원단지3길 18, 지하1층 비01호 (신림동)",기타
74,쉘브르,영업,서울특별시 관악구 신림동 1432-110,"서울특별시 관악구 신림로65길 20, 지하1층 (신림동)",기타
75,자마이카,영업,서울특별시 관악구 신림동 1422-5 르네상스 복합쇼핑몰,"서울특별시 관악구 신림로 340, 르네상스 복합쇼핑몰 2층 50.51호 (신림동)",기타
76,핑크테디,영업,서울특별시 관악구 신림동 1459-4,"서울특별시 관악구 신림동7길 8, 지1층 (신림동)",기타
77,유쾌한 TV 라이브,영업,서울특별시 관악구 신림동 1567-22,"서울특별시 관악구 난곡로 276, 지하1층 (신림동)",기타
78,이프유캔 신림점,영업,서울특별시 관악구 신림동 1429-55,"서울특별시 관악구 봉천로8길 25, 1층 (신림동)",기타
79,도쉼(DO SHIM),영업,서울특별시 관악구 신림동 1421-60,"서울특별시 관악구 신림로66길 12, 5층 (신림동)",기타
80,블렌더스(BLENDERS),영업,서울특별시 관악구 신림동 1577-14,"서울특별시 관악구 남부순환로172길 48, 지1층 (신림동)",기타
81,주식회사 빅바이트컴퍼니 쉐이크쉑 신림,영업,서울특별시 관악구 신림동 1641-2 포도몰,"서울특별시 관악구 신림로 330, 포도몰 1층 (신림동)",기타
82,요거트퍼플 서울대벤처타운역점,영업,서울특별시 관악구 신림동 241-99,"서울특별시 관악구 신림로11길 12, 1층 102호 (신림동)",기타
83,카츠 그루,영업,서울특별시 관악구 신림동 1663-33,"서울특별시 관악구 시흥대로160길 27, 1층 (신림동)",기타
84,문어빵빵 타코야끼,영업,서울특별시 관악구 신림동 1628-82,"서울특별시 관악구 신원로 7, 1층 (신림동)",기타
85,크라운,영업,서울특별시 관악구 신림동 1637-23,"서울특별시 관악구 신원로 38, 지하1층 (신림동)",기타
86,천우식당,영업,서울특별시 관악구 신림동 1518-7,"서울특별시 관악구 대학2길 21, 1층 (신림동)",기타
87,서림커피호프,영업,서울특별시 관악구 신림동 1410-17,서울특별시 관악구 남부순환로 1645 (신림동),기타
88,포케웨이타코웨이 신대방점,영업,서울특별시 관악구 신림동 499-38,"서울특별시 관악구 신사로 112, 1층 (신림동)",기타
89,별이네 포차,영업,서울특별시 관악구 신림동 1432-137,"서울특별시 관악구 신림로67길 28, 1층 (신림동)",기타
90,달콤한꽃,영업,서울특별시 관악구 신림동 1659-38,"서울특별시 관악구 조원중앙로1길 6, 1층 1호 (신림동)",기타
91,루시퍼 홀덤펍,영업,서울특별시 관악구 신림동 1433-120,"서울특별시 관악구 남부순환로 1587, 3층 (신림동)",기타
92,솔트앤스낵신림점,영업,서울특별시 관악구 신림동 1630-2,"서울특별시 관악구 문성로 222, 1층 (신림동)",기타
93,바틀리어,영업,서울특별시 관악구 신림동 1695 신림동부아파트,"서울특별시 관악구 신원로 26, 101동 1층 102호 (신림동, 신림동부아파트)",기타
94,Queen 음악감상실,영업,서울특별시 관악구 신림동 1514-8,"서울특별시 관악구 호암로26길 7, 지하1층 (신림동)",기타
95,홀씨,영업,서울특별시 관악구 신림동 466-21,"서울특별시 관악구 남부순환로163길 10, 1층 (신림동)",기타
96,J(제이),영업,서울특별시 관악구 신림동 1432-86,"서울특별시 관악구 신림로65길 10, 2층 (신림동)",기타
97,썰카페,영업,서울특별시 관악구 신림동 299-17,"서울특별시 관악구 광신길 237, 지하1층 (신림동)",기타
98,어울림마을,영업,서울특별시 관악구 신림동 1714 삼성주공(아)상가동101호,"서울특별시 관악구 호암로 399 (신림동,삼성주공(아)상가동101호)",기타
99,카페오빵,영업,서울특별시 관악구 신림동 1628-85,"서울특별시 관악구 신원로 5, 지하1층 (신림동)",기타
100,STANDIZ(스탠디즈),영업,서울특별시 관악구 신림동 510-23,"서울특별시 관악구 남부순환로151길 40-4, 1층 (신림동)",기타
101,다리목,영업,서울특별시 관악구 신림동 86-38,서울특별시 관악구 신림로58가길 7 (신림동),기타
102,보드람치킨,영업,서울특별시 관악구 신림동 1641-22 외 1필지,"서울특별시 관악구 신림로 310 (신림동,외 1필지)",기타
103,착한생칼국수,영업,서울특별시 관악구 신림동 1587-3,서울특별시 관악구 관천로 49 (신림동),기타
104,컴포즈커피 신림중앙점,영업,서울특별시 관악구 신림동 1431-16,"서울특별시 관악구 신림로 359, 1층 (신림동)",기타
105,세상의 모든 디저트,영업,서울특별시 관악구 신림동 1657-5,"서울특별시 관악구 조원로4길 30, 1층 (신림동)",기타
106,달빛호프,영업,서울특별시 관악구 신림동 1586-1 지상2층,"서울특별시 관악구 남부순환로172길 1 (신림동,지상2층)",기타
107,워킹카우,영업,서울특별시 관악구 신림동 1476-20,"서울특별시 관악구 난곡로63가길 43, 1층 (신림동)",기타
108,봉사리꼬치전문점,영업,서울특별시 관악구 신림동 1433-114,"서울특별시 관악구 남부순환로 1589, 1층 (신림동)",기타
109,사사로운,영업,서울특별시 관악구 신림동 1433-58,"서울특별시 관악구 남부순환로 1597-6, 3층 (신림동)",기타
110,소 품은 돼지,영업,서울특별시 관악구 신림동 527-3,"서울특별시 관악구 남부순환로 1479, 1층 (신림동)",기타
111,스윗아워,영업,서울특별시 관악구 신림동 480-17,"서울특별시 관악구 조원로 155, 1층 (신림동)",기타
112,술이 있는 마을,영업,서울특별시 관악구 신림동 727-14,서울특별시 관악구 미성길 5 (신림동),기타
113,바텐바텐 클래식,영업,서울특별시 관악구 신림동 1433-120 2층,"서울특별시 관악구 남부순환로 1587, 2층 (신림동)",기타
114,음매점 신림점,영업,서울특별시 관악구 신림동 10-33 블리스빌,"서울특별시 관악구 남부순환로190길 13, 블리스빌 1층 (신림동)",기타
115,요거트아이스크림의정석 서울대벤처타운역점,영업,서울특별시 관악구 신림동 1536-16,"서울특별시 관악구 호암로22길 61, 1층 (신림동)",기타
116,킹덤보드게임카페 신림점,영업,서울특별시 관악구 신림동 1640-38 양지순대촌,"서울특별시 관악구 신림로59길 12, 양지순대촌 6층 (신림동)",기타
117,그집 멸치국수,영업,서울특별시 관악구 신림동 119-14,"서울특별시 관악구 신림로12길 5, 1층 (신림동)",기타
118,세느강포차,영업,서울특별시 관악구 신림동 1639-58 지상1층,"서울특별시 관악구 관천로 36 (신림동,지상1층)",기타
119,윈썸,영업,서울특별시 관악구 신림동 10-631,"서울특별시 관악구 남부순환로 1678, 1층 (신림동)",기타
120,블러 커피,영업,서울특별시 관악구 신림동 1432-136,"서울특별시 관악구 신림동5길 31, 1층 (신림동)",기타
121,이집 고기 잘하네,영업,서울특별시 관악구 신림동 1634-11,"서울특별시 관악구 신림로53가길 21, 1층 (신림동)",기타
122,더플레이그라운드 스튜디오,영업,서울특별시 관악구 신림동 395-48,"서울특별시 관악구 신림로 161, 2층 (신림동)",기타
123,오늘의 한식정(淨),영업,서울특별시 관악구 신림동 1603-8,"서울특별시 관악구 신원로3가길 11-5 (신림동, 지상1층)",기타
124,칭다오 군만두,영업,서울특별시 관악구 신림동 246-30,"서울특별시 관악구 대학길 37, 1층 (신림동)",기타
125,Babip(바빕),영업,서울특별시 관악구 신림동 560-1,"서울특별시 관악구 조원중앙로 50, 1층 (신림동)",기타
126,전주익산,영업,서울특별시 관악구 신림동 1640-31 302호,"서울특별시 관악구 신림로59길 14 (신림동,302호)",기타
127,서울혼술바 제주아홉 구디점,영업,서울특별시 관악구 신림동 1652-25 우정빌,"서울특별시 관악구 조원로8길 10, 제1층 제102호 (신림동, 우정빌)",기타
128,후후라운지,영업,서울특별시 관악구 신림동 1525-5 샘물교회,"서울특별시 관악구 호암로26가길 8, 샘물교회 1층 (신림동)",기타
129,인쌩맥주 신림사거리점,영업,서울특별시 관악구 신림동 1434-8,서울특별시 관악구 신림로65길 40 (신림동),기타
130,또또케이크,영업,서울특별시 관악구 신림동 1421-1 신림큐브,"서울특별시 관악구 신림로66길 42, 1층 104호 (신림동, 신림큐브)",기타
131,ELSE 2F,영업,서울특별시 관악구 신림동 1517-1,"서울특별시 관악구 호암로26길 72, 2층 201호 (신림동)",기타
132,케이오 홀덤펍,영업,서울특별시 관악구 신림동 1637-26 삼양타운,"서울특별시 관악구 신원로 34, 삼양타운 3층 301호 (신림동)",기타
133,토마 화실,영업,서울특별시 관악구 신림동 120-32 합격의터독서실,"서울특별시 관악구 복은4길 50, 합격의터독서실 2층 (신림동)",기타
134,Today(투데이),영업,서울특별시 관악구 신림동 624-8,"서울특별시 관악구 난곡로34길 36, 1층 (신림동)",기타
135,빙동댕 신림본점,영업,서울특별시 관악구 신림동 1444-1,"서울특별시 관악구 봉천로 214, 1층 (신림동)",기타
136,청년피자 신림점,영업,서울특별시 관악구 신림동 727-42,"서울특별시 관악구 미성3길 21, 101호 (신림동)",기타
137,맛볶밥,영업,서울특별시 관악구 신림동 1658-18,"서울특별시 관악구 조원중앙로 29, 1층 101호 (신림동)",기타
138,신사리포장마차,영업,서울특별시 관악구 신림동 1638-25,"서울특별시 관악구 신림로59길 9, 지하1층 (신림동)",기타
139,145라운지,영업,서울특별시 관악구 신림동 1640-40,"서울특별시 관악구 신림로59길 10, 2층 (신림동)",기타
140,마스터김치구이,영업,서울특별시 관악구 신림동 1439-13,"서울특별시 관악구 신림동길 20, 2층 (신림동)",기타
141,문성골족발집,영업,서울특별시 관악구 신림동 1636-35 영신상가,"서울특별시 관악구 신원로 16, 영신상가 1층 (신림동)",기타
142,찬스,영업,서울특별시 관악구 신림동 570-27,서울특별시 관악구 조원중앙로 30 (신림동),기타
143,해일막걸리,영업,서울특별시 관악구 신림동 1622-16,"서울특별시 관악구 문성로 195, 1층 (신림동)",기타
144,대연돌판구이,영업,서울특별시 관악구 신림동 1459-10,서울특별시 관악구 신림동길 29 (신림동),기타
145,디저트공방,영업,서울특별시 관악구 신림동 408-170,"서울특별시 관악구 신림로 221-4, 1층 (신림동)",기타
146,BBQ 신림점,영업,서울특별시 관악구 신림동 116-11,"서울특별시 관악구 신림로 122, 1층 (신림동)",기타
147,KNC숯불바베큐,영업,서울특별시 관악구 신림동 495-9,서울특별시 관악구 신사로20길 50 (신림동),기타
148,우디빈,영업,서울특별시 관악구 신림동 1451-1,"서울특별시 관악구 관천로22길 54, 1층 (신림동)",기타
149,펜서,영업,서울특별시 관악구 신림동 477-16,"서울특별시 관악구 신사로20길 43, 1층 상가호 (신림동)",기타
150,프레오커피(FREO COFFEE),영업,서울특별시 관악구 신림동 498-1,"서울특별시 관악구 신사로 126, 1층 (신림동)",기타
151,더벤티 신림녹두점,영업,서울특별시 관악구 신림동 246-23,"서울특별시 관악구 대학길 35, 1층 (신림동)",기타
152,간식꾸러기,영업,서울특별시 관악구 신림동 408-124,"서울특별시 관악구 신림로 203-3, 지하1층 (신림동)",기타
153,과일당 신림점,영업,서울특별시 관악구 신림동 404-1 영창빌딩,"서울특별시 관악구 신림로 169, 영창빌딩 1층 102호 (신림동)",기타
154,신사동커피집,영업,서울특별시 관악구 신림동 480-15,"서울특별시 관악구 조원로 157, 1층 (신림동)",기타
155,칵테일앤드림,영업,서울특별시 관악구 신림동 1640-13 지상3층,"서울특별시 관악구 신림로 329, 3층 (신림동)",기타
156,성민양꼬치,영업,서울특별시 관악구 신림동 1639-64,"서울특별시 관악구 신림로59길 28, 1층 (신림동)",기타
157,플레이온 보드게임카페,영업,서울특별시 관악구 신림동 1639-8,"서울특별시 관악구 남부순환로 1592, 3층 (신림동)",기타
158,샤브향 신대방역점,영업,서울특별시 관악구 신림동 537-33,"서울특별시 관악구 난곡로65길 2, 1층 (신림동)",기타
159,프레퍼스 다이어트푸드 신림본점,영업,서울특별시 관악구 신림동 1638-16,"서울특별시 관악구 신림로 315, 1층,2층 (신림동)",기타
160,깡통닭갈비,영업,서울특별시 관악구 신림동 1433-69,서울특별시 관악구 남부순환로 1597-14 (신림동),기타
161,카페 플롬,영업,서울특별시 관악구 신림동 1656,"서울특별시 관악구 조원로2길 7, 1층 (신림동)",기타
162,스톡홀름 샐러드,영업,서울특별시 관악구 신림동 259-2,"서울특별시 관악구 신림로17길 63, 1층 (신림동)",기타
163,RIP BAR(립바),영업,서울특별시 관악구 신림동 1514-11,"서울특별시 관악구 신림로 129, 지하1층 (신림동)",기타
164,봉쥬르,영업,서울특별시 관악구 신림동 394-27,서울특별시 관악구 방천길 3 (신림동),기타
165,작업공감협동조합(난곡다방),영업,서울특별시 관악구 신림동 725-19,"서울특별시 관악구 미성3길 31, 1층 (신림동)",기타
166,DAIN,영업,서울특별시 관악구 신림동 94-295,"서울특별시 관악구 서림길 7, 1~2층 (신림동)",기타
167,미드나잇 소사이어티,영업,서울특별시 관악구 신림동 1587-29,"서울특별시 관악구 관천로 25, 2층 (신림동)",기타
168,자부심,영업,서울특별시 관악구 신림동 255-12,"서울특별시 관악구 대학14길 11, 1층 (신림동)",기타
169,엉금책방,영업,서울특별시 관악구 신림동 1429-1,"서울특별시 관악구 신림로 391, 2층 (신림동)",기타
170,대구밀떡집,영업,서울특별시 관악구 신림동 1433-147,"서울특별시 관악구 관천로 56, 1층 (신림동)",기타
171,카페레이브,영업,서울특별시 관악구 신림동 1433-102,"서울특별시 관악구 남부순환로 1591, 1층 (신림동)",기타
172,카페 하나,영업,서울특별시 관악구 신림동 706-50,"서울특별시 관악구 난곡로 199, 2층 (신림동)",기타
173,별과담 특별한 과일을 담아,영업,서울특별시 관악구 신림동 551-16 인영빌딩,"서울특별시 관악구 조원로 49, 인영빌딩 1층 (신림동)",기타
174,도두 F&B,영업,서울특별시 관악구 신림동 94-18,"서울특별시 관악구 신림로36길 21, 1층 (신림동)",기타
175,달달브런치,영업,서울특별시 관악구 신림동 503-4,"서울특별시 관악구 조원로 129, 1층 (신림동)",기타
176,소담포차,영업,서울특별시 관악구 신림동 1738-1 파로스프라자B동,"서울특별시 관악구 난곡로 98, B동 B106호 (신림동, 파로스프라자B동)",기타
177,크로플집,영업,서울특별시 관악구 신림동 508-18,"서울특별시 관악구 남부순환로153길 2, 1층 (신림동)",기타
178,씨엔비(CNB),영업,서울특별시 관악구 신림동 1639-26 지하1층,"서울특별시 관악구 남부순환로176길 6 (신림동,지하1층)",기타
179,카페사계,영업,서울특별시 관악구 신림동 517-57,"서울특별시 관악구 난곡로 364-1, 1층 (신림동)",기타
180,파스타 먹고갈래,영업,서울특별시 관악구 신림동 704-42,"서울특별시 관악구 난곡로31길 15, 1층 (신림동)",기타
181,S BAR(에스바),영업,서울특별시 관악구 신림동 1424-11,"서울특별시 관악구 신림로 356, 2층 202호 (신림동)",기타
182,애담커피,영업,서울특별시 관악구 신림동 527-11,"서울특별시 관악구 난곡로66길 14, 1층 03호 (신림동)",기타
183,샐러데이즈 신대방역점,영업,서울특별시 관악구 신림동 495-10,"서울특별시 관악구 관천로19길 84, 지하1층 101호 (신림동)",기타
184,527,영업,서울특별시 관악구 신림동 1416-40,"서울특별시 관악구 봉천로18길 4, 1층 (신림동)",기타
185,갈팡즙팡 과일 디저트카페,영업,서울특별시 관악구 신림동 502-23 태승,"서울특별시 관악구 난곡로74길 26, 태승 1층 (신림동)",기타
186,고려왕족발,영업,서울특별시 관악구 신림동 1600-2,서울특별시 관악구 신원로5길 13 (신림동),기타
187,(주)에스앤에스컴퍼니 서울대학교점,영업,서울특별시 관악구 신림동 산 56-1 서울대학교,"서울특별시 관악구 관악로 1, 서울대학교 75-1동 [제3학생식당]4층 (신림동)",기타
188,피자먹다 난곡점,영업,서울특별시 관악구 신림동 1738-1 파로스프라자B동,"서울특별시 관악구 난곡로 98, B동 지1층 B05호 (신림동, 파로스프라자B동)",기타
189,플러스82 신림점,영업,서울특별시 관악구 신림동 1418-33,"서울특별시 관악구 신림로68길 39, 1층 (신림동)",기타
190,텐퍼센트커피 신림역점,영업,서울특별시 관악구 신림동 1422-26,"서울특별시 관악구 남부순환로181길 7, 1층 (신림동)",기타
191,FOAM & normal (폼앤노말),영업,서울특별시 관악구 신림동 1432-119,"서울특별시 관악구 신림로67길 25, 1층 (신림동)",기타
192,전주빛고을내고향고기촌,영업,서울특별시 관악구 신림동 463-76,서울특별시 관악구 관천로 77 (신림동),기타
193,(주)포포인,영업,서울특별시 관악구 신림동 산 56-1 지하1층 서울대학교 대림국제관137-2동B1,"서울특별시 관악구 관악로 1 (신림동,지하1층 서울대학교 대림국제관137-2동B1)",기타
194,카페레이어&베이커리 3호점,영업,서울특별시 관악구 신림동 1432-12 Lusid,"서울특별시 관악구 신림동1길 8, Lusid 지하1층 (신림동)",기타
195,카페 루시드 크루와상,영업,서울특별시 관악구 신림동 1432-12 Lusid,"서울특별시 관악구 신림동1길 8, Lusid 1층 (신림동)",기타
196,텍스 멕스,영업,서울특별시 관악구 신림동 406-16,"서울특별시 관악구 신림로29길 3-6, 1층 (신림동)",기타
197,작당민센터,영업,서울특별시 관악구 신림동 655-46,"서울특별시 관악구 난곡로20길 15, 1층 (신림동)",기타
198,이모네,영업,서울특별시 관악구 신림동 1640-31 (309)호,서울특별시 관악구 신림로59길 14 (309)호 (신림동),기타
199,리프버거 서울1호 신림역점,영업,서울특별시 관악구 신림동 1425-17 정림빌딩,"서울특별시 관악구 신림로 366, 정림빌딩 1층 (신림동)",기타
200,에몽피자(EMON PIZZA),영업,서울특별시 관악구 신림동 91-37,"서울특별시 관악구 신림로48길 11, 1층 (신림동)",기타
201,목련(커피?호프),영업,서울특별시 관악구 신림동 528-37,"서울특별시 관악구 난곡로66길 23, 지층 (신림동)",기타
202,루센트 커피,영업,서울특별시 관악구 신림동 1639-59,"서울특별시 관악구 관천로 34, 1층 (신림동)",기타
203,행복한하루,영업,서울특별시 관악구 신림동 241-57,"서울특별시 관악구 신림로11길 11-5, 1층 (신림동)",기타
204,왓더버거 신림점,영업,서울특별시 관악구 신림동 1638-17,"서울특별시 관악구 신림로 317, 2층 (신림동)",기타
205,한입과일,영업,서울특별시 관악구 신림동 1491-27,"서울특별시 관악구 남부순환로144길 70, 1층 (신림동)",기타
206,도시락138,영업,서울특별시 관악구 신림동 94-138,"서울특별시 관악구 쑥고개로 5, 지하1층 (신림동)",기타
207,마니달오 신림점,영업,서울특별시 관악구 신림동 526-4 풍양빌딩,"서울특별시 관악구 남부순환로151길 13, 1층 101호 (신림동, 풍양빌딩)",기타
208,벤슨 신림점,영업,서울특별시 관악구 신림동 1640-44 신광빌딩,"서울특별시 관악구 신림로 323, 신광빌딩 1층 104호, 107호 (신림동)",기타
209,백가집,영업,서울특별시 관악구 신림동 1524-10 지상1층,"서울특별시 관악구 호암로24길 11, 1층 (신림동)",기타
210,카페캘리 본점,영업,서울특별시 관악구 신림동 409-191,"서울특별시 관악구 신림로 261, 4층 (신림동)",기타
211,달달스콘,영업,서울특별시 관악구 신림동 503-4,"서울특별시 관악구 조원로 129, 지하1층 (신림동)",기타
212,모꼬지,영업,서울특별시 관악구 신림동 676-35,"서울특별시 관악구 난향길 12, 지하1층 (신림동)",기타
213,전라도김제 엄마,영업,서울특별시 관악구 신림동 1640-38 양지순대촌,"서울특별시 관악구 신림로59길 12, 양지순대촌 2층 205,206,207호 (신림동)",기타
214,에놀라 톤,영업,서울특별시 관악구 신림동 498-55,"서울특별시 관악구 신사로 114, 1층 (신림동)",기타
215,뉴요커피자 신림점,영업,서울특별시 관악구 신림동 466-10,"서울특별시 관악구 관천로11길 46, 1층 (신림동)",기타
216,푸드케어,영업,서울특별시 관악구 신림동 1522-6,"서울특별시 관악구 호암로24길 35, 지1층 B01호 (신림동)",기타
217,키키's 버터,영업,서울특별시 관악구 신림동 610-118,"서울특별시 관악구 법원단지길 137, 지하1층 B02,03호 (신림동)",기타
218,비행커피,영업,서울특별시 관악구 신림동 1568-11,"서울특별시 관악구 난곡로 290, 1층 (신림동)",기타
219,휘라이브,영업,서울특별시 관악구 신림동 607-30,"서울특별시 관악구 난곡로 234, 지하1층 (신림동)",기타
220,라이클린 로스터리,영업,서울특별시 관악구 신림동 86-10,"서울특별시 관악구 신림로58길 20, 3층 (신림동)",기타
221,솥뚜껑 통김치 생삼겹,영업,서울특별시 관악구 신림동 528-28 지상1층,"서울특별시 관악구 난곡로66길 15 (신림동,지상1층)",기타
222,물꼬기 신림점,영업,서울특별시 관악구 신림동 1431-16,"서울특별시 관악구 신림로 359, 2층 (신림동)",기타
223,돈카춘 (신림현대아파트점),영업,서울특별시 관악구 신림동 406-37,"서울특별시 관악구 신림로29길 3, 1층 (신림동)",기타
224,루프탑 셀프 포차,영업,서울특별시 관악구 신림동 1638-7,"서울특별시 관악구 신림로59길 15-10, 4층 (신림동)",기타
225,무작정,영업,서울특별시 관악구 신림동 571-2,"서울특별시 관악구 조원중앙로 20, 3층 1호 (신림동)",기타
226,FORTUNE파르투내,영업,서울특별시 관악구 신림동 1472-1,"서울특별시 관악구 관천로 53, 별빛내린천 일대 (신림동)",기타
227,메이지커피,영업,서울특별시 관악구 신림동 1472-1,"서울특별시 관악구 관천로 53, 별빛내린천 일대 (신림동)",기타
228,마티스커피,영업,서울특별시 관악구 신림동 1472-1,"서울특별시 관악구 관천로 53, 별빛내린천 일대 (신림동)",기타
229,우동키노야 신림점,영업,서울특별시 관악구 신림동 1638-17,"서울특별시 관악구 신림로 317, 1층 (신림동)",기타
230,디디디알(D:D:D.R)캔&보틀커피 신림본점,영업,서울특별시 관악구 신림동 1524-9,"서울특별시 관악구 호암로24길 15, 1층 (신림동)",기타
231,포36거리(대학동점),영업,서울특별시 관악구 신림동 1533,"서울특별시 관악구 호암로24길 22, 1층 (신림동)",기타
232,주식회사 커넥션그라운드,영업,서울특별시 관악구 신림동 1472-1,"서울특별시 관악구 관천로 53, 별빛내린천 일대 (신림동)",기타
233,샐러리아 신림역점,영업,서울특별시 관악구 신림동 1460-3 그랜드힐,"서울특별시 관악구 관천로12길 27, 1층 103호 (신림동, 그랜드힐)",기타
234,언노운라운지 코워킹스페이스,영업,서울특별시 관악구 신림동 744-4,"서울특별시 관악구 미성8길 1, 4층 (신림동)",기타
235,우체국 옆 빵집,영업,서울특별시 관악구 신림동 244-175,"서울특별시 관악구 대학5길 36, 1층 (신림동)",기타
236,썬토스트,영업,서울특별시 관악구 신림동 241-7,"서울특별시 관악구 대학길 21, 1층 (신림동)",기타
237,원브릿지,영업,서울특별시 관악구 신림동 246-46,"서울특별시 관악구 대학7길 2, 1층 (신림동)",기타
238,도시회관,영업,서울특별시 관악구 신림동 1669-9,"서울특별시 관악구 남부순환로 1385, 2층 (신림동)",기타
239,Whisky Seoul Bar,영업,서울특별시 관악구 신림동 1465-12 디자이너리 빌딩,"서울특별시 관악구 관천로 71-1, 디자이너리 빌딩 1층 102호 (신림동)",기타
240,rough(러프),영업,서울특별시 관악구 신림동 1421-60,"서울특별시 관악구 신림로66길 12, 2층 (신림동)",기타
241,진스,영업,서울특별시 관악구 신림동 250-27 지상2층,"서울특별시 관악구 대학길 60 (신림동,지상2층)",기타
242,샌드잇냠(sand eat yum)?,영업,서울특별시 관악구 신림동 1663-1,"서울특별시 관악구 조원로2길 47, 1층 109호 (신림동)",기타
243,육연담다,영업,서울특별시 관악구 신림동 518-2,"서울특별시 관악구 신사로 94, 1층 (신림동)",기타
244,플랙,영업,서울특별시 관악구 신림동 246-49,"서울특별시 관악구 대학길 47, 2층 202호 (신림동)",기타
245,빌베이커리,영업,서울특별시 관악구 신림동 1472-1,"서울특별시 관악구 관천로 53, 별빛내린천 일대 (신림동)",기타
246,온,영업,서울특별시 관악구 신림동 505-12,"서울특별시 관악구 남부순환로155길 36, 1층 (신림동)",기타
247,라쁘띠뜨망,영업,서울특별시 관악구 신림동 408-38,"서울특별시 관악구 신림로29길 4-35, 지1층 (신림동)",기타
248,1.5도씨,영업,서울특별시 관악구 신림동 522-6,"서울특별시 관악구 조원로20길 29, 1층 101호 (신림동)",기타
249,저스트 로맨틱,영업,서울특별시 관악구 신림동 116-23,"서울특별시 관악구 신림로 134, 1층 102호 (신림동)",기타
250,신사조개,영업,서울특별시 관악구 신림동 1438-28,"서울특별시 관악구 신림동길 17 (신림동, 지상1층)",기타
251,데니스커피 신림점,영업,서울특별시 관악구 신림동 1413-10,"서울특별시 관악구 남부순환로187길 13, 1층 (신림동)",기타
252,아우성황소곱창,영업,서울특별시 관악구 신림동 1433-66 지상1층,"서울특별시 관악구 남부순환로 1597-10, 지상1층 (신림동)",기타
253,호밀밭,영업,서울특별시 관악구 신림동 1423-1,서울특별시 관악구 신림로68길 18 (신림동),기타
254,고베규카츠 신림점,영업,서울특별시 관악구 신림동 1639-27,서울특별시 관악구 남부순환로176길 8 (신림동),기타
255,몽니,영업,서울특별시 관악구 신림동 550-1,"서울특별시 관악구 신사로 70, 1층 좌측호 (신림동)",기타
256,RED(레드),영업,서울특별시 관악구 신림동 1533-3,"서울특별시 관악구 신림로23길 34, 지하1층 (신림동)",기타
257,굿 홀덤펍,영업,서울특별시 관악구 신림동 1416-23,"서울특별시 관악구 신림로70길 23, 2층 202호 (신림동)",기타
258,갱스터피자 신림점,영업,서울특별시 관악구 신림동 92-284,"서울특별시 관악구 신림로 224-1, 1층 (신림동)",기타
259,춘리마라탕 신림점,영업,서울특별시 관악구 신림동 1537-3,서울특별시 관악구 대학6길 14 (신림동),기타
260,요거트홀릭 신림직영점,영업,서울특별시 관악구 신림동 1464-2 1층,"서울특별시 관악구 관천로11길 5, 1층 (신림동)",기타
261,아카샤(Akasha),영업,서울특별시 관악구 신림동 1738-1 파로스프라자B동,"서울특별시 관악구 난곡로 98, 파로스프라자 B동 B1 14호 (신림동, 파로스프라자B동)",기타
262,파이널나인 신림점,영업,서울특별시 관악구 신림동 1640-16,"서울특별시 관악구 남부순환로 1600-21, 지1층 (신림동)",기타
263,디저트문,영업,서울특별시 관악구 신림동 1432-64,"서울특별시 관악구 신림로67길 9, 1층 101호 (신림동)",기타
264,주가당,영업,서울특별시 관악구 신림동 608-34,"서울특별시 관악구 난우길 18, 1층 (신림동)",기타
265,토토김밥,영업,서울특별시 관악구 신림동 487-2 지상1층,"서울특별시 관악구 남부순환로161길 7 (신림동,지상1층)",기타
266,CONCRETUS 콘크리투스,영업,서울특별시 관악구 신림동 1637-10,"서울특별시 관악구 신림로 301, 지하1층 (신림동)",기타
267,부엉이포차,영업,서울특별시 관악구 신림동 728-3,"서울특별시 관악구 미성3길 14, 1층 좌측호 (신림동)",기타
268,꽃이다,영업,서울특별시 관악구 신림동 486-15,"서울특별시 관악구 관천로11길 76, 1층 (신림동)",기타
269,슬로우 스푼,영업,서울특별시 관악구 신림동 1534-5,"서울특별시 관악구 대학6길 52, 1층 (신림동)",기타
270,터틀랙 커피(Turtle Lack Coffee),영업,서울특별시 관악구 신림동 1423-3,"서울특별시 관악구 남부순환로181길 41, 1층 101호 (신림동)",기타
271,삼모볼링센터휴게실,영업,서울특별시 관악구 신림동 1638-32 삼모스포렉스,"서울특별시 관악구 신림로59길 23, 삼모스포렉스 6층 (신림동)",기타
272,퍼그피자하우스 신림점,영업,서울특별시 관악구 신림동 1431-12,"서울특별시 관악구 신림로 363, 지상 1~3층 (신림동)",기타
273,컴포즈커피 신림녹두점,영업,서울특별시 관악구 신림동 238-9,"서울특별시 관악구 신림로 85, 1층 (신림동)",기타 휴게음식점
274,원플레이 신림점,영업,서울특별시 관악구 신림동 1640-13,"서울특별시 관악구 신림로 329, 4층 (신림동)",기타 휴게음식점
275,타래퀸 신림점,영업,서울특별시 관악구 신림동 1639-6 선인타운,"서울특별시 관악구 관천로 44, 선인타운 1층 101호 (신림동)",기타 휴게음식점
276,반찬을담다,영업,서울특별시 관악구 신림동 607-73,"서울특별시 관악구 난곡로 220, 1층 (신림동)",기타 휴게음식점
277,베리코이,영업,서울특별시 관악구 신림동 535-2,"서울특별시 관악구 조원로17길 14, 1층 102호 (신림동)",기타 휴게음식점
278,CU 관악서원점,영업,서울특별시 관악구 신림동 1641-82,"서울특별시 관악구 신림로 274, 1층 (신림동)",기타 휴게음식점
279,프레퍼스 다이어트 푸드 서울대동원관직영점,영업,서울특별시 관악구 신림동 산 56-1 서울대학교,"서울특별시 관악구 관악로 1, 서울대학교 동원생활관 113동 1층 106호 (신림동)",기타 휴게음식점
280,다온당,영업,서울특별시 관악구 신림동 675-57,"서울특별시 관악구 난향12길 9, 지하1층 (신림동)",기타 휴게음식점
281,담 cafe,영업,서울특별시 관악구 신림동 1537-2번지 ,"서울특별시 관악구 호암로24길 68, 지상3층 (신림동)",기타 휴게음식점
282,레드포스PC아레나 구로디지털점,영업,서울특별시 관악구 신림동 1643-6 ,"서울특별시 관악구 시흥대로 572, 4층 (신림동)",기타 휴게음식점
283,맥스피드PC,영업,서울특별시 관악구 신림동 1423-24번지 디엔에이치 ,"서울특별시 관악구 남부순환로181길 27, 디엔에이치 지하1층 (신림동)",기타 휴게음식점
284,씨피게이트플러스,영업,서울특별시 관악구 신림동 산 56-1 서울대학교 ,"서울특별시 관악구 관악로 1, 서울대학교 관정도서관 부속동 2층 5호 (신림동)",기타 휴게음식점
285,씨유 신림역최강점,영업,서울특별시 관악구 신림동 75-6,"서울특별시 관악구 남부순환로180길 6, 1층 105호 (신림동)",기타 휴게음식점
286,이삭토스트 신림남강점,영업,서울특별시 관악구 신림동 618-15 ,"서울특별시 관악구 난곡로34길 7, 1층 (신림동)",기타 휴게음식점
287,쿨케이(cool k)pc방,영업,서울특별시 관악구 신림동 255-37 ,"서울특별시 관악구 대학14길 18, 지하1층 (신림동)",기타 휴게음식점
288,도그인씨티,영업,서울특별시 관악구 신림동 1641-62번지 ,"서울특별시 관악구 신림로 286, 2층 (신림동)",기타 휴게음식점
289,티피씨방(TEA PC방),영업,서울특별시 관악구 신림동 409-83번지 ,"서울특별시 관악구 신림로 257, 지하1층 (신림동)",기타 휴게음식점
290,3에스피시카페(3SPC CAFE),영업,서울특별시 관악구 신림동 1534-16번지 ,"서울특별시 관악구 호암로22길 41, 2층 (신림동)",기타 휴게음식점
291,화채숲,영업,서울특별시 관악구 신림동 1442-9 ,"서울특별시 관악구 관천로22길 67, 1층 (신림동)",기타 휴게음식점
292,왕손피자 신림점,영업,서울특별시 관악구 신림동 99-3 1층 ,"서울특별시 관악구 복은길 53, 1층 (신림동)",기타 휴게음식점
293,SNS PC(에스앤에스피씨),영업,서울특별시 관악구 신림동 1421-29 에스케이허브그린 ,"서울특별시 관악구 신림로 344, 에스케이허브그린 지하1층 제비01호 (신림동)",기타 휴게음식점
294,신림 라면옥,영업,서울특별시 관악구 신림동 1410-12 ,"서울특별시 관악구 남부순환로187길 6, 1층 (신림동)",기타 휴게음식점
295,빅블러라운지 신림본점,영업,서울특별시 관악구 신림동 1745 최강타워 ,"서울특별시 관악구 남부순환로180길 6, 지하1층 110호 (신림동, 최강타워)",기타 휴게음식점
296,이스타PC방,영업,서울특별시 관악구 신림동 1524-1 ,"서울특별시 관악구 신림로23길 20-11, 지하1층 (신림동)",기타 휴게음식점
297,행복마을마더센터협동조합,영업,서울특별시 관악구 신림동 1565-1 승지빌딩 ,"서울특별시 관악구 난곡로 270, 승지빌딩 2층 (신림동)",기타 휴게음식점
298,랭스터디카페,영업,서울특별시 관악구 신림동 1428-12 ,"서울특별시 관악구 신림로 376, 2층 202호 (신림동)",기타 휴게음식점
299,빽다방구로KT점,영업,서울특별시 관악구 신림동 1668-15 ,"서울특별시 관악구 남부순환로 1377, 1층 2호 (신림동)",기타 휴게음식점
300,THE ROASTER 59(더 로스터 59),영업,서울특별시 관악구 신림동 산 56-1번지 서울대학교 ,"서울특별시 관악구 관악로 1, 서울대학교 59-1동 2층 (신림동)",기타 휴게음식점
301,그리니,영업,서울특별시 관악구 신림동 1578-13 ,"서울특별시 관악구 남부순환로172길 36, 1층 101호 (신림동)",기타 휴게음식점
302,탑플레이스PC 난곡사거리점,영업,서울특별시 관악구 신림동 527-10 ,"서울특별시 관악구 남부순환로 1483, 2층 (신림동)",기타 휴게음식점
303,수협 바다마트 관악직매장 수산코너,영업,서울특별시 관악구 신림동 1668 관악농협 농산물백화점 ,"서울특별시 관악구 남부순환로 1369, 관악농협 농산물백화점 지하1층 (신림동)",기타 휴게음식점
304,레벨업PC카페,영업,서울특별시 관악구 신림동 1745 최강타워 ,"서울특별시 관악구 남부순환로180길 6, B동 B2층 (신림동, 최강타워)",기타 휴게음식점
305,토리,영업,서울특별시 관악구 신림동 1637-5 ,"서울특별시 관악구 신원로 40-9, 지하1층 (신림동)",기타 휴게음식점
306,Label Board Cafe(레이블 보드게임 카페),영업,서울특별시 관악구 신림동 1639-32 ,"서울특별시 관악구 남부순환로176길 18, 4층 (신림동)",기타 휴게음식점
307,카페 플레르 브아,영업,서울특별시 관악구 신림동 646-126 ,"서울특별시 관악구 난곡로26길 78, 1층 (신림동)",기타 휴게음식점
308,full-4rest 풀숲,영업,서울특별시 관악구 신림동 485-3 ,"서울특별시 관악구 남부순환로163가길 17, 1층 (신림동)",기타 휴게음식점
309,쉬즈베이글,영업,서울특별시 관악구 신림동 531-11 ,"서울특별시 관악구 조원로22길 36, 1층 (신림동)",기타 휴게음식점
310,쇼타임PC방 신림동점,영업,서울특별시 관악구 신림동 1485-12 대우빌딩 ,"서울특별시 관악구 남부순환로 1432-7, 대우빌딩 2층 (신림동)",기타 휴게음식점
311,피에스타PC방 신림난곡사거리점,영업,서울특별시 관악구 신림동 507-31번지 ,"서울특별시 관악구 남부순환로 1507, 지하1층 (신림동)",기타 휴게음식점
312,소문난 튀김집,영업,서울특별시 관악구 신림동 255-88번지 ,"서울특별시 관악구 신림로19길 84, 1층 (신림동)",기타 휴게음식점
313,행복한국수집,영업,서울특별시 관악구 신림동 465-34번지 ,"서울특별시 관악구 남부순환로161길 10, 1층 (신림동)",기타 휴게음식점
314,걸작커피,영업,서울특별시 관악구 신림동 459-1 ,"서울특별시 관악구 관천로 113, 1층 (신림동)",기타 휴게음식점
315,사과당 서울대점,영업,서울특별시 관악구 신림동 118-6 ,"서울특별시 관악구 신림로12길 1, 1~2층 (신림동)",기타 휴게음식점
316,제이엠식품,영업,서울특별시 관악구 신림동 1668번지 지하1층 ,서울특별시 관악구 남부순환로 1369 (신림동),기타 휴게음식점
317,제로백피시,영업,서울특별시 관악구 신림동 1432-73번지 ,"서울특별시 관악구 신림로 353, 2층 (신림동)",기타 휴게음식점
318,GS수퍼 관악난향점,영업,서울특별시 관악구 신림동 1735-8 자연빌딩 ,"서울특별시 관악구 난곡로 50, 자연빌딩 지하1층 (신림동)",기타 휴게음식점
319,민스가베,영업,서울특별시 관악구 신림동 1694번지 신림현대아파트 ,"서울특별시 관악구 신림로29길 3-20, 신림현대아파트 3층 339,340,341호 (신림동)",기타 휴게음식점
320,더리터신림점,영업,서울특별시 관악구 신림동 1441-28 ,"서울특별시 관악구 신림로71길 46, 지하1층 b02호 (신림동)",기타 휴게음식점
321,샐러디 신림역점,영업,서울특별시 관악구 신림동 1421-43 THE LIME ,"서울특별시 관악구 남부순환로181길 15, THE LIME 1층 101호 (신림동)",기타 휴게음식점
322,세미온,영업,서울특별시 관악구 신림동 1538-19 ,"서울특별시 관악구 호암로22길 81, 1층 (신림동)",기타 휴게음식점
323,보야르,영업,서울특별시 관악구 신림동 96-3번지 96-125 (지상5층) ,"서울특별시 관악구 신림로 206 (신림동,96-125 (지상5층))",기타 휴게음식점
324,배스킨라빈스 신림점,영업,서울특별시 관악구 신림동 1637-2 ,서울특별시 관악구 신림로 311 (신림동),기타 휴게음식점
325,카페드림,영업,서울특별시 관악구 신림동 산 56-1 서울대학교 ,"서울특별시 관악구 관악로 1, 서울대학교 140동 2층 (신림동)",기타 휴게음식점
326,달콤공작소,영업,서울특별시 관악구 신림동 534-30 ,"서울특별시 관악구 조원로13길 73, 1층 (신림동)",기타 휴게음식점
327,아미르 케밥(AMIR KEBAB),영업,서울특별시 관악구 신림동 1641-26 ,"서울특별시 관악구 신림로 306, 1층 101.102호 (신림동)",기타 휴게음식점
328,카페 봄날,영업,서울특별시 관악구 신림동 480-30 ,"서울특별시 관악구 신사로20길 75, 1층 (신림동)",기타 휴게음식점
329,인터매니아,영업,서울특별시 관악구 신림동 131-21 ,"서울특별시 관악구 신림로 90, 지1층 (신림동)",기타 휴게음식점
330,가락청과,영업,서울특별시 관악구 신림동 1435-1,"서울특별시 관악구 신림동5길 34, 1층 101호 (신림동)",기타 휴게음식점
331,짐박스피트니스 난곡점,영업,서울특별시 관악구 신림동 614-19 난곡새마을금고 ,"서울특별시 관악구 난곡로 210, 난곡새마을금고 7층 (신림동)",기타 휴게음식점
332,욜로PC까페,영업,서울특별시 관악구 신림동 1522-5번지 ,"서울특별시 관악구 신림로23길 29, 2층 (신림동)",기타 휴게음식점
333,피시토랑 신림본점,영업,서울특별시 관악구 신림동 1513-1번지 ,"서울특별시 관악구 신림로 141, 4층 (신림동)",기타 휴게음식점
334,과일담은 요거트 맛집 yomat,영업,서울특별시 관악구 신림동 1416-22 ,"서울특별시 관악구 신림로70길 27, 1층 102호 (신림동)",기타 휴게음식점
335,스팀 PC방,영업,서울특별시 관악구 신림동 247-2 ,"서울특별시 관악구 대학길 52, 2층 (신림동)",기타 휴게음식점
336,바바플,영업,서울특별시 관악구 신림동 601-3 ,"서울특별시 관악구 난우길 32, 1층 (신림동)",기타 휴게음식점
337,오성손만두,영업,서울특별시 관악구 신림동 755-2 ,"서울특별시 관악구 난곡로 233, 1층 103호 (신림동)",기타 휴게음식점
338,Gamebattle(게임배틀),영업,서울특별시 관악구 신림동 522-2 창근빌딩 ,"서울특별시 관악구 난곡로 341, 창근빌딩 2층 (신림동)",기타 휴게음식점
339,명품밥집,영업,서울특별시 관악구 신림동 1412-2 서울관악우체국 ,"서울특별시 관악구 남부순환로 1643, 서울관악우체국 1층 (신림동)",기타 휴게음식점
340,에스엔에스(SNS)PC,영업,서울특별시 관악구 신림동 1638-19번지 ,"서울특별시 관악구 신림로 321, 2층 (신림동)",기타 휴게음식점
341,커피무카 24 신림점,영업,서울특별시 관악구 신림동 1585-2 ,"서울특별시 관악구 신원로3길 61, 1층 (신림동)",기타 휴게음식점
342,로플봉봉,영업,서울특별시 관악구 신림동 1635-63 ,"서울특별시 관악구 신원로 8-1, 1층 (신림동)",기타 휴게음식점
343,빵장수단팥빵cafe 신림점,영업,서울특별시 관악구 신림동 1422-22 ,"서울특별시 관악구 남부순환로 1625, 1층 (신림동)",기타 휴게음식점
344,한식명가,영업,서울특별시 관악구 신림동 246-67 로뎀 ,"서울특별시 관악구 신림로11길 54-8, 로뎀 b01호 (신림동)",기타 휴게음식점
345,웰빙쌀빵,영업,서울특별시 관악구 신림동 1467-10 ,"서울특별시 관악구 남부순환로 지하 1614, 2호선 신림역사내 230-09호 (신림동)",기타 휴게음식점
346,이마트24 관악문성로점,영업,서울특별시 관악구 신림동 412-51 ,"서울특별시 관악구 문성로38길 25, 지하1층 (신림동)",기타 휴게음식점
347,이마트24 신림빅토리점,영업,서울특별시 관악구 신림동 473-11 서광빌딩 ,"서울특별시 관악구 관천로19길 44, 서광빌딩 1층 102호 (신림동)",기타 휴게음식점
348,델라이키친,영업,서울특별시 관악구 신림동 1703-1 건영아파트 ,"서울특별시 관악구 신림로3길 40, 제1층 112호 (신림동, 건영아파트)",기타 휴게음식점
349,레드밥차,영업,서울특별시 관악구 신림동 570-25 ,"서울특별시 관악구 조원로12길 70, 1층 (신림동)",기타 휴게음식점
350,파머스포케 서울대점,영업,서울특별시 관악구 신림동 246-49 ,"서울특별시 관악구 대학길 47, 1층 102호 (신림동)",기타 휴게음식점
351,데이지 커피,영업,서울특별시 관악구 신림동 395-12 ,"서울특별시 관악구 신림로 153, 1층 (신림동)",기타 휴게음식점
352,CU관악우림점,영업,서울특별시 관악구 신림동 655-39,"서울특별시 관악구 난곡로24길 34, 1층 (신림동)",기타 휴게음식점
353,삼과일,영업,서울특별시 관악구 신림동 1432-92,"서울특별시 관악구 신림로65길 10-9, 1층 102호 (신림동)",기타 휴게음식점
354,보름달 김밥,영업,서울특별시 관악구 신림동 94-296,"서울특별시 관악구 서림길 3, 1층 (신림동)",기타 휴게음식점
355,과일청년,영업,서울특별시 관악구 신림동 1432-27 동경타워,"서울특별시 관악구 신림동1길 16, 동경타워 1층 101호 (신림동)",기타 휴게음식점
356,초콜릿PC,영업,서울특별시 관악구 신림동 1432-1 영지오피스텔 201호,"서울특별시 관악구 신림동길 7-1, 영지오피스텔 2층 (신림동)",기타 휴게음식점
357,엑시트 피시카페 신림역점,영업,서울특별시 관악구 신림동 1422-35 영일빌딩,"서울특별시 관악구 남부순환로 1619, 영일빌딩 지하1층 (신림동)",기타 휴게음식점
358,써브웨이 서울대벤처타운역점 주식회사,영업,서울특별시 관악구 신림동 1526-3,"서울특별시 관악구 호암로 597, 1층 (신림동)",기타 휴게음식점
359,Cafe 912,영업,서울특별시 관악구 신림동 1592-7,"서울특별시 관악구 신원로3길 42, 101호 (신림동)",기타 휴게음식점
360,Sand&Soup(샌드앤수프),영업,서울특별시 관악구 신림동 100-14,"서울특별시 관악구 복은길 46, 1층 (신림동)",기타 휴게음식점
361,제로백pc난곡사거리점,영업,서울특별시 관악구 신림동 527-2 프레콘빌딩,"서울특별시 관악구 난곡로 316, 프레콘빌딩 지하1층 (신림동)",기타 휴게음식점
362,GS25 신림영락점,영업,서울특별시 관악구 신림동 98-427 금성하이츠빌라,"서울특별시 관악구 복은길 128, 101호 (신림동, 금성하이츠빌라)",기타 휴게음식점
363,디저트39 신림역점,영업,서울특별시 관악구 신림동 1638-15,"서울특별시 관악구 신원로 39, 1층 (신림동)",기타 휴게음식점
364,밀크힐 신림점,영업,서울특별시 관악구 신림동 520-19,"서울특별시 관악구 조원로 97, 내제나호 1층 최우측 두번째호 (신림동)",커피숍
365,공차 신림점,영업,서울특별시 관악구 신림동 1640-44 신광빌딩,"서울특별시 관악구 신림로 323, 신광빌딩 1층 106호 (신림동)",커피숍
366,슈크렘 타로카페,영업,서울특별시 관악구 신림동 465-26,"서울특별시 관악구 남부순환로 1545, 1층 102호 (신림동)",커피숍
367,달콤한걸베이커리,영업,서울특별시 관악구 신림동 1587-6,"서울특별시 관악구 관천로 45-1, 1층 103호(A-10) (신림동)",커피숍
368,글로우,영업,서울특별시 관악구 신림동 520-20,"서울특별시 관악구 조원로 95, 1층 (신림동)",커피숍
369,무망,영업,서울특별시 관악구 신림동 485-28,"서울특별시 관악구 남부순환로161길 36, 상가1칸호 (신림동)",커피숍
370,잉스커피,영업,서울특별시 관악구 신림동 457-9,"서울특별시 관악구 관천로 135, 1층 (신림동)",커피숍
371,백억커피 신림점,영업,서울특별시 관악구 신림동 1459-4,"서울특별시 관악구 신림동7길 8, 1층 101호 (신림동)",커피숍
372,메가엠지씨커피 신림신원시장입구점,영업,서울특별시 관악구 신림동 1585-1,"서울특별시 관악구 남부순환로172길 7, 1층 (신림동)",커피숍
373,꽁다방,영업,서울특별시 관악구 신림동 86-1번지 S-빌딩 ,"서울특별시 관악구 신림로58길 13, S-빌딩 7층 (신림동)",커피숍
374,소소한행복,영업,서울특별시 관악구 신림동 567-20번지 ,"서울특별시 관악구 남부순환로131길 21, 1층 (신림동)",커피숍
375,그릿 커피랩 신림점,영업,서울특별시 관악구 신림동 1459-27 지산 ,"서울특별시 관악구 신림동길 33, 지산 1층 (신림동)",커피숍
376,빽다방 신림역2호점,영업,서울특별시 관악구 신림동 1641-9 ,"서울특별시 관악구 신림로 324, 1층 (신림동)",커피숍
377,1847 서울대 종합교육연구점,영업,서울특별시 관악구 신림동 산 56-1 서울대학교 ,"서울특별시 관악구 관악로 1, 서울대학교 관악 220동 지하 1층 (신림동)",커피숍
378,메가엠지씨커피 난곡우림시장점,영업,서울특별시 관악구 신림동 635-23 ,"서울특별시 관악구 난곡로 176, 1층 (신림동)",커피숍
379,김문경의 명인돈까스,영업,서울특별시 관악구 신림동 481-8 ,"서울특별시 관악구 조원로 158, 1층 (신림동)",커피숍
380,커피 브륄레,영업,서울특별시 관악구 신림동 1680-31 ,"서울특별시 관악구 문성로 114, 1층 (신림동)",커피숍
381,공차 서울대점,영업,서울특별시 관악구 신림동 산 56-1 서울대학교 ,"서울특별시 관악구 관악로 1, 서울대학교 관악63동 학생회관1층 (신림동)",커피숍
382,하삼동커피 신림난곡점,영업,서울특별시 관악구 신림동 611-30 우석빌딩 ,"서울특별시 관악구 법원단지길 28, 우석빌딩 1층 102호 (신림동)",커피숍
383,이디야커피(신림대학동점),영업,서울특별시 관악구 신림동 1514-5번지 ,"서울특별시 관악구 호암로26길 17, 1층 (신림동)",커피숍
384,파스쿠찌 서울대관정도서관점,영업,서울특별시 관악구 신림동 산 56-1 서울대학교,"서울특별시 관악구 관악로 1, 서울대학교 관정도서관 2,3층 (신림동)",커피숍
385,서울관악지역자활센터 카페사이,영업,서울특별시 관악구 신림동 1631-19 평희빌딩 ,"서울특별시 관악구 문성로 236, 평희빌딩 1층 (신림동)",커피숍
386,컴포즈커피,영업,서울특별시 관악구 신림동 1639-2 ,"서울특별시 관악구 남부순환로 1590, 1층 (신림동)",커피숍
387,블루포트 서울대점,영업,서울특별시 관악구 신림동 산 56-1번지 서울대학교 ,"서울특별시 관악구 관악로 1, 외국인학생기숙사 916동 지하1층 B118호 (신림동)",커피숍
388,궁전다방,영업,서울특별시 관악구 신림동 1570-5번지 ,"서울특별시 관악구 남부순환로 1500, 1층 (신림동)",커피숍
389,카페네온,영업,서울특별시 관악구 신림동 676-42번지 현경빌딩 ,"서울특별시 관악구 난향길 24, 현경빌딩 1층 (신림동)",커피숍
390,앙니드 베이커리카페,영업,서울특별시 관악구 신림동 409-4 ,"서울특별시 관악구 신림로 255, 1층 2호 (신림동)",커피숍
391,쉬즈베이글,영업,서울특별시 관악구 신림동 1433-227번지 ,"서울특별시 관악구 신림로65길 43, 1층 (신림동)",커피숍
392,카페메디치(Cafe Medici),영업,서울특별시 관악구 신림동 1422-5 르네상스복합쇼핑몰 ,"서울특별시 관악구 신림로 340, 르네상스복합쇼핑몰 3층 3091호 (신림동)",커피숍
393,카페마르튀스(cafe Marutus),영업,서울특별시 관악구 신림동 1604-32번지 ,"서울특별시 관악구 신원로1길 6, 1층 (신림동)",커피숍
394,프롬 카페(from. cafe),영업,서울특별시 관악구 신림동 409-13 ,"서울특별시 관악구 서원길 5, 지하1층 (신림동)",커피숍
395,벙커(Bunker),영업,서울특별시 관악구 신림동 530-2번지 ,"서울특별시 관악구 난곡로 327-1, 1층 102호 (신림동)",커피숍
396,마마메이드,영업,서울특별시 관악구 신림동 100-14,"서울특별시 관악구 복은길 46, 1층 (신림동)",커피숍
397,디자이너리 카페,영업,서울특별시 관악구 신림동 1465-12 ,"서울특별시 관악구 관천로 71-1, 4층 (신림동)",커피숍
398,타이거슈가 신림점,영업,서울특별시 관악구 신림동 1640-44번지 ,"서울특별시 관악구 신림로 323, 1층 (신림동)",커피숍
399,빽다방 신림난곡점,영업,서울특별시 관악구 신림동 635-22번지 ,"서울특별시 관악구 난곡로 178, 1층 (신림동)",커피숍
400,메가엠지씨커피 신림신화교점,영업,서울특별시 관악구 신림동 408-74 ,"서울특별시 관악구 신림로 201, 1층 (신림동)",커피숍
401,엄마 커피,영업,서울특별시 관악구 신림동 1695 신림동부아파트 ,"서울특별시 관악구 신원로 26, 1층 135호 (신림동, 신림동부아파트)",커피숍
402,햅투유,영업,서울특별시 관악구 신림동 1634-55 ,"서울특별시 관악구 신림로53길 3, 2층 (신림동)",커피숍
403,메가엠지씨커피 신림별빛거리점,영업,서울특별시 관악구 신림동 1425-13 ,"서울특별시 관악구 신림로 362, 1층 (신림동)",커피숍
404,와이스타브 다이어트 신대방역점,영업,서울특별시 관악구 신림동 538-30 ,"서울특별시 관악구 난곡로65길 17, 1층 101호 (신림동)",커피숍
405,메가엠지씨커피 서울남부초교점,영업,서울특별시 관악구 신림동 465-32 ,"서울특별시 관악구 남부순환로 1541, 1층 (신림동)",커피숍
406,짐박스피트니스 신림본점,영업,서울특별시 관악구 신림동 1747 센터스퀘어 서울대점 ,"서울특별시 관악구 신림로 99, 지하1층 B101호 (신림동, 센터스퀘어 서울대점)",커피숍
407,예담하다,영업,서울특별시 관악구 신림동 639-25 ,"서울특별시 관악구 난곡로24길 17, 1층 103호 (신림동)",커피숍
408,스위시 신림점,영업,서울특별시 관악구 신림동 1533-14 대용빌딩 ,"서울특별시 관악구 호암로22길 31, 대용빌딩 1층 (신림동)",커피숍
409,짐박스피트니스 서울대기숙사점,영업,서울특별시 관악구 신림동 산 56-1 서울대학교 ,"서울특별시 관악구 관악로 1, 서울대학교 919동 1층 146호,147호 (신림동)",커피숍
410,더벤티 서울대점,영업,서울특별시 관악구 신림동 산 56-1 서울대학교 ,"서울특별시 관악구 관악로 1, 서울대학교 200동 2층 2007A호 (신림동)",커피숍
411,도로시쿠케 Dorothycookae,영업,서울특별시 관악구 신림동 1654-26 ,"서울특별시 관악구 조원로2가길 27, 1층 102호 (신림동)",커피숍
412,(주)비지에프휴먼넷 이디야 관악산으뜸점,영업,서울특별시 관악구 신림동 210 ,"서울특별시 관악구 신림로 21, 2층 (신림동)",커피숍
413,컴포즈커피 관악신사교차로점,영업,서울특별시 관악구 신림동 519-8 ,"서울특별시 관악구 조원로 103, 1층 (신림동)",커피숍
414,더벤티 신림역점,영업,서울특별시 관악구 신림동 1640-10 ,"서울특별시 관악구 남부순환로 1612, 1 ~ 3층 (신림동)",커피숍
415,빽다방 신림대학점,영업,서울특별시 관악구 신림동 1522-2 웰탑스터디독서실 ,"서울특별시 관악구 신림로23길 21, 웰탑스터디독서실 1층 (신림동)",커피숍
416,매머드익스프레스 신림역점,영업,서울특별시 관악구 신림동 1421-29 에스케이허브그린 ,"서울특별시 관악구 신림로 344, 에스케이허브그린 제1층 제102,103호 (신림동)",커피숍
417,페이브 베이커리 서울대점,영업,서울특별시 관악구 신림동 103-201 이화,"서울특별시 관악구 서림길 127, 이화 지하1층 (신림동)",커피숍
418,카페일구육이,영업,서울특별시 관악구 신림동 570-8,"서울특별시 관악구 조원중앙로 34, 1층 (신림동)",커피숍
419,메가엠지씨커피서원역점,영업,서울특별시 관악구 신림동 1641-90 대원빌딩 ,"서울특별시 관악구 신림로 272, 대원빌딩 1층 101호 (신림동)",커피숍
420,온 앤 오프(ON AND OFF),영업,서울특별시 관악구 신림동 1576-23 ,"서울특별시 관악구 남부순환로 1536, 1층 (신림동)",커피숍
421,파스쿠찌 신림역점,영업,서울특별시 관악구 신림동 1640-8 ,"서울특별시 관악구 남부순환로 1608, 1층 (신림동)",커피숍
422,카페디딤,영업,서울특별시 관악구 신림동 238-10 ,"서울특별시 관악구 신림로 89, 2층 (신림동)",커피숍
423,메가엠지씨커피난곡신사시장점,영업,서울특별시 관악구 신림동 492-2 ,"서울특별시 관악구 조원로 136, 1층 101호 (신림동)",커피숍
424,슬지로운생활,영업,서울특별시 관악구 신림동 1515-11번지 ,"서울특별시 관악구 호암로26길 25, 1층 (신림동)",커피숍
425,진서의 정원,영업,서울특별시 관악구 신림동 1639-31번지 ,"서울특별시 관악구 남부순환로176길 16, 1~2층 (신림동)",커피숍
426,커피마마,영업,서울특별시 관악구 신림동 1516-3번지 ,서울특별시 관악구 신림로 105 (신림동),커피숍
427,구우다(GOO WOO DAA),영업,서울특별시 관악구 신림동 1654-9 ,"서울특별시 관악구 조원로 12, 1층 (신림동)",커피숍
428,릴띵스(lilthings),영업,서울특별시 관악구 신림동 499-44 형제빌딩 ,"서울특별시 관악구 난곡로78길 27, 1층 103호 (신림동, 형제빌딩)",커피숍
429,모멘트 베이글(Moment bagel),영업,서울특별시 관악구 신림동 1455-3 ,"서울특별시 관악구 봉천로6길 46, 제1층 102호 (신림동)",커피숍
430,Smile 젤라또,영업,서울특별시 관악구 신림동 1629-14 ,"서울특별시 관악구 문성로 218, 1층 (신림동)",커피숍
431,디저트 참 잘하는집 신림점,영업,서울특별시 관악구 신림동 526-5 아트빌,"서울특별시 관악구 남부순환로151길 9, 1층 101호 (신림동, 아트빌)",커피숍
432,썬푸드 딜리버리,영업,서울특별시 관악구 신림동 566-8 ,"서울특별시 관악구 남부순환로 1403, 1층 (신림동)",커피숍
433,디저트39 서울대벤처타운점,영업,서울특별시 관악구 신림동 1536-16 ,"서울특별시 관악구 호암로22길 61, 1층 (신림동)",커피숍
434,데이굿(DAY GOOD),영업,서울특별시 관악구 신림동 1636-61 남영빌딩 ,"서울특별시 관악구 신원로 10, 남영빌딩 2층 (신림동)",커피숍
435,카페뉴욕 신림점,영업,서울특별시 관악구 신림동 122-33 ,"서울특별시 관악구 신림로14길 26, 1층 (신림동)",커피숍
436,메가엠지씨커피 신림충무교점,영업,서울특별시 관악구 신림동 107-115 ,"서울특별시 관악구 신림로 186, 1층 (신림동)",커피숍
437,플러스82 관악남부점,영업,서울특별시 관악구 신림동 255-13 ,"서울특별시 관악구 대학14길 7, 1층 (신림동)",커피숍
438,메가엠지씨커피 신림녹두거리점,영업,서울특별시 관악구 신림동 1538-3 ,"서울특별시 관악구 대학6길 2, 1층 (신림동)",커피숍
439,바나타이거(양산점),영업,서울특별시 관악구 신림동 403-9 ,"서울특별시 관악구 양산길 1, 1층 (신림동)",커피숍
440,메가엠지씨커피 난곡사거리점,영업,서울특별시 관악구 신림동 529-8 세인빌딩 ,"서울특별시 관악구 난곡로 320, 세인빌딩 1층 (신림동)",커피숍
441,릴라릴라(Rillarilla),영업,서울특별시 관악구 신림동 1523-1 일성트루엘 ,"서울특별시 관악구 신림로23길 16, 일성트루엘 2층 2105, 2114호 (신림동)",커피숍
442,카페스토어,영업,서울특별시 관악구 신림동 1532-16 목민당 ,"서울특별시 관악구 호암로22길 11, 목민당 1층 (신림동)",커피숍
443,컴포즈커피 신림신화교점,영업,서울특별시 관악구 신림동 408-40,"서울특별시 관악구 신림로 199, 1층 (신림동)",커피숍
444,베이그릭,영업,서울특별시 관악구 신림동 530-28 ,"서울특별시 관악구 난곡로 327, 1층 (신림동)",커피숍
445,attendo(아텐도),영업,서울특별시 관악구 신림동 1433-99 ,"서울특별시 관악구 남부순환로 1593-5, 1층 (신림동)",커피숍
446,인더숲,영업,서울특별시 관악구 신림동 1651-9 ,"서울특별시 관악구 조원로 32, 1층 (신림동)",커피숍
447,피씨태그 PC방,영업,서울특별시 관악구 신림동 1533-5 ,"서울특별시 관악구 호암로24길 24, 지하1층 (신림동)",커피숍
448,카페느티나무도서관점,영업,서울특별시 관악구 신림동 산 56-1 ,"서울특별시 관악구 관악로 1, 3층 (신림동, 중앙도서관)",커피숍
449,카페한보리,영업,서울특별시 관악구 신림동 487-8번지 ,"서울특별시 관악구 남부순환로 1529-1, 1층 (신림동)",커피숍
450,놀숲 신림역점,영업,서울특별시 관악구 신림동 1638-19번지 ,"서울특별시 관악구 신림로 321, 지하1층 (신림동)",커피숍
451,탐앤탐스 더블유디호텔신림점(Tom N Toms WD호텔신림점),영업,서울특별시 관악구 신림동 1432-79번지 ,"서울특별시 관악구 신림로 349, 2층 (신림동)",커피숍
452,이디야 관악농협하나로마트점,영업,서울특별시 관악구 신림동 1668번지 ,"서울특별시 관악구 남부순환로 1369, 1층 1호 일부호 (신림동)",커피숍
453,밀크커피,영업,서울특별시 관악구 신림동 1421-35번지 ,"서울특별시 관악구 신림로64길 23, 1층 (신림동)",커피숍
454,쥬씨차얌 신대방역점,영업,서울특별시 관악구 신림동 517-2 ,"서울특별시 관악구 신사로 102, 1층 (신림동)",커피숍
455,엔제리너스 대학점,영업,서울특별시 관악구 신림동 1520-1번지 ,"서울특별시 관악구 호암로26길 40, 지하1~2층 (신림동)",커피숍
456,투썸플레이스 신림녹두거리점,영업,서울특별시 관악구 신림동 1515번지 ,"서울특별시 관악구 신림로 127, 1층 103, 104호 (신림동)",커피숍
457,주스탐델리,영업,서울특별시 관악구 신림동 1641-2번지 ,"서울특별시 관악구 신림로 330, 9층 (신림동, 포도몰)",커피숍
458,몽탄이네M&THOUSE엠엔티하우스,영업,서울특별시 관악구 신림동 1442-1번지 ,"서울특별시 관악구 봉천로8길 12, 지하1층 (신림동)",커피숍
459,썬다방,영업,서울특별시 관악구 신림동 107-123번지 ,"서울특별시 관악구 신림로 198, 1층 (신림동)",커피숍
460,빽다방 신림역2호점,영업,서울특별시 관악구 신림동 1641-12번지 ,"서울특별시 관악구 신림로 322, 1층 (신림동)",커피숍
461,쥬씨 난곡점,영업,서울특별시 관악구 신림동 755-3번지 ,"서울특별시 관악구 미성길 4, 1층 (신림동)",커피숍
462,카페하카타도넛,영업,서울특별시 관악구 신림동 1641-2 ,"서울특별시 관악구 신림로 330, 6층 (신림동)",커피숍
463,이디야커피 난곡사거리점,영업,서울특별시 관악구 신림동 1484-6 ,"서울특별시 관악구 남부순환로 1444, 1층 (신림동)",커피숍
464,네이밍카페커피GO!#1,영업,서울특별시 관악구 신림동 538-1번지 ,"서울특별시 관악구 난곡로 317, 1~2층 (신림동)",커피숍
465,이디야커피(신림패션문화점),영업,서울특별시 관악구 신림동 1451-2번지 ,"서울특별시 관악구 봉천로6길 24, 1층 (신림동)",커피숍
466,메가엠지씨커피 신림프라임법학원점,영업,서울특별시 관악구 신림동 131-21 ,"서울특별시 관악구 신림로 90, 1층 (신림동)",커피숍
467,빙츄르 신림점,영업,서울특별시 관악구 신림동 1433-141 ,"서울특별시 관악구 관천로 52, 1층 (신림동)",커피숍
468,cafe 66(카페 66),영업,서울특별시 관악구 신림동 667-5 ,"서울특별시 관악구 난곡로 90, 2-3층 전체호 (신림동)",커피숍
469,커피당,영업,서울특별시 관악구 신림동 237-27번지 ,"서울특별시 관악구 신림로 73, 1층 103호 (신림동)",커피숍
470,스타벅스 신림DT점,영업,서울특별시 관악구 신림동 564-12 ,"서울특별시 관악구 남부순환로 1419, 1, 2층 (신림동)",커피숍
471,탐앤탐스 삼모타워 신림역점,영업,서울특별시 관악구 신림동 1638-1번지 ,"서울특별시 관악구 신원로 35, 1층 (신림동)",커피숍
472,주식회사 카페인중독본점,영업,서울특별시 관악구 신림동 1455-1 ,"서울특별시 관악구 봉천로6길 40, 1층 (신림동)",커피숍
473,카페마실,영업,서울특별시 관악구 신림동 96-52번지 ,"서울특별시 관악구 서림1길 5, 1층 (신림동)",커피숍
474,벨라벨로카페(Bella-Bello cafe),영업,서울특별시 관악구 신림동 1474-8 ,서울특별시 관악구 난곡로63길 30 (신림동),커피숍
475,반지만들기 카페,영업,서울특별시 관악구 신림동 1422-38번지 ,"서울특별시 관악구 남부순환로 1617, 2층 (신림동)",커피숍
476,달다어요,영업,서울특별시 관악구 신림동 1419-23 ,"서울특별시 관악구 신림로68길 38, 1층 (신림동)",커피숍
477,이디야,영업,서울특별시 관악구 신림동 241-22번지 ,"서울특별시 관악구 신림로 91, 1층 10호 (신림동)",커피숍
478,#113,영업,서울특별시 관악구 신림동 1426-7 ,"서울특별시 관악구 봉천로12길 39, 1층 113호 (신림동)",커피숍
479,데니스커피 남강점,영업,서울특별시 관악구 신림동 706-47번지 ,"서울특별시 관악구 난곡로 195, 101,201호 (신림동)",커피숍
480,이설하 베이커리 카페,영업,서울특별시 관악구 신림동 1643 ,"서울특별시 관악구 시흥대로 578, 1층 (신림동)",커피숍
481,포라인스(4Lines),영업,서울특별시 관악구 신림동 1639-6 선인타운 ,"서울특별시 관악구 관천로 44, 선인타운 지하1층 B102(B)호 (신림동)",커피숍
482,배스킨라빈스 신림역사거리점,영업,서울특별시 관악구 신림동 1433-49 ,"서울특별시 관악구 남부순환로 1601, 1층 (신림동)",커피숍
483,Cha스텔라(차스텔라),영업,서울특별시 관악구 신림동 1555-2 ,"서울특별시 관악구 호암로22길 28, 지하1층 (신림동)",커피숍
484,55커피,영업,서울특별시 관악구 신림동 1596-6 ,"서울특별시 관악구 신원로3길 30, 지1층 (신림동)",커피숍
485,블루빈(BLUE BEAN),영업,서울특별시 관악구 신림동 1618-2 ,"서울특별시 관악구 남부순환로168가길 48, 1층 좌측호 (신림동)",커피숍
486,카페라움(CAFE RAUM),영업,서울특별시 관악구 신림동 587-29 ,"서울특별시 관악구 난곡로42길 3, 1층 (신림동)",커피숍
487,펄프커피(pulp coffee),영업,서울특별시 관악구 신림동 1435-24번지 ,"서울특별시 관악구 신림동7길 41, 1층 101호 (신림동)",커피숍
488,cup&coffee 컵앤커피,영업,서울특별시 관악구 신림동 251-254 ,"서울특별시 관악구 신림로11길 139, 지하1층 (신림동)",커피숍
489,미남커피,영업,서울특별시 관악구 신림동 561-4번지 ,"서울특별시 관악구 조원로 56, 1층 (신림동)",커피숍
490,굿띵커피,영업,서울특별시 관악구 신림동 1658-11 ,"서울특별시 관악구 조원로4길 37, 1층 (신림동)",커피숍
491,죠아찌쥬스,영업,서울특별시 관악구 신림동 1596-1번지 ,"서울특별시 관악구 신원로5길 33, 1층 (신림동)",커피숍
492,공차 타임스트림점,영업,서울특별시 관악구 신림동 1641-2 ,"서울특별시 관악구 신림로 330, 지하1층 (신림동)",커피숍
493,더랩 서울대사범대점,영업,서울특별시 관악구 신림동 산 56-1번지 ,"서울특별시 관악구 관악로 1, 1층 (신림동, 기초사범교육협력센터)",커피숍
494,밀크팅,영업,서울특별시 관악구 신림동 1519-18번지 ,"서울특별시 관악구 호암로24길 57, 1층 (신림동)",커피숍
495,G-CAFE,영업,서울특별시 관악구 신림동 1571-2번지 ,"서울특별시 관악구 남부순환로 1514, 1,2층 (신림동)",커피숍
496,메가엠지씨커피 대학점,영업,서울특별시 관악구 신림동 1525-1번지 ,"서울특별시 관악구 호암로26가길 2, 1층 (신림동)",커피숍
497,스무디킹 신림포도몰점,영업,서울특별시 관악구 신림동 1641-2번지 ,"서울특별시 관악구 신림로 330, 9층 (신림동, 포도몰)",커피숍
498,비어드파파 포도몰점,영업,서울특별시 관악구 신림동 1641-2번지 ,"서울특별시 관악구 신림로 330, 9층 (신림동, 포도몰)",커피숍
499,카페오아시아,영업,서울특별시 관악구 신림동 209-1번지 ,"서울특별시 관악구 신림로3길 35, 2층 (신림동, 관악문화관도서관)",커피숍
500,커피브라운,영업,서울특별시 관악구 신림동 1484-5번지 지상1층 ,"서울특별시 관악구 남부순환로142길 7, 지상1층 (신림동)",커피숍
501,엣홈,영업,서울특별시 관악구 신림동 1517-7번지 율곡타운 지하1층 ,"서울특별시 관악구 신림로15길 9, 지하1층 (신림동, 율곡타운)",커피숍
502,카페 109 by snucos,영업,서울특별시 관악구 신림동 산 56-1 서울대학교 109동 ,"서울특별시 관악구 관악로 1, 109동 (신림동, 서울대학교)",커피숍
503,지니앤독,영업,서울특별시 관악구 신림동 10-629번지 ,"서울특별시 관악구 남부순환로 1674, 2층 (신림동)",커피숍
504,새들깃든겨자나무,영업,서울특별시 관악구 신림동 1565-9번지 ,"서울특별시 관악구 문성로 111, 나동 203호 (신림동)",커피숍
505,냥빵,영업,서울특별시 관악구 신림동 539-1 ,"서울특별시 관악구 조원로16가길 26 (신림동, 지상1층)",커피숍
506,이디야 신림미성점,영업,서울특별시 관악구 신림동 587-122번지 ,"서울특별시 관악구 난곡로 250, 1층 (신림동)",커피숍
507,이디야 신림미성점,영업,서울특별시 관악구 신림동 587-122번지 ,"서울특별시 관악구 난곡로 250, 2층 (신림동)",커피숍
508,할리스커피 신림고시촌점,영업,서울특별시 관악구 신림동 1513-2번지 ,"서울특별시 관악구 호암로 605, 지하1~2층 (신림동)",커피숍
509,파스쿠찌 센트로서울대점,영업,서울특별시 관악구 신림동 산 56-1 서울대학교 사범대학 간이식당 111동,"서울특별시 관악구 관악로 1, 111동 (신림동,서울대학교 사범대학 간이식당)",커피숍
510,아마스빈버블티,영업,서울특별시 관악구 신림동 1532-20번지 ,"서울특별시 관악구 호암로22길 21 (신림동, 지상1층)",커피숍
511,스타벅스 신림타임스트림점,영업,서울특별시 관악구 신림동 1641-2 ,"서울특별시 관악구 신림로 330, 1층 (신림동)",커피숍
512,쥬씨(서울대녹두거리점),영업,서울특별시 관악구 신림동 1523-1 일성트루엘 ,"서울특별시 관악구 신림로23길 16, 일성트루엘 1층 1001호 (신림동)",커피숍
513,투썸플레이스 신림로점,영업,서울특별시 관악구 신림동 1641-107번지 ,"서울특별시 관악구 신림로 328, 1~3층 (신림동)",커피숍
514,카페느티나무 음대점,영업,서울특별시 관악구 신림동 산 56-1 ,서울특별시 관악구 관악로 1 (신림동),커피숍
515,구동커피,영업,서울특별시 관악구 신림동 1536-11 ,"서울특별시 관악구 신림로17길 42, 1층 (신림동)",커피숍
516,벧엘카페,영업,서울특별시 관악구 신림동 607-73번지 ,서울특별시 관악구 난곡로 220 (신림동),커피숍
517,투썸플레이스신림역점,영업,서울특별시 관악구 신림동 1424-28번지 ,서울특별시 관악구 신림로 350 (신림동),커피숍
518,행복나무,영업,서울특별시 관악구 신림동 1513번지 ,"서울특별시 관악구 신림로 143, 1층 (신림동)",커피숍
519,컴포즈커피 신림대학점,영업,서울특별시 관악구 신림동 1534번지 ,"서울특별시 관악구 호암로24길 32, 1층 (신림동)",커피숍
520,카페느티나무 동원관점,영업,서울특별시 관악구 신림동 산 56-1 서울대학교 ,"서울특별시 관악구 관악로 1, 서울대학교 동원생활관 1층 (신림동)",커피숍
521,망원동티라미수 신림점,영업,서울특별시 관악구 신림동 1641-9 ,"서울특별시 관악구 신림로 324, 1층 (신림동)",커피숍
522,UNSIDE COFFEE ROASTERS(언사이드 커피 로스터스),영업,서울특별시 관악구 신림동 520-1 ,"서울특별시 관악구 난곡로75길 11, 1층 (신림동)",커피숍
523,스타SGT커피 신림점,영업,서울특별시 관악구 신림동 1463-46 성심하우스 ,"서울특별시 관악구 신림동7길 36, 성심하우스 1층 (신림동)",커피숍
524,만랩커피 신림별빛거리점,영업,서울특별시 관악구 신림동 1436-23 금탑오피스텔 ,"서울특별시 관악구 신림동7길 29, 금탑오피스텔 1층 (신림동)",커피숍
525,카페 오름,영업,서울특별시 관악구 신림동 1735-10 성민교회 ,"서울특별시 관악구 난곡로 38, 성민교회 1층 (신림동)",커피숍
526,땡스어라떼,영업,서울특별시 관악구 신림동 481-8 ,"서울특별시 관악구 조원로 158, 2층 (신림동)",커피숍
527,쉐어어스 신림,영업,서울특별시 관악구 신림동 1515-1 ,"서울특별시 관악구 신림로 125, 1층 (신림동)",커피숍
528,메가엠지씨커피 신림역사거리점,영업,서울특별시 관악구 신림동 1422-38 재상빌딩 ,"서울특별시 관악구 남부순환로 1617, 재상빌딩 1층 (신림동)",커피숍
529,녹다컴퍼니,영업,서울특별시 관악구 신림동 251-173 ,"서울특별시 관악구 대학길 91, 1층 (신림동)",커피숍
530,컵오브커피 대학동점,영업,서울특별시 관악구 신림동 1520번지 ,"서울특별시 관악구 호암로26길 36, 1층 (신림동)",커피숍
531,런드렛 아쿠아워시신림,영업,서울특별시 관악구 신림동 1631-3번지 ,"서울특별시 관악구 문성로 228, 1층 (신림동)",커피숍
532,스타벅스 신림점,영업,서울특별시 관악구 신림동 1432-71 ,"서울특별시 관악구 신림로 355-1, 1~3층 (신림동)",커피숍
533,카페여기,영업,서울특별시 관악구 신림동 1533-14 대용빌딩 ,"서울특별시 관악구 호암로22길 31, 대용빌딩 1층 (신림동)",커피숍
534,카페천국 신림점,영업,서울특별시 관악구 신림동 103-267 ,"서울특별시 관악구 서림3길 9, 1층 101호 (신림동)",커피숍
535,폴커피,영업,서울특별시 관악구 신림동 543-1 ,"서울특별시 관악구 조원중앙로2길 132, 1층 (신림동)",커피숍
536,국민우유집 신림점,영업,서울특별시 관악구 신림동 1639-23 ,"서울특별시 관악구 남부순환로 1596, 나동 1층 (신림동)",커피숍
537,아토커피 신림점,영업,서울특별시 관악구 신림동 463-74 ,"서울특별시 관악구 관천로 79, 1층 (신림동)",커피숍
538,김빙수,영업,서울특별시 관악구 신림동 96-108 ,"서울특별시 관악구 서림길 23, 1층 (신림동)",커피숍
539,바나다커피 신림신원점,영업,서울특별시 관악구 신림동 1628-87 ,"서울특별시 관악구 신원로 1, 1층 (신림동)",커피숍
540,세상의 모든 닭,영업,서울특별시 관악구 신림동 100-14 ,"서울특별시 관악구 복은길 46, 1층 (신림동)",커피숍
541,마이요거트립(My Yogurtrip),영업,서울특별시 관악구 신림동 1449-4 ,"서울특별시 관악구 관천로22길 27, 1층 101호 (신림동)",커피숍
542,관악 갤러리카페gallerycafe,영업,서울특별시 관악구 신림동 395-13 ,"서울특별시 관악구 신림로 151-1, 지1층 (신림동)",커피숍
543,메가엠지씨커피 서울대잔디광장점,영업,서울특별시 관악구 신림동 산 56-1 서울대학교 ,"서울특별시 관악구 관악로 1, 서울대학교 60-1동 B1층 (신림동)",커피숍
544,1847커피&샐러드,영업,서울특별시 관악구 신림동 산 56-1 서울대학교 반도체공동연구소 설계연구관 ,"서울특별시 관악구 관악로 1, 서울대학교 104-1동 1층 (신림동)",커피숍
545,더벤티구로힐스테이트점,영업,서울특별시 관악구 신림동 1653 ,"서울특별시 관악구 조원로 20, 1층 (신림동)",커피숍
546,백억커피 구로점,영업,서울특별시 관악구 신림동 1666-1 컴펙트룸 ,"서울특별시 관악구 시흥대로160길 12, 컴펙트룸 1층 (신림동)",커피숍
547,KITSCH컴퍼니,영업,서울특별시 관악구 신림동 570-18 ,"서울특별시 관악구 조원로12길 52, 1층 101호 (신림동)",커피숍
548,Mono Hertz(모노헤르쯔),영업,서울특별시 관악구 신림동 86-35 ,"서울특별시 관악구 신림로58길 14, 2층 (신림동)",커피숍
549,랩커피(RAB COFFEE),영업,서울특별시 관악구 신림동 1432-54 프리미어 ,"서울특별시 관악구 신림로67길 15, 프리미어 1층 101호 (신림동)",커피숍
550,POPO archive(포포 아카이브),영업,서울특별시 관악구 신림동 94-122 자성원 ,"서울특별시 관악구 신림로36길 10, 자성원 제1층 (신림동)",커피숍
551,Coffee Planet(커피 플래닛),영업,서울특별시 관악구 신림동 1570-9 ,"서울특별시 관악구 남부순환로 1508, 1층 (신림동)",커피숍
552,해바라기 커피,영업,서울특별시 관악구 신림동 509-35 ,"서울특별시 관악구 남부순환로153길 30, 1층 102호 (신림동)",커피숍
553,컴포즈커피 신림난곡점,영업,서울특별시 관악구 신림동 608-38,"서울특별시 관악구 난우길 14, 1층 (신림동)",커피숍
554,벌툰 신림점,영업,서울특별시 관악구 신림동 1421-29 에스케이허브그린 ,"서울특별시 관악구 신림로 344, 에스케이허브그린 2층 201,202호 (신림동)",커피숍
555,방앗간,영업,서울특별시 관악구 신림동 1465-16 ,"서울특별시 관악구 관천로 69-1, 2층 (신림동)",커피숍
556,오스커피하우스,영업,서울특별시 관악구 신림동 1523-1 일성트루엘 ,"서울특별시 관악구 신림로23길 16, 일성트루엘 1층 1025호 (신림동)",커피숍
557,메가엠지씨커피 신림난곡점,영업,서울특별시 관악구 신림동 613-10 ,"서울특별시 관악구 난우길 8, 1층 (신림동)",커피숍
558,CAFE216,영업,서울특별시 관악구 신림동 676-5 ,"서울특별시 관악구 난향2길 8, 1층 (신림동)",커피숍
559,애견용품할인매장,영업,서울특별시 관악구 신림동 608-30 ,"서울특별시 관악구 난우길 20, 지하1층 (신림동)",커피숍
560,low position(로우 포지션),영업,서울특별시 관악구 신림동 537-20 ,"서울특별시 관악구 조원로16가길 51, 1층 (신림동)",커피숍
561,별의별카페,영업,서울특별시 관악구 신림동 1590-2 리치하우스 ,"서울특별시 관악구 신원로3길 47, 리치하우스 1층 (신림동)",커피숍
562,"?커피,MOCC",영업,서울특별시 관악구 신림동 727-15 ,"서울특별시 관악구 미성길 7, 1층 (신림동)",커피숍
563,메가엠지씨커피 신림역점,영업,서울특별시 관악구 신림동 1638-19 ,"서울특별시 관악구 신림로 321, 1층 102호 (신림동)",커피숍
564,메가엠지씨커피 난곡우체국점,영업,서울특별시 관악구 신림동 1565-13 ,"서울특별시 관악구 난곡로 268, 1층 (신림동)",커피숍
565,디바인커피 신림,영업,서울특별시 관악구 신림동 1425-25 ,"서울특별시 관악구 신림로 372, 2층 (신림동)",커피숍
566,토브함께가는카페,영업,서울특별시 관악구 신림동 1678-14 ,"서울특별시 관악구 난곡로34길 21, 1층 (신림동)",커피숍
567,시티스트릿츠,영업,서울특별시 관악구 신림동 497-22 대흥빌딩 ,"서울특별시 관악구 신사로 128-1, 대흥빌딩 1층 (신림동)",커피숍
568,카페일기,영업,서울특별시 관악구 신림동 1544 태양빌딩 ,"서울특별시 관악구 호암로22길 60, 태양빌딩 1층 (신림동)",커피숍
569,더 런드렛,영업,서울특별시 관악구 신림동 686-1 ,"서울특별시 관악구 난곡로 113, 2층 (신림동)",커피숍
570,나티(NAUGHTY),영업,서울특별시 관악구 신림동 1443-33 청우빌딩 ,"서울특별시 관악구 봉천로 226, 청우빌딩 1층 (신림동)",커피숍
571,메가엠지씨커피 신림신원점,영업,서울특별시 관악구 신림동 1604-41 ,"서울특별시 관악구 신원로 13-1, 1층 (신림동)",커피숍
572,카페오트르,영업,서울특별시 관악구 신림동 1680-13번지 ,"서울특별시 관악구 난곡로 259, 2층 (신림동)",커피숍
573,카페 리버스(Cafe Reverse),영업,서울특별시 관악구 신림동 1426-12 ,"서울특별시 관악구 신림로70길 14, 1층 (신림동)",커피숍
574,별별카롱,영업,서울특별시 관악구 신림동 1476-11 ,"서울특별시 관악구 난곡로51길 8, 1층 2호 (신림동)",커피숍
575,보드게임카페 제니랜드,영업,서울특별시 관악구 신림동 1439-13 ,"서울특별시 관악구 신림동길 20, 지하1층 (신림동)",커피숍
576,Lee 집 coffee,영업,서울특별시 관악구 신림동 1450-43 ,"서울특별시 관악구 봉천로4길 15, 1층 2호 (신림동)",커피숍
577,오늘의 당도,영업,서울특별시 관악구 신림동 751-2 ,"서울특별시 관악구 문성로16가길 40, 1층 (신림동)",커피숍
578,빽다방 난곡세이브점,영업,서울특별시 관악구 신림동 726-7 ,"서울특별시 관악구 난곡로 217, 1층 (신림동)",커피숍
579,카페 아이엔지 서울대자연과학대학점,영업,서울특별시 관악구 신림동 산 56-1 서울대학교 ,"서울특별시 관악구 관악로 1, 서울대학교 28동 2층 (신림동)",커피숍
580,카페W,영업,서울특별시 관악구 신림동 88-5번지 왕성교회 ,"서울특별시 관악구 신림로 308, 왕성교회 3층 (신림동)",커피숍
581,가름커피(GALM COFFEE),영업,서울특별시 관악구 신림동 1523-1번지 일성트루엘 ,"서울특별시 관악구 신림로23길 16, 일성트루엘 2층 2110호 (신림동)",커피숍
582,카페게이트 관악신사로점,영업,서울특별시 관악구 신림동 475-46 명성빌딩 ,"서울특별시 관악구 신사로20길 9, 명성빌딩 1층 (신림동)",커피숍
583,(주)하우 신림역점,영업,서울특별시 관악구 신림동 1467-10 ,"서울특별시 관악구 남부순환로 지하 1614, 신림역사 내 지하1층 230-104호 (신림동)",커피숍
584,모리냥과자점,영업,서울특별시 관악구 신림동 547-14 ,"서울특별시 관악구 남부순환로143가길 4, 1층 102호 (신림동)",커피숍
585,더치프레소,영업,서울특별시 관악구 신림동 산 56-1 서울대학교 ,"서울특별시 관악구 관악로 1, 서울대학교 32-1동 1층 (신림동)",커피숍
586,카페in하루,영업,서울특별시 관악구 신림동 1432-94 ,"서울특별시 관악구 신림로65길 14, 1층 (신림동)",커피숍
587,더리터 신림중앙점,영업,서울특별시 관악구 신림동 1544-1 ,"서울특별시 관악구 신림로17길 54, 1층 (신림동)",커피숍
588,OJE COFFEE(오제커피),영업,서울특별시 관악구 신림동 1546 ,"서울특별시 관악구 신림로21길 39, 1층 (신림동)",커피숍
589,HEY(헤이),영업,서울특별시 관악구 신림동 409-194 ,"서울특별시 관악구 신림로 243-1, 지하1층 (신림동)",커피숍
590,카페 188,영업,서울특별시 관악구 신림동 10-11 차일드빌딩 ,"서울특별시 관악구 남부순환로188길 9, 차일드빌딩 1층 (신림동)",커피숍
591,카페봉봉,영업,서울특별시 관악구 신림동 1460-3번지 그랜드힐 ,"서울특별시 관악구 관천로12길 27, 1층 101호 (신림동, 그랜드힐)",커피숍
592,카페모닝듀,영업,서울특별시 관악구 신림동 1635-83번지 ,"서울특별시 관악구 문성로 221, 2층 (신림동)",커피숍
593,인라이프커피(IN LIFE COFFEE),영업,서울특별시 관악구 신림동 503-9 ,"서울특별시 관악구 관천로15길 131, 1층 103호 (신림동)",커피숍
594,메가엠지씨커피 신림역도림천점,영업,서울특별시 관악구 신림동 1433-60 ,"서울특별시 관악구 남부순환로 1599, 1층 (신림동)",커피숍
595,포레스트 하우스,영업,서울특별시 관악구 신림동 322-1 ,"서울특별시 관악구 원신길 208-1, 1층 (신림동)",커피숍
596,할리스커피 난곡사거리점,영업,서울특별시 관악구 신림동 526-13번지 ,"서울특별시 관악구 남부순환로 1489, 1~3층 (신림동)",커피숍
597,킷사텐 신림점,영업,서울특별시 관악구 신림동 464-14 ,"서울특별시 관악구 남부순환로165길 12, 1층 (신림동)",커피숍
598,이디야,영업,서울특별시 관악구 신림동 92-32 서원동성당 ,"서울특별시 관악구 신림로46길 1, 서원동성당 지하1층 (신림동)",커피숍
599,GS25 신림동산점,영업,서울특별시 관악구 신림동 1632-1 ,"서울특별시 관악구 문성로32길 13, 1층 (신림동)",커피숍
600,커피니쉬(COFFEE NISHE),영업,서울특별시 관악구 신림동 518-18 ,"서울특별시 관악구 신사로 86, 1층 101호 (신림동)",커피숍
601,윤슬미,영업,서울특별시 관악구 신림동 1528-2 ,"서울특별시 관악구 호암로 585, 1층 (신림동)",커피숍
602,읍천리382 신림점,영업,서울특별시 관악구 신림동 1451-3 ,"서울특별시 관악구 관천로20길 49, 1층 (신림동)",커피숍
603,에그앙,영업,서울특별시 관악구 신림동 10-331 ,"서울특별시 관악구 신림로58길 64, 1층 103호 (신림동)",커피숍
604,쉼 카페,영업,서울특별시 관악구 신림동 588-1 ,"서울특별시 관악구 난우길 39, 1층 (신림동)",커피숍
605,굽다방,영업,서울특별시 관악구 신림동 545-16 ,"서울특별시 관악구 남부순환로143가길 15, 1층 1호 (신림동)",커피숍
606,비칠사일일이,영업,서울특별시 관악구 신림동 1429-40 ,"서울특별시 관악구 신림로71길 6, 1층 (신림동)",커피숍
607,메가엠지씨커피 신대방역점,영업,서울특별시 관악구 신림동 518-1 경신빌딩 ,"서울특별시 관악구 난곡로 367, 경신빌딩 1층 (신림동)",커피숍
608,카페토리,영업,서울특별시 관악구 신림동 99-3 ,"서울특별시 관악구 복은길 53, 1층 103호 (신림동)",커피숍
609,백억커피,영업,서울특별시 관악구 신림동 607-124 ,"서울특별시 관악구 난곡로 232-1, 1층 (신림동)",커피숍
610,엔제리너스 구로디지털역점,영업,서울특별시 관악구 신림동 1643-6 ,"서울특별시 관악구 시흥대로 572, 1층 (신림동)",커피숍
611,평생사랑할 개,영업,서울특별시 관악구 신림동 1428-6 ,"서울특별시 관악구 봉천로 250, 2층 (신림동)",커피숍
612,메모,영업,서울특별시 관악구 신림동 727-31 ,"서울특별시 관악구 미성3길 17, 1층 (신림동)",커피숍
613,메가엠지씨커피 신림양지병원점,영업,서울특별시 관악구 신림동 1410-14 ,"서울특별시 관악구 남부순환로 1649, 1층 102호 (신림동)",커피숍
614,빽다방 서원역점,영업,서울특별시 관악구 신림동 92-359 ,"서울특별시 관악구 신림로 264, 1층 (신림동)",커피숍
615,예피커피(yeppicoffee),영업,서울특별시 관악구 신림동 535-2,"서울특별시 관악구 조원로17길 14, 1층 101호 (신림동)",커피숍
616,노와드코코 베이커리,영업,서울특별시 관악구 신림동 492-19 ,"서울특별시 관악구 남부순환로161가길 8, 102호 (신림동)",커피숍
617,콤마커피(comma coffee),영업,서울특별시 관악구 신림동 1635-44 ,"서울특별시 관악구 신원로4길 22, 1층 (신림동)",커피숍
618,나인티스,영업,서울특별시 관악구 신림동 507-19 청다아트빌 ,"서울특별시 관악구 남부순환로157길 7, 1층 102호 (신림동, 청다아트빌)",커피숍
619,소원달,영업,서울특별시 관악구 신림동 118-3 ,"서울특별시 관악구 신림로 108, 1층 107호 (신림동)",커피숍
620,십원당,영업,서울특별시 관악구 신림동 1526-2 ,"서울특별시 관악구 호암로 599, 1층 (신림동)",커피숍
621,과일 청년,영업,서울특별시 관악구 신림동 1435-1 ,"서울특별시 관악구 신림동5길 34, 1층 101호 (신림동)",커피숍
622,스타벅스 신림녹두거리점,영업,서울특별시 관악구 신림동 1747 센터스퀘어 서울대점,"서울특별시 관악구 신림로 99, 1층 101,102,103,104호 (신림동, 센터스퀘어 서울대점)",커피숍
623,카페게이트 신림별빛거리점,영업,서울특별시 관악구 신림동 1439-23 BIG TREE,"서울특별시 관악구 봉천로6길 51, 1층 101호 (신림동, BIG TREE)",커피숍
624,컴포즈커피 서울대신양학술정보관3점,영업,서울특별시 관악구 신림동 산 56-1,"서울특별시 관악구 관악로 1, 16-1동 2층 (신림동, 신양학술정보관3)",커피숍
625,카페 아래로 ARERO,영업,서울특별시 관악구 신림동 663,"서울특별시 관악구 난곡로10길 10, 2동 1,2,3층 (신림동)",커피숍
626,한강라면 스타벅스 캡슐 카페(신림점),영업,서울특별시 관악구 신림동 1604-37 성신빌딩,"서울특별시 관악구 신원로 13, 성신빌딩 1층 (신림동)",커피숍
627,매머드커피 익스프레스 구로kt점,영업,서울특별시 관악구 신림동 1668-29 체나콜 빌,"서울특별시 관악구 조원중앙로1길 19, 1층 101호 (신림동, 체나콜 빌)",커피숍
628,메가엠지씨커피 구로힐스테이트 뉴포레점,영업,서울특별시 관악구 신림동 1746,"서울특별시 관악구 조원로 25, 상가동 1층 107호 (신림동)",커피숍
629,카페아이엔지 서울대첨단융합학부점,영업,서울특별시 관악구 신림동 산 56-1 서울대학교,"서울특별시 관악구 관악로 1, 서울대학교 관악19동 116호 (신림동)",커피숍
630,mug 공대,영업,서울특별시 관악구 신림동 산 56-1,"서울특별시 관악구 관악로 1, 44-1동 1층 (신림동, 신양학술정보관)",커피숍
631,신림마당,영업,서울특별시 관악구 신림동 251-19,"서울특별시 관악구 신림로11길 40, 지하1,1층 (신림동)",커피숍
632,포희 커피(POHEE COFFEE),영업,서울특별시 관악구 신림동 525-5,"서울특별시 관악구 남부순환로151길 25, 1층 (신림동)",커피숍
633,나의 이야기 책 만드는 꽃이 있는 카페,영업,서울특별시 관악구 신림동 1450-43,"서울특별시 관악구 봉천로4길 15, 지하1층 (신림동)",커피숍
634,그릭하다,영업,서울특별시 관악구 신림동 1745 최강타워,"서울특별시 관악구 남부순환로180길 6, 지하1층 B101호 (신림동, 최강타워)",커피숍
635,귑식실,영업,서울특별시 관악구 신림동 629-31,"서울특별시 관악구 난곡로34길 70, 1층 102호 (신림동)",커피숍
636,할리스 신림점,영업,"서울특별시 관악구 신림동 1432-72 지하1층, 지상1,2층","서울특별시 관악구 신림로 353-1, 지하1, 지상1,2층 (신림동)",커피숍
637,투썸플레이스 신림서원역점,영업,서울특별시 관악구 신림동 409-100 동서리치,"서울특별시 관악구 신림로 247, 동서리치 B01호 (신림동)",커피숍
638,카페룽고,영업,서울특별시 관악구 신림동 305,"서울특별시 관악구 호암로 534, 1층 (신림동)",커피숍
639,cafe ACC,영업,서울특별시 관악구 신림동 1556-40 위룸원,"서울특별시 관악구 호암로20길 17, 위룸원 (신림동)",커피숍
640,더벤티 신림점,영업,서울특별시 관악구 신림동 1424-11,"서울특별시 관악구 신림로 356, 1층 1호 (신림동)",커피숍
641,히포커피 신림점,영업,서울특별시 관악구 신림동 127-72,"서울특별시 관악구 신림로12길 25, 지1층 (신림동)",커피숍
642,바나프레소 신림역점,영업,서울특별시 관악구 신림동 1433-44,"서울특별시 관악구 남부순환로 1605, 1층 (신림동)",커피숍
643,스트릿캔 신림점,영업,서울특별시 관악구 신림동 1411-10,"서울특별시 관악구 남부순환로190길 6, 1층 우측 (신림동)",커피숍
644,매머드 익스프레스 신림대학점,영업,서울특별시 관악구 신림동 1514-9,"서울특별시 관악구 호암로26길 1, 1층 (신림동)",커피숍
