Unnamed: 0,사업장명,상세영업상태명,지번주소,도로명주소,업태구분명,place_id,naver_category,collect_status
2,어반커피,영업,서울특별시 관악구 신림동 1638-26,서울특별시 관악구 신림로59길 11 (신림동),기타,12066484,카페,성공
5,쉼표브레드,영업,서울특별시 관악구 신림동 125-13 삼양,"서울특별시 관악구 서림길 82, 삼양 1층 103,104호 (신림동)",기타,2036918789,베이커리,성공
7,시그니처커피2호점,영업,서울특별시 관악구 신림동 1478-37 흥원아파트,"서울특별시 관악구 남부순환로144길 71, 1층 2호 (신림동, 흥원아파트)",기타,1950539217,"카페,디저트",성공
10,소재지,영업,서울특별시 관악구 신림동 498-44,"서울특별시 관악구 신사로 118, 2층 (신림동)",기타,2060372277,"카페,디저트",성공
13,홍카페 HONG CAFE,영업,서울특별시 관악구 신림동 499-54,"서울특별시 관악구 신사로10길 9, 1층 (신림동)",기타,1751269663,"카페,디저트",성공
16,투달러커피 난곡사거리점,영업,서울특별시 관악구 신림동 1569-2,"서울특별시 관악구 난곡로 308, 1층 102호 (신림동)",기타,1062090384,"카페,디저트",성공
29,딜 카페,영업,서울특별시 관악구 신림동 241-76,"서울특별시 관악구 대학5길 21, 2층 (신림동)",기타,1581791213,"카페,디저트",성공
35,301h(301에이치),영업,서울특별시 관악구 신림동 550-13,"서울특별시 관악구 신사로 66-1, 3층 (신림동)",기타,1843677294,"카페,디저트",성공
37,감성커피(신림우림시장점),영업,서울특별시 관악구 신림동 704-2,"서울특별시 관악구 난곡로 175, 1층 (신림동)",기타,2050250795,"카페,디저트",성공
43,독특하개,영업,서울특별시 관악구 신림동 1438-13,"서울특별시 관악구 신림동길 23-1, 2층 왼쪽호 (신림동)",기타,62717305,애견카페,성공
45,또리커피 관악점,영업,서울특별시 관악구 신림동 1669-9,"서울특별시 관악구 남부순환로 1385, 1층 (신림동)",기타,1683930081,"카페,디저트",성공
49,맨날커피,영업,서울특별시 관악구 신림동 409-3,"서울특별시 관악구 서원1길 29, 지1층 B02호 (신림동)",기타,1533266829,"카페,디저트",성공
54,세이프룻 신림직영점,영업,서울특별시 관악구 신림동 1464-2 1층,"서울특별시 관악구 관천로11길 5, 1층 (신림동)",기타,2051881320,"카페,디저트",성공
55,데이즈 라이크 디스,영업,서울특별시 관악구 신림동 1663-26 헤렌빌리지,"서울특별시 관악구 시흥대로160길 19, 102층 101호 (신림동, 헤렌빌리지)",기타,1367259067,"카페,디저트",성공
56,백억커피(서원역점),영업,서울특별시 관악구 신림동 94-139,"서울특별시 관악구 쑥고개로 3, 1층 (신림동)",기타,1301136974,"카페,디저트",성공
58,노티드 신림점,영업,서울특별시 관악구 신림동 1425-15 우장빌딩,"서울특별시 관악구 신림로 364, 우장빌딩 1층 (신림동)",기타,1696736125,카페,성공
60,코아르(coar),영업,서울특별시 관악구 신림동 1464-1,"서울특별시 관악구 관천로11길 1, 1층 (신림동)",기타,1523221416,"카페,디저트",성공
61,로드트립(Road Trip),영업,서울특별시 관악구 신림동 1460-32,"서울특별시 관악구 관천로12길 7, 지하1층 및 지상1층 (신림동)",기타,1833193914,"카페,디저트",성공
62,서울버터샌드,영업,서울특별시 관악구 신림동 1652-20,"서울특별시 관악구 조원로10길 28, 1층 (신림동)",기타,1571139111,"카페,디저트",성공
67,커피퍼센트&대단한 요거트 신림점,영업,서울특별시 관악구 신림동 563-26,"서울특별시 관악구 조원중앙로2길 83, 1층 (신림동)",기타,1531165536,"카페,디저트",성공
78,이프유캔 신림점,영업,서울특별시 관악구 신림동 1429-55,"서울특별시 관악구 봉천로8길 25, 1층 (신림동)",기타,2015701982,"카페,디저트",성공
80,블렌더스(BLENDERS),영업,서울특별시 관악구 신림동 1577-14,"서울특별시 관악구 남부순환로172길 48, 지1층 (신림동)",기타,1716021151,"카페,디저트",성공
95,홀씨,영업,서울특별시 관악구 신림동 466-21,"서울특별시 관악구 남부순환로163길 10, 1층 (신림동)",기타,1937989152,"카페,디저트",성공
97,썰카페,영업,서울특별시 관악구 신림동 299-17,"서울특별시 관악구 광신길 237, 지하1층 (신림동)",기타,1532295602,"카페,디저트",성공
104,컴포즈커피 신림중앙점,영업,서울특별시 관악구 신림동 1431-16,"서울특별시 관악구 신림로 359, 1층 (신림동)",기타,1084660490,카페,성공
105,세상의 모든 디저트,영업,서울특별시 관악구 신림동 1657-5,"서울특별시 관악구 조원로4길 30, 1층 (신림동)",기타,1309705877,"카페,디저트",성공
107,워킹카우,영업,서울특별시 관악구 신림동 1476-20,"서울특별시 관악구 난곡로63가길 43, 1층 (신림동)",기타,2095673682,"카페,디저트",성공
114,음매점 신림점,영업,서울특별시 관악구 신림동 10-33 블리스빌,"서울특별시 관악구 남부순환로190길 13, 블리스빌 1층 (신림동)",기타,1613052572,"카페,디저트",성공
116,킹덤보드게임카페 신림점,영업,서울특별시 관악구 신림동 1640-38 양지순대촌,"서울특별시 관악구 신림로59길 12, 양지순대촌 6층 (신림동)",기타,1948149609,보드카페,성공
119,윈썸,영업,서울특별시 관악구 신림동 10-631,"서울특별시 관악구 남부순환로 1678, 1층 (신림동)",기타,1379626153,카페,성공
120,블러 커피,영업,서울특별시 관악구 신림동 1432-136,"서울특별시 관악구 신림동5길 31, 1층 (신림동)",기타,1682749033,"카페,디저트",성공
125,Babip(바빕),영업,서울특별시 관악구 신림동 560-1,"서울특별시 관악구 조원중앙로 50, 1층 (신림동)",기타,1704193153,카페,성공
128,후후라운지,영업,서울특별시 관악구 신림동 1525-5 샘물교회,"서울특별시 관악구 호암로26가길 8, 샘물교회 1층 (신림동)",기타,1220614748,"카페,디저트",성공
131,ELSE 2F,영업,서울특별시 관악구 신림동 1517-1,"서울특별시 관악구 호암로26길 72, 2층 201호 (신림동)",기타,2058780799,카페,성공
133,토마 화실,영업,서울특별시 관악구 신림동 120-32 합격의터독서실,"서울특별시 관악구 복은4길 50, 합격의터독서실 2층 (신림동)",기타,1514387246,테마카페,성공
139,145라운지,영업,서울특별시 관악구 신림동 1640-40,"서울특별시 관악구 신림로59길 10, 2층 (신림동)",기타,2043365786,스터디카페,성공
148,우디빈,영업,서울특별시 관악구 신림동 1451-1,"서울특별시 관악구 관천로22길 54, 1층 (신림동)",기타,2023096755,카페,성공
150,프레오커피(FREO COFFEE),영업,서울특별시 관악구 신림동 498-1,"서울특별시 관악구 신사로 126, 1층 (신림동)",기타,1939055222,"카페,디저트",성공
154,신사동커피집,영업,서울특별시 관악구 신림동 480-15,"서울특별시 관악구 조원로 157, 1층 (신림동)",기타,1619870927,카페,성공
157,플레이온 보드게임카페,영업,서울특별시 관악구 신림동 1639-8,"서울특별시 관악구 남부순환로 1592, 3층 (신림동)",기타,1484193398,보드카페,성공
161,카페 플롬,영업,서울특별시 관악구 신림동 1656,"서울특별시 관악구 조원로2길 7, 1층 (신림동)",기타,1379944822,"카페,디저트",성공
171,카페레이브,영업,서울특별시 관악구 신림동 1433-102,"서울특별시 관악구 남부순환로 1591, 1층 (신림동)",기타,1719362573,"카페,디저트",성공
172,카페 하나,영업,서울특별시 관악구 신림동 706-50,"서울특별시 관악구 난곡로 199, 2층 (신림동)",기타,1775331613,"카페,디저트",성공
175,달달브런치,영업,서울특별시 관악구 신림동 503-4,"서울특별시 관악구 조원로 129, 1층 (신림동)",기타,1618369911,"카페,디저트",성공
177,크로플집,영업,서울특별시 관악구 신림동 508-18,"서울특별시 관악구 남부순환로153길 2, 1층 (신림동)",기타,1780360023,"카페,디저트",성공
179,카페사계,영업,서울특별시 관악구 신림동 517-57,"서울특별시 관악구 난곡로 364-1, 1층 (신림동)",기타,1278233184,테이크아웃커피,성공
182,애담커피,영업,서울특별시 관악구 신림동 527-11,"서울특별시 관악구 난곡로66길 14, 1층 03호 (신림동)",기타,1644163778,"카페,디저트",성공
189,플러스82 신림점,영업,서울특별시 관악구 신림동 1418-33,"서울특별시 관악구 신림로68길 39, 1층 (신림동)",기타,2020440927,"카페,디저트",성공
190,텐퍼센트커피 신림역점,영업,서울특별시 관악구 신림동 1422-26,"서울특별시 관악구 남부순환로181길 7, 1층 (신림동)",기타,1218777832,카페,성공
191,FOAM & normal (폼앤노말),영업,서울특별시 관악구 신림동 1432-119,"서울특별시 관악구 신림로67길 25, 1층 (신림동)",기타,1364105775,"카페,디저트",성공
194,카페레이어&베이커리 3호점,영업,서울특별시 관악구 신림동 1432-12 Lusid,"서울특별시 관악구 신림동1길 8, Lusid 지하1층 (신림동)",기타,1827929271,"카페,디저트",성공
210,카페캘리 본점,영업,서울특별시 관악구 신림동 409-191,"서울특별시 관악구 신림로 261, 4층 (신림동)",기타,1712594911,"카페,디저트",성공
211,달달스콘,영업,서울특별시 관악구 신림동 503-4,"서울특별시 관악구 조원로 129, 지하1층 (신림동)",기타,1618369911,"카페,디저트",성공
212,모꼬지,영업,서울특별시 관악구 신림동 676-35,"서울특별시 관악구 난향길 12, 지하1층 (신림동)",기타,1602699129,카페,성공
214,에놀라 톤,영업,서울특별시 관악구 신림동 498-55,"서울특별시 관악구 신사로 114, 1층 (신림동)",기타,1056333393,카페,성공
217,키키's 버터,영업,서울특별시 관악구 신림동 610-118,"서울특별시 관악구 법원단지길 137, 지하1층 B02,03호 (신림동)",기타,1231065108,"카페,디저트",성공
218,비행커피,영업,서울특별시 관악구 신림동 1568-11,"서울특별시 관악구 난곡로 290, 1층 (신림동)",기타,2078841652,카페,성공
219,휘라이브,영업,서울특별시 관악구 신림동 607-30,"서울특별시 관악구 난곡로 234, 지하1층 (신림동)",기타,1722657106,라이브카페,성공
220,라이클린 로스터리,영업,서울특별시 관악구 신림동 86-10,"서울특별시 관악구 신림로58길 20, 3층 (신림동)",기타,2088653626,"카페,디저트",성공
227,메이지커피,영업,서울특별시 관악구 신림동 1472-1,"서울특별시 관악구 관천로 53, 별빛내린천 일대 (신림동)",기타,1870963849,"카페,디저트",성공
228,마티스커피,영업,서울특별시 관악구 신림동 1472-1,"서울특별시 관악구 관천로 53, 별빛내린천 일대 (신림동)",기타,37057223,"카페,디저트",성공
235,우체국 옆 빵집,영업,서울특별시 관악구 신림동 244-175,"서울특별시 관악구 대학5길 36, 1층 (신림동)",기타,1942413696,베이커리,성공
237,원브릿지,영업,서울특별시 관악구 신림동 246-46,"서울특별시 관악구 대학7길 2, 1층 (신림동)",기타,38299517,"카페,디저트",성공
244,플랙,영업,서울특별시 관악구 신림동 246-49,"서울특별시 관악구 대학길 47, 2층 202호 (신림동)",기타,1392235056,"카페,디저트",성공
245,빌베이커리,영업,서울특별시 관악구 신림동 1472-1,"서울특별시 관악구 관천로 53, 별빛내린천 일대 (신림동)",기타,1784361445,베이커리,성공
247,라쁘띠뜨망,영업,서울특별시 관악구 신림동 408-38,"서울특별시 관악구 신림로29길 4-35, 지1층 (신림동)",기타,2050447676,베이커리,성공
248,1.5도씨,영업,서울특별시 관악구 신림동 522-6,"서울특별시 관악구 조원로20길 29, 1층 101호 (신림동)",기타,1962810174,"카페,디저트",성공
249,저스트 로맨틱,영업,서울특별시 관악구 신림동 116-23,"서울특별시 관악구 신림로 134, 1층 102호 (신림동)",기타,1967361178,"카페,디저트",성공
251,데니스커피 신림점,영업,서울특별시 관악구 신림동 1413-10,"서울특별시 관악구 남부순환로187길 13, 1층 (신림동)",기타,1207357437,"카페,디저트",성공
256,RED(레드),영업,서울특별시 관악구 신림동 1533-3,"서울특별시 관악구 신림로23길 34, 지하1층 (신림동)",기타,1916353899,보드카페,성공
260,요거트홀릭 신림직영점,영업,서울특별시 관악구 신림동 1464-2 1층,"서울특별시 관악구 관천로11길 5, 1층 (신림동)",기타,2005282716,"카페,디저트",성공
263,디저트문,영업,서울특별시 관악구 신림동 1432-64,"서울특별시 관악구 신림로67길 9, 1층 101호 (신림동)",기타,1241186754,"카페,디저트",성공
273,컴포즈커피 신림녹두점,영업,서울특별시 관악구 신림동 238-9,"서울특별시 관악구 신림로 85, 1층 (신림동)",기타 휴게음식점,2068091364,카페,성공
274,원플레이 신림점,영업,서울특별시 관악구 신림동 1640-13,"서울특별시 관악구 신림로 329, 4층 (신림동)",기타 휴게음식점,2013358473,"카페,디저트",성공
299,빽다방구로KT점,영업,서울특별시 관악구 신림동 1668-15 ,"서울특별시 관악구 남부순환로 1377, 1층 2호 (신림동)",기타 휴게음식점,1029033839,테이크아웃커피,성공
300,THE ROASTER 59(더 로스터 59),영업,서울특별시 관악구 신림동 산 56-1번지 서울대학교 ,"서울특별시 관악구 관악로 1, 서울대학교 59-1동 2층 (신림동)",기타 휴게음식점,1424283144,카페,성공
301,그리니,영업,서울특별시 관악구 신림동 1578-13 ,"서울특별시 관악구 남부순환로172길 36, 1층 101호 (신림동)",기타 휴게음식점,1727180045,"카페,디저트",성공
306,Label Board Cafe(레이블 보드게임 카페),영업,서울특별시 관악구 신림동 1639-32 ,"서울특별시 관악구 남부순환로176길 18, 4층 (신림동)",기타 휴게음식점,1360724333,보드카페,성공
309,쉬즈베이글,영업,서울특별시 관악구 신림동 531-11 ,"서울특별시 관악구 조원로22길 36, 1층 (신림동)",기타 휴게음식점,1563344219,"카페,디저트",성공
314,걸작커피,영업,서울특별시 관악구 신림동 459-1 ,"서울특별시 관악구 관천로 113, 1층 (신림동)",기타 휴게음식점,36935851,"카페,디저트",성공
315,사과당 서울대점,영업,서울특별시 관악구 신림동 118-6 ,"서울특별시 관악구 신림로12길 1, 1~2층 (신림동)",기타 휴게음식점,1790241828,"카페,디저트",성공
319,민스가베,영업,서울특별시 관악구 신림동 1694번지 신림현대아파트 ,"서울특별시 관악구 신림로29길 3-20, 신림현대아파트 3층 339,340,341호 (신림동)",기타 휴게음식점,1797598166,"카페,디저트",성공
320,더리터신림점,영업,서울특별시 관악구 신림동 1441-28 ,"서울특별시 관악구 신림로71길 46, 지하1층 b02호 (신림동)",기타 휴게음식점,1645703637,테이크아웃커피,성공
322,세미온,영업,서울특별시 관악구 신림동 1538-19 ,"서울특별시 관악구 호암로22길 81, 1층 (신림동)",기타 휴게음식점,13474262,카페,성공
325,카페드림,영업,서울특별시 관악구 신림동 산 56-1 서울대학교 ,"서울특별시 관악구 관악로 1, 서울대학교 140동 2층 (신림동)",기타 휴게음식점,1540832616,카페,성공
334,과일담은 요거트 맛집 yomat,영업,서울특별시 관악구 신림동 1416-22 ,"서울특별시 관악구 신림로70길 27, 1층 102호 (신림동)",기타 휴게음식점,1803139377,"카페,디저트",성공
342,로플봉봉,영업,서울특별시 관악구 신림동 1635-63 ,"서울특별시 관악구 신원로 8-1, 1층 (신림동)",기타 휴게음식점,1416781494,"카페,디저트",성공
343,빵장수단팥빵cafe 신림점,영업,서울특별시 관악구 신림동 1422-22 ,"서울특별시 관악구 남부순환로 1625, 1층 (신림동)",기타 휴게음식점,1360941313,베이커리,성공
351,데이지 커피,영업,서울특별시 관악구 신림동 395-12 ,"서울특별시 관악구 신림로 153, 1층 (신림동)",기타 휴게음식점,1132660068,카페,성공
359,Cafe 912,영업,서울특별시 관악구 신림동 1592-7,"서울특별시 관악구 신원로3길 42, 101호 (신림동)",기타 휴게음식점,2003414258,"카페,디저트",성공
363,디저트39 신림역점,영업,서울특별시 관악구 신림동 1638-15,"서울특별시 관악구 신원로 39, 1층 (신림동)",기타 휴게음식점,1052170513,카페,성공
366,슈크렘 타로카페,영업,서울특별시 관악구 신림동 465-26,"서울특별시 관악구 남부순환로 1545, 1층 102호 (신림동)",커피숍,1531326127,테이크아웃커피,성공
369,무망,영업,서울특별시 관악구 신림동 485-28,"서울특별시 관악구 남부순환로161길 36, 상가1칸호 (신림동)",커피숍,2084494346,카페,성공
371,백억커피 신림점,영업,서울특별시 관악구 신림동 1459-4,"서울특별시 관악구 신림동7길 8, 1층 101호 (신림동)",커피숍,1312025848,"카페,디저트",성공
374,소소한행복,영업,서울특별시 관악구 신림동 567-20번지 ,"서울특별시 관악구 남부순환로131길 21, 1층 (신림동)",커피숍,1285653511,"카페,디저트",성공
375,그릿 커피랩 신림점,영업,서울특별시 관악구 신림동 1459-27 지산 ,"서울특별시 관악구 신림동길 33, 지산 1층 (신림동)",커피숍,1048850623,카페,성공
376,빽다방 신림역2호점,영업,서울특별시 관악구 신림동 1641-9 ,"서울특별시 관악구 신림로 324, 1층 (신림동)",커피숍,38457003,테이크아웃커피,성공
380,커피 브륄레,영업,서울특별시 관악구 신림동 1680-31 ,"서울특별시 관악구 문성로 114, 1층 (신림동)",커피숍,1056333393,카페,성공
382,하삼동커피 신림난곡점,영업,서울특별시 관악구 신림동 611-30 우석빌딩 ,"서울특별시 관악구 법원단지길 28, 우석빌딩 1층 102호 (신림동)",커피숍,1225546918,카페,성공
383,이디야커피(신림대학동점),영업,서울특별시 관악구 신림동 1514-5번지 ,"서울특별시 관악구 호암로26길 17, 1층 (신림동)",커피숍,1005767607,카페,성공
384,파스쿠찌 서울대관정도서관점,영업,서울특별시 관악구 신림동 산 56-1 서울대학교,"서울특별시 관악구 관악로 1, 서울대학교 관정도서관 2,3층 (신림동)",커피숍,1997196431,카페,성공
386,컴포즈커피,영업,서울특별시 관악구 신림동 1639-2 ,"서울특별시 관악구 남부순환로 1590, 1층 (신림동)",커피숍,1643031984,카페,성공
387,블루포트 서울대점,영업,서울특별시 관악구 신림동 산 56-1번지 서울대학교 ,"서울특별시 관악구 관악로 1, 외국인학생기숙사 916동 지하1층 B118호 (신림동)",커피숍,1955366992,"카페,디저트",성공
388,궁전다방,영업,서울특별시 관악구 신림동 1570-5번지 ,"서울특별시 관악구 남부순환로 1500, 1층 (신림동)",커피숍,1046462121,"카페,디저트",성공
390,앙니드 베이커리카페,영업,서울특별시 관악구 신림동 409-4 ,"서울특별시 관악구 신림로 255, 1층 2호 (신림동)",커피숍,1305603845,베이커리,성공
391,쉬즈베이글,영업,서울특별시 관악구 신림동 1433-227번지 ,"서울특별시 관악구 신림로65길 43, 1층 (신림동)",커피숍,1563344219,"카페,디저트",성공
394,프롬 카페(from. cafe),영업,서울특별시 관악구 신림동 409-13 ,"서울특별시 관악구 서원길 5, 지하1층 (신림동)",커피숍,1109512088,"카페,디저트",성공
395,벙커(Bunker),영업,서울특별시 관악구 신림동 530-2번지 ,"서울특별시 관악구 난곡로 327-1, 1층 102호 (신림동)",커피숍,1179912466,카페,성공
396,마마메이드,영업,서울특별시 관악구 신림동 100-14,"서울특별시 관악구 복은길 46, 1층 (신림동)",커피숍,1305054894,"카페,디저트",성공
397,디자이너리 카페,영업,서울특별시 관악구 신림동 1465-12 ,"서울특별시 관악구 관천로 71-1, 4층 (신림동)",커피숍,1918745789,"카페,디저트",성공
399,빽다방 신림난곡점,영업,서울특별시 관악구 신림동 635-22번지 ,"서울특별시 관악구 난곡로 178, 1층 (신림동)",커피숍,1290096961,테이크아웃커피,성공
401,엄마 커피,영업,서울특별시 관악구 신림동 1695 신림동부아파트 ,"서울특별시 관악구 신원로 26, 1층 135호 (신림동, 신림동부아파트)",커피숍,1294072724,"카페,디저트",성공
405,메가엠지씨커피 서울남부초교점,영업,서울특별시 관악구 신림동 465-32 ,"서울특별시 관악구 남부순환로 1541, 1층 (신림동)",커피숍,1268873432,카페,성공
410,더벤티 서울대점,영업,서울특별시 관악구 신림동 산 56-1 서울대학교 ,"서울특별시 관악구 관악로 1, 서울대학교 200동 2층 2007A호 (신림동)",커피숍,1187532959,카페,성공
411,도로시쿠케 Dorothycookae,영업,서울특별시 관악구 신림동 1654-26 ,"서울특별시 관악구 조원로2가길 27, 1층 102호 (신림동)",커피숍,1661255254,베이커리,성공
414,더벤티 신림역점,영업,서울특별시 관악구 신림동 1640-10 ,"서울특별시 관악구 남부순환로 1612, 1 ~ 3층 (신림동)",커피숍,1982772287,카페,성공
415,빽다방 신림대학점,영업,서울특별시 관악구 신림동 1522-2 웰탑스터디독서실 ,"서울특별시 관악구 신림로23길 21, 웰탑스터디독서실 1층 (신림동)",커피숍,1236503485,테이크아웃커피,성공
416,매머드익스프레스 신림역점,영업,서울특별시 관악구 신림동 1421-29 에스케이허브그린 ,"서울특별시 관악구 신림로 344, 에스케이허브그린 제1층 제102,103호 (신림동)",커피숍,1214692158,카페,성공
417,페이브 베이커리 서울대점,영업,서울특별시 관악구 신림동 103-201 이화,"서울특별시 관악구 서림길 127, 이화 지하1층 (신림동)",커피숍,1497991392,"카페,디저트",성공
422,카페디딤,영업,서울특별시 관악구 신림동 238-10 ,"서울특별시 관악구 신림로 89, 2층 (신림동)",커피숍,1380422398,카페,성공
424,슬지로운생활,영업,서울특별시 관악구 신림동 1515-11번지 ,"서울특별시 관악구 호암로26길 25, 1층 (신림동)",커피숍,1112345208,"카페,디저트",성공
425,진서의 정원,영업,서울특별시 관악구 신림동 1639-31번지 ,"서울특별시 관악구 남부순환로176길 16, 1~2층 (신림동)",커피숍,38522303,카페,성공
426,커피마마,영업,서울특별시 관악구 신림동 1516-3번지 ,서울특별시 관악구 신림로 105 (신림동),커피숍,1254208217,카페,성공
428,릴띵스(lilthings),영업,서울특별시 관악구 신림동 499-44 형제빌딩 ,"서울특별시 관악구 난곡로78길 27, 1층 103호 (신림동, 형제빌딩)",커피숍,1381172750,"카페,디저트",성공
431,디저트 참 잘하는집 신림점,영업,서울특별시 관악구 신림동 526-5 아트빌,"서울특별시 관악구 남부순환로151길 9, 1층 101호 (신림동, 아트빌)",커피숍,2000492859,"카페,디저트",성공
434,데이굿(DAY GOOD),영업,서울특별시 관악구 신림동 1636-61 남영빌딩 ,"서울특별시 관악구 신원로 10, 남영빌딩 2층 (신림동)",커피숍,1098294111,"카페,디저트",성공
435,카페뉴욕 신림점,영업,서울특별시 관악구 신림동 122-33 ,"서울특별시 관악구 신림로14길 26, 1층 (신림동)",커피숍,1540298496,카페,성공
437,플러스82 관악남부점,영업,서울특별시 관악구 신림동 255-13 ,"서울특별시 관악구 대학14길 7, 1층 (신림동)",커피숍,1208615576,"카페,디저트",성공
439,바나타이거(양산점),영업,서울특별시 관악구 신림동 403-9 ,"서울특별시 관악구 양산길 1, 1층 (신림동)",커피숍,1660429666,"카페,디저트",성공
442,카페스토어,영업,서울특별시 관악구 신림동 1532-16 목민당 ,"서울특별시 관악구 호암로22길 11, 목민당 1층 (신림동)",커피숍,647777309,"차,커피",성공
443,컴포즈커피 신림신화교점,영업,서울특별시 관악구 신림동 408-40,"서울특별시 관악구 신림로 199, 1층 (신림동)",커피숍,2026148277,카페,성공
445,attendo(아텐도),영업,서울특별시 관악구 신림동 1433-99 ,"서울특별시 관악구 남부순환로 1593-5, 1층 (신림동)",커피숍,1960955361,"카페,디저트",성공
446,인더숲,영업,서울특별시 관악구 신림동 1651-9 ,"서울특별시 관악구 조원로 32, 1층 (신림동)",커피숍,38510986,"카페,디저트",성공
448,카페느티나무도서관점,영업,서울특별시 관악구 신림동 산 56-1 ,"서울특별시 관악구 관악로 1, 3층 (신림동, 중앙도서관)",커피숍,1520414021,"카페,디저트",성공
449,카페한보리,영업,서울특별시 관악구 신림동 487-8번지 ,"서울특별시 관악구 남부순환로 1529-1, 1층 (신림동)",커피숍,1807150828,카페,성공
453,밀크커피,영업,서울특별시 관악구 신림동 1421-35번지 ,"서울특별시 관악구 신림로64길 23, 1층 (신림동)",커피숍,1643031984,카페,성공
455,엔제리너스 대학점,영업,서울특별시 관악구 신림동 1520-1번지 ,"서울특별시 관악구 호암로26길 40, 지하1~2층 (신림동)",커피숍,378139764,카페,성공
456,투썸플레이스 신림녹두거리점,영업,서울특별시 관악구 신림동 1515번지 ,"서울특별시 관악구 신림로 127, 1층 103, 104호 (신림동)",커피숍,1217995767,카페,성공
460,빽다방 신림역2호점,영업,서울특별시 관악구 신림동 1641-12번지 ,"서울특별시 관악구 신림로 322, 1층 (신림동)",커피숍,38457003,테이크아웃커피,성공
464,네이밍카페커피GO!#1,영업,서울특별시 관악구 신림동 538-1번지 ,"서울특별시 관악구 난곡로 317, 1~2층 (신림동)",커피숍,1359237619,카페,성공
465,이디야커피(신림패션문화점),영업,서울특별시 관악구 신림동 1451-2번지 ,"서울특별시 관악구 봉천로6길 24, 1층 (신림동)",커피숍,1371289444,카페,성공
468,cafe 66(카페 66),영업,서울특별시 관악구 신림동 667-5 ,"서울특별시 관악구 난곡로 90, 2-3층 전체호 (신림동)",커피숍,1915060705,"카페,디저트",성공
469,커피당,영업,서울특별시 관악구 신림동 237-27번지 ,"서울특별시 관악구 신림로 73, 1층 103호 (신림동)",커피숍,1531844861,"카페,디저트",성공
470,스타벅스 신림DT점,영업,서울특별시 관악구 신림동 564-12 ,"서울특별시 관악구 남부순환로 1419, 1, 2층 (신림동)",커피숍,1830884794,카페,성공
471,탐앤탐스 삼모타워 신림역점,영업,서울특별시 관악구 신림동 1638-1번지 ,"서울특별시 관악구 신원로 35, 1층 (신림동)",커피숍,323723978,카페,성공
473,카페마실,영업,서울특별시 관악구 신림동 96-52번지 ,"서울특별시 관악구 서림1길 5, 1층 (신림동)",커피숍,1960060661,카페,성공
474,벨라벨로카페(Bella-Bello cafe),영업,서울특별시 관악구 신림동 1474-8 ,서울특별시 관악구 난곡로63길 30 (신림동),커피숍,971101219,"카페,디저트",성공
475,반지만들기 카페,영업,서울특별시 관악구 신림동 1422-38번지 ,"서울특별시 관악구 남부순환로 1617, 2층 (신림동)",커피숍,38278999,테마카페,성공
476,달다어요,영업,서울특별시 관악구 신림동 1419-23 ,"서울특별시 관악구 신림로68길 38, 1층 (신림동)",커피숍,1661297266,"카페,디저트",성공
477,이디야,영업,서울특별시 관악구 신림동 241-22번지 ,"서울특별시 관악구 신림로 91, 1층 10호 (신림동)",커피숍,1193669288,카페,성공
479,데니스커피 남강점,영업,서울특별시 관악구 신림동 706-47번지 ,"서울특별시 관악구 난곡로 195, 101,201호 (신림동)",커피숍,37437869,카페,성공
480,이설하 베이커리 카페,영업,서울특별시 관악구 신림동 1643 ,"서울특별시 관악구 시흥대로 578, 1층 (신림동)",커피숍,1768477892,베이커리,성공
484,55커피,영업,서울특별시 관악구 신림동 1596-6 ,"서울특별시 관악구 신원로3길 30, 지1층 (신림동)",커피숍,1918745789,"카페,디저트",성공
486,카페라움(CAFE RAUM),영업,서울특별시 관악구 신림동 587-29 ,"서울특별시 관악구 난곡로42길 3, 1층 (신림동)",커피숍,1247006312,"카페,디저트",성공
488,cup&coffee 컵앤커피,영업,서울특별시 관악구 신림동 251-254 ,"서울특별시 관악구 신림로11길 139, 지하1층 (신림동)",커피숍,1983267165,카페,성공
489,미남커피,영업,서울특별시 관악구 신림동 561-4번지 ,"서울특별시 관악구 조원로 56, 1층 (신림동)",커피숍,36782594,"카페,디저트",성공
495,G-CAFE,영업,서울특별시 관악구 신림동 1571-2번지 ,"서울특별시 관악구 남부순환로 1514, 1,2층 (신림동)",커피숍,515130085,카페,성공
499,카페오아시아,영업,서울특별시 관악구 신림동 209-1번지 ,"서울특별시 관악구 신림로3길 35, 2층 (신림동, 관악문화관도서관)",커피숍,1911048461,"카페,디저트",성공
500,커피브라운,영업,서울특별시 관악구 신림동 1484-5번지 지상1층 ,"서울특별시 관악구 남부순환로142길 7, 지상1층 (신림동)",커피숍,31259521,카페,성공
501,엣홈,영업,서울특별시 관악구 신림동 1517-7번지 율곡타운 지하1층 ,"서울특별시 관악구 신림로15길 9, 지하1층 (신림동, 율곡타운)",커피숍,102241347,카페,성공
505,냥빵,영업,서울특별시 관악구 신림동 539-1 ,"서울특별시 관악구 조원로16가길 26 (신림동, 지상1층)",커피숍,1855487569,베이커리,성공
506,이디야 신림미성점,영업,서울특별시 관악구 신림동 587-122번지 ,"서울특별시 관악구 난곡로 250, 1층 (신림동)",커피숍,110671228,카페,성공
507,이디야 신림미성점,영업,서울특별시 관악구 신림동 587-122번지 ,"서울특별시 관악구 난곡로 250, 2층 (신림동)",커피숍,110671228,카페,성공
509,파스쿠찌 센트로서울대점,영업,서울특별시 관악구 신림동 산 56-1 서울대학교 사범대학 간이식당 111동,"서울특별시 관악구 관악로 1, 111동 (신림동,서울대학교 사범대학 간이식당)",커피숍,33752525,카페,성공
510,아마스빈버블티,영업,서울특별시 관악구 신림동 1532-20번지 ,"서울특별시 관악구 호암로22길 21 (신림동, 지상1층)",커피숍,36476370,카페,성공
511,스타벅스 신림타임스트림점,영업,서울특별시 관악구 신림동 1641-2 ,"서울특별시 관악구 신림로 330, 1층 (신림동)",커피숍,13157495,카페,성공
513,투썸플레이스 신림로점,영업,서울특별시 관악구 신림동 1641-107번지 ,"서울특별시 관악구 신림로 328, 1~3층 (신림동)",커피숍,37171967,카페,성공
514,카페느티나무 음대점,영업,서울특별시 관악구 신림동 산 56-1 ,서울특별시 관악구 관악로 1 (신림동),커피숍,1999335528,"카페,디저트",성공
515,구동커피,영업,서울특별시 관악구 신림동 1536-11 ,"서울특별시 관악구 신림로17길 42, 1층 (신림동)",커피숍,1144927419,카페,성공
516,벧엘카페,영업,서울특별시 관악구 신림동 607-73번지 ,서울특별시 관악구 난곡로 220 (신림동),커피숍,1482113495,카페,성공
519,컴포즈커피 신림대학점,영업,서울특별시 관악구 신림동 1534번지 ,"서울특별시 관악구 호암로24길 32, 1층 (신림동)",커피숍,1822231387,카페,성공
520,카페느티나무 동원관점,영업,서울특별시 관악구 신림동 산 56-1 서울대학교 ,"서울특별시 관악구 관악로 1, 서울대학교 동원생활관 1층 (신림동)",커피숍,1144559476,카페,성공
522,UNSIDE COFFEE ROASTERS(언사이드 커피 로스터스),영업,서울특별시 관악구 신림동 520-1 ,"서울특별시 관악구 난곡로75길 11, 1층 (신림동)",커피숍,1013844484,"카페,디저트",성공
524,만랩커피 신림별빛거리점,영업,서울특별시 관악구 신림동 1436-23 금탑오피스텔 ,"서울특별시 관악구 신림동7길 29, 금탑오피스텔 1층 (신림동)",커피숍,1551847347,카페,성공
525,카페 오름,영업,서울특별시 관악구 신림동 1735-10 성민교회 ,"서울특별시 관악구 난곡로 38, 성민교회 1층 (신림동)",커피숍,1017693785,"카페,디저트",성공
532,스타벅스 신림점,영업,서울특별시 관악구 신림동 1432-71 ,"서울특별시 관악구 신림로 355-1, 1~3층 (신림동)",커피숍,13096769,카페,성공
533,카페여기,영업,서울특별시 관악구 신림동 1533-14 대용빌딩 ,"서울특별시 관악구 호암로22길 31, 대용빌딩 1층 (신림동)",커피숍,13154932,카페,성공
535,폴커피,영업,서울특별시 관악구 신림동 543-1 ,"서울특별시 관악구 조원중앙로2길 132, 1층 (신림동)",커피숍,1143200852,"카페,디저트",성공
536,국민우유집 신림점,영업,서울특별시 관악구 신림동 1639-23 ,"서울특별시 관악구 남부순환로 1596, 나동 1층 (신림동)",커피숍,1637921365,"카페,디저트",성공
537,아토커피 신림점,영업,서울특별시 관악구 신림동 463-74 ,"서울특별시 관악구 관천로 79, 1층 (신림동)",커피숍,1539251371,"카페,디저트",성공
538,김빙수,영업,서울특별시 관악구 신림동 96-108 ,"서울특별시 관악구 서림길 23, 1층 (신림동)",커피숍,1212964012,"카페,디저트",성공
539,바나다커피 신림신원점,영업,서울특별시 관악구 신림동 1628-87 ,"서울특별시 관악구 신원로 1, 1층 (신림동)",커피숍,1895198982,카페,성공
541,마이요거트립(My Yogurtrip),영업,서울특별시 관악구 신림동 1449-4 ,"서울특별시 관악구 관천로22길 27, 1층 101호 (신림동)",커피숍,1175670813,"카페,디저트",성공
545,더벤티구로힐스테이트점,영업,서울특별시 관악구 신림동 1653 ,"서울특별시 관악구 조원로 20, 1층 (신림동)",커피숍,1539358716,카페,성공
546,백억커피 구로점,영업,서울특별시 관악구 신림동 1666-1 컴펙트룸 ,"서울특별시 관악구 시흥대로160길 12, 컴펙트룸 1층 (신림동)",커피숍,1097023072,"카페,디저트",성공
548,Mono Hertz(모노헤르쯔),영업,서울특별시 관악구 신림동 86-35 ,"서울특별시 관악구 신림로58길 14, 2층 (신림동)",커피숍,1938249972,카페,성공
550,POPO archive(포포 아카이브),영업,서울특별시 관악구 신림동 94-122 자성원 ,"서울특별시 관악구 신림로36길 10, 자성원 제1층 (신림동)",커피숍,1734484471,카페,성공
551,Coffee Planet(커피 플래닛),영업,서울특별시 관악구 신림동 1570-9 ,"서울특별시 관악구 남부순환로 1508, 1층 (신림동)",커피숍,1508042416,"카페,디저트",성공
553,컴포즈커피 신림난곡점,영업,서울특별시 관악구 신림동 608-38,"서울특별시 관악구 난우길 14, 1층 (신림동)",커피숍,1068150557,카페,성공
556,오스커피하우스,영업,서울특별시 관악구 신림동 1523-1 일성트루엘 ,"서울특별시 관악구 신림로23길 16, 일성트루엘 1층 1025호 (신림동)",커피숍,1077677949,카페,성공
558,CAFE216,영업,서울특별시 관악구 신림동 676-5 ,"서울특별시 관악구 난향2길 8, 1층 (신림동)",커피숍,1695138319,"카페,디저트",성공
560,low position(로우 포지션),영업,서울특별시 관악구 신림동 537-20 ,"서울특별시 관악구 조원로16가길 51, 1층 (신림동)",커피숍,1618279134,"카페,디저트",성공
561,별의별카페,영업,서울특별시 관악구 신림동 1590-2 리치하우스 ,"서울특별시 관악구 신원로3길 47, 리치하우스 1층 (신림동)",커피숍,1201828532,"카페,디저트",성공
562,"?커피,MOCC",영업,서울특별시 관악구 신림동 727-15 ,"서울특별시 관악구 미성길 7, 1층 (신림동)",커피숍,1800387415,"카페,디저트",성공
563,메가엠지씨커피 신림역점,영업,서울특별시 관악구 신림동 1638-19 ,"서울특별시 관악구 신림로 321, 1층 102호 (신림동)",커피숍,1574600143,카페,성공
567,시티스트릿츠,영업,서울특별시 관악구 신림동 497-22 대흥빌딩 ,"서울특별시 관악구 신사로 128-1, 대흥빌딩 1층 (신림동)",커피숍,1342727521,카페,성공
568,카페일기,영업,서울특별시 관악구 신림동 1544 태양빌딩 ,"서울특별시 관악구 호암로22길 60, 태양빌딩 1층 (신림동)",커피숍,1094824071,"카페,디저트",성공
569,더 런드렛,영업,서울특별시 관악구 신림동 686-1 ,"서울특별시 관악구 난곡로 113, 2층 (신림동)",커피숍,1851637045,"카페,디저트",성공
570,나티(NAUGHTY),영업,서울특별시 관악구 신림동 1443-33 청우빌딩 ,"서울특별시 관악구 봉천로 226, 청우빌딩 1층 (신림동)",커피숍,1570414934,"카페,디저트",성공
572,카페오트르,영업,서울특별시 관악구 신림동 1680-13번지 ,"서울특별시 관악구 난곡로 259, 2층 (신림동)",커피숍,1381884935,"카페,디저트",성공
573,카페 리버스(Cafe Reverse),영업,서울특별시 관악구 신림동 1426-12 ,"서울특별시 관악구 신림로70길 14, 1층 (신림동)",커피숍,1983496552,"카페,디저트",성공
574,별별카롱,영업,서울특별시 관악구 신림동 1476-11 ,"서울특별시 관악구 난곡로51길 8, 1층 2호 (신림동)",커피숍,1344329132,베이커리,성공
576,Lee 집 coffee,영업,서울특별시 관악구 신림동 1450-43 ,"서울특별시 관악구 봉천로4길 15, 1층 2호 (신림동)",커피숍,19489918,카페,성공
578,빽다방 난곡세이브점,영업,서울특별시 관악구 신림동 726-7 ,"서울특별시 관악구 난곡로 217, 1층 (신림동)",커피숍,1045154346,테이크아웃커피,성공
579,카페 아이엔지 서울대자연과학대학점,영업,서울특별시 관악구 신림동 산 56-1 서울대학교 ,"서울특별시 관악구 관악로 1, 서울대학교 28동 2층 (신림동)",커피숍,1017556526,"카페,디저트",성공
582,카페게이트 관악신사로점,영업,서울특별시 관악구 신림동 475-46 명성빌딩 ,"서울특별시 관악구 신사로20길 9, 명성빌딩 1층 (신림동)",커피숍,1819247540,카페,성공
586,카페in하루,영업,서울특별시 관악구 신림동 1432-94 ,"서울특별시 관악구 신림로65길 14, 1층 (신림동)",커피숍,1349981277,"카페,디저트",성공
587,더리터 신림중앙점,영업,서울특별시 관악구 신림동 1544-1 ,"서울특별시 관악구 신림로17길 54, 1층 (신림동)",커피숍,1562842108,테이크아웃커피,성공
588,OJE COFFEE(오제커피),영업,서울특별시 관악구 신림동 1546 ,"서울특별시 관악구 신림로21길 39, 1층 (신림동)",커피숍,1460655572,카페,성공
590,카페 188,영업,서울특별시 관악구 신림동 10-11 차일드빌딩 ,"서울특별시 관악구 남부순환로188길 9, 차일드빌딩 1층 (신림동)",커피숍,1115883740,"카페,디저트",성공
591,카페봉봉,영업,서울특별시 관악구 신림동 1460-3번지 그랜드힐 ,"서울특별시 관악구 관천로12길 27, 1층 101호 (신림동, 그랜드힐)",커피숍,1416781494,"카페,디저트",성공
592,카페모닝듀,영업,서울특별시 관악구 신림동 1635-83번지 ,"서울특별시 관악구 문성로 221, 2층 (신림동)",커피숍,1386677667,"카페,디저트",성공
595,포레스트 하우스,영업,서울특별시 관악구 신림동 322-1 ,"서울특별시 관악구 원신길 208-1, 1층 (신림동)",커피숍,1455216595,"카페,디저트",성공
596,할리스커피 난곡사거리점,영업,서울특별시 관악구 신림동 526-13번지 ,"서울특별시 관악구 남부순환로 1489, 1~3층 (신림동)",커피숍,1737670746,카페,성공
597,킷사텐 신림점,영업,서울특별시 관악구 신림동 464-14 ,"서울특별시 관악구 남부순환로165길 12, 1층 (신림동)",커피숍,1027480533,"카페,디저트",성공
598,이디야,영업,서울특별시 관악구 신림동 92-32 서원동성당 ,"서울특별시 관악구 신림로46길 1, 서원동성당 지하1층 (신림동)",커피숍,1193669288,카페,성공
600,커피니쉬(COFFEE NISHE),영업,서울특별시 관악구 신림동 518-18 ,"서울특별시 관악구 신사로 86, 1층 101호 (신림동)",커피숍,1856741524,"카페,디저트",성공
602,읍천리382 신림점,영업,서울특별시 관악구 신림동 1451-3 ,"서울특별시 관악구 관천로20길 49, 1층 (신림동)",커피숍,1120003989,카페,성공
604,쉼 카페,영업,서울특별시 관악구 신림동 588-1 ,"서울특별시 관악구 난우길 39, 1층 (신림동)",커피숍,1609022623,"카페,디저트",성공
605,굽다방,영업,서울특별시 관악구 신림동 545-16 ,"서울특별시 관악구 남부순환로143가길 15, 1층 1호 (신림동)",커피숍,1692628817,"카페,디저트",성공
608,카페토리,영업,서울특별시 관악구 신림동 99-3 ,"서울특별시 관악구 복은길 53, 1층 103호 (신림동)",커피숍,1197052576,"카페,디저트",성공
609,백억커피,영업,서울특별시 관악구 신림동 607-124 ,"서울특별시 관악구 난곡로 232-1, 1층 (신림동)",커피숍,1097023072,"카페,디저트",성공
610,엔제리너스 구로디지털역점,영업,서울특별시 관악구 신림동 1643-6 ,"서울특별시 관악구 시흥대로 572, 1층 (신림동)",커피숍,21016946,카페,성공
612,메모,영업,서울특별시 관악구 신림동 727-31 ,"서울특별시 관악구 미성3길 17, 1층 (신림동)",커피숍,1477716258,카페,성공
614,빽다방 서원역점,영업,서울특별시 관악구 신림동 92-359 ,"서울특별시 관악구 신림로 264, 1층 (신림동)",커피숍,1835166524,테이크아웃커피,성공
616,노와드코코 베이커리,영업,서울특별시 관악구 신림동 492-19 ,"서울특별시 관악구 남부순환로161가길 8, 102호 (신림동)",커피숍,1890485523,베이커리,성공
617,콤마커피(comma coffee),영업,서울특별시 관악구 신림동 1635-44 ,"서울특별시 관악구 신원로4길 22, 1층 (신림동)",커피숍,1640660698,카페,성공
618,나인티스,영업,서울특별시 관악구 신림동 507-19 청다아트빌 ,"서울특별시 관악구 남부순환로157길 7, 1층 102호 (신림동, 청다아트빌)",커피숍,1855653925,카페,성공
622,스타벅스 신림녹두거리점,영업,서울특별시 관악구 신림동 1747 센터스퀘어 서울대점,"서울특별시 관악구 신림로 99, 1층 101,102,103,104호 (신림동, 센터스퀘어 서울대점)",커피숍,1728379266,카페,성공
623,카페게이트 신림별빛거리점,영업,서울특별시 관악구 신림동 1439-23 BIG TREE,"서울특별시 관악구 봉천로6길 51, 1층 101호 (신림동, BIG TREE)",커피숍,1811065408,카페,성공
624,컴포즈커피 서울대신양학술정보관3점,영업,서울특별시 관악구 신림동 산 56-1,"서울특별시 관악구 관악로 1, 16-1동 2층 (신림동, 신양학술정보관3)",커피숍,1792296532,카페,성공
625,카페 아래로 ARERO,영업,서울특별시 관악구 신림동 663,"서울특별시 관악구 난곡로10길 10, 2동 1,2,3층 (신림동)",커피숍,1875549112,"카페,디저트",성공
627,매머드커피 익스프레스 구로kt점,영업,서울특별시 관악구 신림동 1668-29 체나콜 빌,"서울특별시 관악구 조원중앙로1길 19, 1층 101호 (신림동, 체나콜 빌)",커피숍,2098871957,카페,성공
630,mug 공대,영업,서울특별시 관악구 신림동 산 56-1,"서울특별시 관악구 관악로 1, 44-1동 1층 (신림동, 신양학술정보관)",커피숍,18210653,테이크아웃커피,성공
631,신림마당,영업,서울특별시 관악구 신림동 251-19,"서울특별시 관악구 신림로11길 40, 지하1,1층 (신림동)",커피숍,1554220976,카페,성공
634,그릭하다,영업,서울특별시 관악구 신림동 1745 최강타워,"서울특별시 관악구 남부순환로180길 6, 지하1층 B101호 (신림동, 최강타워)",커피숍,2015517499,"카페,디저트",성공
636,할리스 신림점,영업,"서울특별시 관악구 신림동 1432-72 지하1층, 지상1,2층","서울특별시 관악구 신림로 353-1, 지하1, 지상1,2층 (신림동)",커피숍,20735237,카페,성공
637,투썸플레이스 신림서원역점,영업,서울특별시 관악구 신림동 409-100 동서리치,"서울특별시 관악구 신림로 247, 동서리치 B01호 (신림동)",커피숍,2067359701,카페,성공
638,카페룽고,영업,서울특별시 관악구 신림동 305,"서울특별시 관악구 호암로 534, 1층 (신림동)",커피숍,1786829226,카페,성공
639,cafe ACC,영업,서울특별시 관악구 신림동 1556-40 위룸원,"서울특별시 관악구 호암로20길 17, 위룸원 (신림동)",커피숍,2093585452,카페,성공
640,더벤티 신림점,영업,서울특별시 관악구 신림동 1424-11,"서울특별시 관악구 신림로 356, 1층 1호 (신림동)",커피숍,2075541493,카페,성공
641,히포커피 신림점,영업,서울특별시 관악구 신림동 127-72,"서울특별시 관악구 신림로12길 25, 지1층 (신림동)",커피숍,1891671120,"카페,디저트",성공
642,바나프레소 신림역점,영업,서울특별시 관악구 신림동 1433-44,"서울특별시 관악구 남부순환로 1605, 1층 (신림동)",커피숍,2013443678,카페,성공
643,스트릿캔 신림점,영업,서울특별시 관악구 신림동 1411-10,"서울특별시 관악구 남부순환로190길 6, 1층 우측 (신림동)",커피숍,1729254454,"카페,디저트",성공
644,매머드 익스프레스 신림대학점,영업,서울특별시 관악구 신림동 1514-9,"서울특별시 관악구 호암로26길 1, 1층 (신림동)",커피숍,1746293546,카페,성공
